hisse,sektor,donem,yayinci,fcf_funnel,puan,pd_mn,fd_favok,favok_marj,nb_favok,reel_buyume,gizli_pd,fcf_verim,funnel,kat,p_fd,p_marj,p_borc,p_buyume,p_gizli,p_mulk,p_kucuk,u_alacak,u_tms38,u_oynak,u_temettu,p_fcf,p_funnel,b_zarar_ama_favok,b_diger_gelir,b_istirak_zarari,b_durdurulan,uyari,bayrak
PLTUR,Servis Taşımacılığı ve Araç Kiralama,202606,10,4,14,3740,2.1,27,0.7,21,27,35.2,77,A,3,2,1,2,1,0,1,0,0,0,0,2,2,,,,,,
INDES,Teknolojik Ürün Ticareti,202606,9,4,13,9000,1.8,4,-0.1,25,26,25.0,73,A,3,0,2,2,1,0,1,0,0,0,0,2,2,,,,,,
AFYON,"Taş, Toprak, Çimento",202606,10,3,13,4488,3.0,27,-0.5,5,0,13.7,67,I,3,2,2,1,0,1,1,0,0,0,0,2,1,,,,,,
PCILT,Destek ve Hizmet,202606,9,4,13,3659,3.5,5,-1.6,39,23,21.3,87,A,3,0,2,2,1,0,1,0,0,0,0,2,2,,,,,,
GSDHO,Ulaştırma,202606,9,3,12,4050,1.3,112,-0.9,13,0,7.3,83,A,3,2,2,1,0,1,1,0,0,-1,0,1,2,,,,,MARJ_OYNAK,
TUREX,Servis Taşımacılığı ve Araç Kiralama,202606,8,4,12,6210,2.3,27,-0.2,9,6,10.9,85,A,3,2,2,1,0,1,1,0,0,-1,-1,2,2,,,,,MARJ_OYNAK TEMETTU_YOK,
KIMMR,Gıda Perakendeciliği,202606,8,4,12,2597,2.3,8,0.5,15,83,14.7,77,A,3,0,1,2,2,0,1,0,0,0,-1,2,2,,,,,TEMETTU_YOK,
EBEBK,Toptan ve Perakende Ticaret,202606,8,4,12,12816,2.8,13,0.0,20,,23.8,70,A,3,0,2,2,0,0,1,0,0,0,0,2,2,,,,,,
LMKDC,"Taş, Toprak, Çimento",202606,10,2,12,12430,3.3,36,-0.2,2,,4.8,83,A,3,2,2,1,0,1,1,0,0,0,0,0,2,,,,,,
NTGAZ,Enerji Üretim ve Dağıtım,202606,8,4,12,7673,3.3,23,-0.1,3,0,10.4,78,A,3,1,2,1,0,0,1,0,0,0,0,2,2,,,,,,
CEOEM,Destek ve Hizmet,202606,8,4,12,880,3.8,11,-2.9,21,4,21.7,90,A,3,0,2,2,0,0,1,0,0,0,0,2,2,,,,,,
MACKO,Destek ve Hizmet,202606,8,4,12,2350,4.0,50,0.0,-7,,24.0,75,A,3,2,2,0,0,0,1,0,0,0,0,2,2,,,,,,
TRENJ,Madencilik ve Taş Ocakçılığı,202606,10,2,12,25173,4.5,40,-2.1,69,10,-3.7,96,A,3,2,2,2,0,1,0,0,0,0,0,0,2,,,,,,
EGGUB,Kimya ve Plastik,202606,10,2,12,10050,4.7,47,-0.1,16,,4.1,93,A,3,2,2,2,0,1,1,0,0,-1,0,0,2,,,,,MARJ_OYNAK,
TNZTP,İlaç ve Sağlık,202606,10,2,12,10000,6.0,37,-0.5,10,20,-0.4,81,A,2,2,2,1,1,1,1,0,0,0,0,0,2,,,,,,
DGATE,Teknolojik Ürün Ticareti,202606,7,4,11,1875,1.8,5,-0.1,27,0,20.2,77,A,3,0,2,2,0,0,1,0,0,0,-1,2,2,,,,,TEMETTU_YOK,
BRKSN,İnşaat,202606,8,3,11,567,2.7,18,-0.8,-5,,28.1,63,I,3,1,2,0,0,1,1,0,0,0,0,2,1,,,,,,
DESA,"Tekstil, Giyim ve Deri",202606,7,4,11,4297,3.1,21,-1.6,-8,7,11.4,76,A,3,1,2,0,0,0,1,0,0,0,0,2,2,,X,,,,DIGER_GELIR
TRMET,Madencilik ve Taş Ocakçılığı,202606,9,2,11,50256,5.6,39,-2.2,69,5,-2.0,93,A,2,2,2,2,0,1,0,0,0,0,0,0,2,,,,,,
AHGAZ,Enerji Üretim ve Dağıtım,202606,7,4,11,122200,7.9,31,-1.9,9,0,14.0,82,A,2,2,2,1,0,1,0,0,0,0,-1,2,2,,,,,TEMETTU_YOK,
MERIT,Turizm,202606,8,3,11,4672,21.2,56,0.0,55,432,7.3,72,A,-1,2,2,2,2,0,1,0,0,0,0,1,2,,,,,,
DOHOL,Holding,202606,7,3,10,49095,1.3,24,-3.0,-15,29,45.5,68,I,3,1,2,0,1,0,0,0,0,0,0,2,1,,X,,,,DIGER_GELIR
GSDDE,Ulaştırma,202606,8,2,10,1755,2.1,47,-3.3,-2,3,-3.0,70,A,3,2,2,0,0,1,1,0,0,0,-1,0,2,,X,,,TEMETTU_YOK,DIGER_GELIR
ARASE,Enerji Üretim ve Dağıtım,202606,6,4,10,24300,2.4,26,0.1,-13,,11.1,74,A,3,2,1,0,0,0,0,0,0,0,0,2,2,,,,,,
MAVI,"Tekstil, Giyim ve Deri",202606,6,4,10,29461,2.6,18,-0.3,-1,,19.8,73,A,3,1,2,0,0,0,0,0,0,0,0,2,2,,,,,,
BNTAS,Ambalaj,202606,6,4,10,1335,2.9,14,-3.4,-2,,38.1,71,A,3,0,2,0,0,0,1,0,0,0,0,2,2,,X,,,,DIGER_GELIR
TBORG,Gıda ve İçecek,202606,8,2,10,40217,3.0,26,-0.1,4,0,-0.3,75,A,3,2,2,1,0,0,0,0,0,0,0,0,2,,,,,,
LILAK,Kağıt ve Kağıt Ürünleri,202606,7,3,10,13995,3.1,18,-2.0,-16,,23.1,62,I,3,1,2,0,0,0,1,0,0,0,0,2,1,,,,,,
KLKIM,Kimya ve Plastik,202606,8,2,10,10396,3.4,23,-0.5,5,4,3.5,82,A,3,1,2,1,0,0,1,0,0,0,0,0,2,,,,,,
BRISA,Otomotiv Yan Sanayi,202606,7,3,10,21999,3.5,16,0.7,0,,31.9,62,I,3,1,1,1,0,1,0,0,0,0,0,2,1,,,,,,
VBTYZ,Bilişim ve Yazılım,202606,7,3,10,2831,4.1,25,0.6,20,0,6.3,76,A,3,1,1,2,0,0,1,0,-1,0,0,1,2,,X,,,TMS38,DIGER_GELIR
SANEL,İnşaat,202606,6,4,10,584,4.6,34,0.0,0,4,25.7,72,A,3,2,2,0,0,0,1,0,0,-1,-1,2,2,,,,,MARJ_OYNAK TEMETTU_YOK,
EGPRO,Kimya ve Plastik,202606,8,2,10,18530,4.8,25,-0.1,6,3,2.8,77,A,3,1,2,1,0,1,0,0,0,0,0,0,2,,,,,,
LOGO,Bilişim ve Yazılım,202606,7,3,10,14250,5.5,34,-0.4,7,10,8.6,83,A,2,2,2,1,0,0,1,0,-1,0,0,1,2,,,,,TMS38,
ATATP,Bilişim ve Yazılım,202606,8,2,10,22453,5.6,71,-0.1,26,,-0.2,85,A,2,2,2,2,0,0,0,0,0,0,0,0,2,,,,,,
GRSEL,Servis Taşımacılığı ve Araç Kiralama,202606,8,2,10,28050,6.0,33,-0.3,2,5,1.3,82,A,2,2,2,1,0,1,0,0,0,0,0,0,2,,,,,,
PKART,Bilişim ve Yazılım,202606,7,3,10,2070,6.8,10,-0.4,18,,5.9,87,A,2,0,2,2,0,0,1,0,0,0,0,1,2,,,,,,
CLEBI,Ulaştırma,202606,7,3,10,32829,6.9,28,1.1,71,3,7.1,88,A,2,2,1,2,0,0,0,0,0,0,0,1,2,,,,,,
TRALT,Madencilik ve Taş Ocakçılığı,202606,8,2,10,138732,11.6,41,-2.1,80,1,-0.6,96,A,1,2,2,2,0,1,0,0,0,0,0,0,2,,,,,,
DERIM,"Tekstil, Giyim ve Deri",202606,5,4,9,1441,1.9,10,-1.1,-13,,24.4,78,A,3,0,2,0,0,0,1,0,0,0,-1,2,2,,,,,TEMETTU_YOK,
BIGCH,Gıda ve İçecek,202606,7,2,9,2070,2.1,24,0.6,1,,13.3,53,B,3,1,1,1,0,0,1,0,0,0,0,2,0,,,,,,
MOPAS,Gıda Perakendeciliği,202606,7,2,9,5089,2.1,10,-0.3,4,,0.2,73,A,3,0,2,1,0,0,1,0,0,0,0,0,2,,,,,,
GEDZA,Ambalaj,202606,9,0,9,1059,2.8,27,-0.7,12,10,-20.8,64,I,3,2,2,1,0,0,1,0,0,0,0,-1,1,,,,,,
MGROS,Gıda Perakendeciliği,202606,5,4,9,92519,3.2,6,0.2,6,,13.5,70,A,3,0,1,1,0,0,0,0,0,0,0,2,2,,,,,,
BASGZ,Enerji Üretim ve Dağıtım,202606,5,4,9,28280,3.5,13,-0.3,1,21,10.2,72,A,3,0,2,1,1,0,0,0,-1,-1,0,2,2,,,,,TMS38 MARJ_OYNAK,
GENTS,Mobilya ve Dekorasyon,202606,7,2,9,3218,3.5,15,-0.2,0,3,3.9,76,A,3,1,2,0,0,0,1,0,0,0,0,0,2,,,,,,
FRMPL,Kimya ve Plastik,202606,7,2,9,3773,4.4,22,0.0,,17,20.4,58,U,3,1,2,0,1,0,1,0,0,0,-1,2,0,,,,,TEMETTU_YOK,
KARSN,Otomotiv,202606,6,3,9,8109,4.7,16,2.5,43,1,16.4,65,I,3,1,0,2,0,0,1,0,0,0,-1,2,1,,,,,TEMETTU_YOK,
SOKE,Gıda ve İçecek,202606,8,1,9,2694,4.8,4,-1.6,17,,12.1,43,L,3,0,2,2,0,0,1,0,0,0,0,2,-1,X,,,,,ZARAR_AMA_FAVOK
MPARK,İlaç ve Sağlık,202606,7,2,9,81944,4.9,30,0.7,4,,3.5,80,A,3,2,1,1,0,0,0,0,0,0,0,0,2,,,,,,
YUNSA,"Tekstil, Giyim ve Deri",202606,6,3,9,3082,5.3,14,-0.3,30,,8.0,71,A,2,0,2,2,0,0,1,0,0,-1,0,1,2,,,,,MARJ_OYNAK,
TUPRS,Kimya ve Plastik,202606,5,4,9,730737,5.4,10,-1.2,12,3,20.8,85,A,2,0,2,1,0,0,0,0,0,0,0,2,2,,,,,,
OYAKC,"Taş, Toprak, Çimento",202606,7,2,9,100734,5.5,26,-0.7,-6,1,3.5,78,A,2,2,2,0,0,1,0,0,0,0,0,0,2,,,,,,
SAYAS,Enerji Teknolojileri,202606,6,3,9,3156,5.6,20,-0.2,14,,5.9,93,A,2,1,2,1,0,0,1,0,0,0,-1,1,2,,,,,TEMETTU_YOK,
FADE,Gıda ve İçecek,202606,7,2,9,994,6.6,14,0.5,16,153,3.7,78,A,2,0,1,2,2,0,1,0,0,0,-1,0,2,,,,,TEMETTU_YOK,
FONET,Bilişim ve Yazılım,202606,7,2,9,4006,7.9,44,-0.2,59,,3.9,93,A,2,2,2,2,0,0,1,0,-1,0,-1,0,2,,,,,TMS38 TEMETTU_YOK,
ESCOM,Bilişim ve Yazılım,202606,9,-1,8,3165,1.1,99,0.0,411,,0.0,71,K,3,2,2,2,0,0,1,0,0,0,-1,-1,0,,,,,TEMETTU_YOK,
TCELL,Haberleşme,202606,6,2,8,221540,2.1,45,0.4,7,2,-1.4,75,A,3,2,1,1,0,0,0,0,-1,0,0,0,2,,,,,TMS38,
TTKOM,Haberleşme,202606,6,2,8,185850,2.5,41,1.0,11,1,-25.1,78,A,3,2,1,1,0,0,0,0,-1,0,0,0,2,,,,,TMS38,
KUTPO,"Cam, Seramik, Porselen",202606,7,1,8,2672,3.1,17,-0.1,1,8,13.8,46,L,3,1,2,1,0,0,1,0,0,0,-1,2,-1,X,,,,TEMETTU_YOK,ZARAR_AMA_FAVOK
TRILC,İlaç ve Sağlık,202603,9,-1,8,913,3.4,27,2.7,42,34,-36.8,40,L,3,2,0,2,2,0,1,0,0,0,-1,0,-1,X,,,,TEMETTU_YOK,ZARAR_AMA_FAVOK
PENTA,Teknolojik Ürün Ticareti,202606,6,2,8,3923,3.7,4,0.7,31,0,12.1,58,B,3,0,1,2,0,0,1,0,0,0,-1,2,0,,,,,TEMETTU_YOK,
KRPLS,Ambalaj,202606,7,1,8,2034,4.7,21,0.5,4,,8.4,51,B,3,1,1,1,0,0,1,0,0,0,0,1,0,X,,,,,ZARAR_AMA_FAVOK
ELITE,Gıda ve İçecek,202606,8,0,8,2592,4.7,20,0.0,16,1,-6.6,56,B,3,1,1,2,0,0,1,0,0,0,0,0,0,,,,,,
SSAAT,Toptan ve Perakende Ticaret,202606,6,2,8,17897,4.8,29,0.5,,,4.8,86,A,3,2,1,0,0,0,0,0,0,0,0,0,2,,,,,,
LINK,Bilişim ve Yazılım,202606,6,2,8,3282,5.1,32,-1.3,0,,0.8,74,A,2,2,2,1,0,0,1,0,-1,-1,0,0,2,,,,,TMS38 MARJ_OYNAK,
CCOLA,Gıda ve İçecek,202606,5,3,8,229722,6.0,20,0.7,10,,9.3,86,A,2,1,1,1,0,0,0,0,0,0,0,1,2,,,,,,
SAFKR,Metal Eşya ve Makine,202606,5,3,8,2852,6.1,16,-0.4,44,1,7.9,81,A,2,1,2,2,0,0,1,-1,0,-1,-1,1,2,,,,,ALACAK MARJ_OYNAK TEMETTU_YOK,
TATGD,Gıda ve İçecek,202606,4,4,8,4071,6.7,10,2.6,10,,28.5,75,A,2,0,0,1,0,0,1,0,0,0,0,2,2,,X,,,,DIGER_GELIR
FORTE,Bilişim ve Yazılım,202606,4,4,8,6941,7.0,30,1.6,75,1,52.6,77,A,2,2,0,2,0,0,1,-1,-1,-1,0,2,2,,,,,ALACAK TMS38 MARJ_OYNAK,
ONCSM,İlaç ve Sağlık,202606,6,2,8,2378,7.4,40,0.4,15,,1.0,84,A,2,2,1,2,0,0,1,-1,0,-1,0,0,2,,,,,ALACAK MARJ_OYNAK,
AYDEM,Enerji Üretim ve Dağıtım,202606,5,3,8,17258,7.7,35,4.4,29,,38.1,69,I,2,2,-2,2,0,1,0,0,0,0,0,2,1,,,,,,
NETCD,Bilişim ve Yazılım,202606,5,3,8,12131,8.4,77,-0.5,,,6.3,70,A,1,2,2,0,0,0,1,0,-1,0,0,1,2,,,,,TMS38,
GUBRF,Kimya ve Plastik,202606,5,3,8,137191,9.5,21,-0.4,26,12,8.5,97,A,1,1,2,2,0,0,0,0,0,0,-1,1,2,,,,,TEMETTU_YOK,
ENKAI,İnşaat,202606,7,1,8,495900,9.8,19,-5.1,44,23,0.7,68,I,1,1,2,2,1,0,0,0,0,0,0,0,1,,,,,,
TGSAS,Toptan ve Perakende Ticaret,202606,6,2,8,2055,11.8,55,-0.2,3,,3.0,82,A,1,2,2,1,0,0,1,0,0,0,-1,0,2,,,,,TEMETTU_YOK,
ISDMR,Ana Metal,202606,4,4,8,179655,12.6,11,-0.2,19,1,10.9,84,A,0,0,2,2,0,0,0,0,0,0,0,2,2,,,,,,
EUHOL,Holding,202606,8,-1,7,1275,0.5,99,0.0,,16,-286.5,58,U,3,2,2,0,1,0,1,0,0,0,-1,-1,0,,,,,TEMETTU_YOK,
ULUUN,Gıda ve İçecek,202606,7,0,7,4980,1.0,1,-4.0,33,1,-65.1,50,B,3,-1,2,2,0,0,1,0,0,0,0,0,0,,X,,,,DIGER_GELIR
GLRYH,Holding,202606,7,0,7,1134,1.4,557,-0.5,4,30,,,,3,2,2,1,1,0,1,-1,0,-1,-1,0,0,,,,,ALACAK MARJ_OYNAK TEMETTU_YOK,
KOTON,"Giyim, Tekstil ve Deri Ürünleri Perakendeciliği",202606,6,1,7,8238,2.4,19,1.3,1,,22.3,42,L,3,1,1,1,0,0,1,0,0,0,-1,2,-1,X,,,,TEMETTU_YOK,ZARAR_AMA_FAVOK
KRSTL,Gıda ve İçecek,202606,5,2,7,1461,2.8,14,0.1,6,2,5.5,68,I,3,0,1,1,0,0,1,0,0,0,-1,1,1,,,,,TEMETTU_YOK,
PAHOL,Holding,202606,8,-1,7,19000,3.1,96,0.0,101,3,-8.5,69,U,3,2,2,2,0,0,0,0,0,0,-1,-1,0,,,,,TEMETTU_YOK,
GOKNR,Gıda ve İçecek,202606,5,2,7,5065,3.1,12,0.7,-11,0,30.2,52,B,3,0,1,0,0,0,1,0,0,0,0,2,0,,,,,,
CANTE,Enerji Üretim ve Dağıtım,202606,8,-1,7,10800,3.7,32,-0.9,-12,,-28.5,28,L,3,2,2,0,0,1,1,0,0,0,-1,0,-1,X,,,,TEMETTU_YOK,ZARAR_AMA_FAVOK
VAKKO,"Tekstil, Giyim ve Deri",202606,6,1,7,9600,4.0,12,0.6,3,,26.8,48,L,3,0,1,1,0,0,1,0,0,0,0,2,-1,X,X,,,,ZARAR_AMA_FAVOK DIGER_GELIR
GENKM,Kimya ve Plastik,202606,7,0,7,4647,4.5,16,-0.9,,,4.9,32,U,3,1,2,0,0,1,1,0,0,0,-1,0,0,X,,,,TEMETTU_YOK,ZARAR_AMA_FAVOK
A1YEN,Enerji Üretim ve Dağıtım,202606,7,0,7,1056,4.6,61,0.9,15,,-20.6,63,I,3,2,1,1,0,1,1,0,0,-1,-1,-1,1,,,,,MARJ_OYNAK TEMETTU_YOK,
YKSLN,Ana Metal,202606,6,1,7,1250,4.6,24,1.2,-10,0,14.0,36,L,3,1,1,0,0,0,1,0,0,0,0,2,-1,X,,,,,ZARAR_AMA_FAVOK
KRDMA,Ana Metal,202606,4,3,7,46284,4.8,13,0.0,-8,1,18.5,62,I,3,0,1,0,0,0,0,0,0,0,0,2,1,,,,,,
AGHOL,Holding,202606,4,3,7,77931,4.9,10,1.2,3,5,40.3,61,I,3,0,1,1,0,0,0,0,-1,0,0,2,1,,,,,TMS38,
TABGD,Gıda ve İçecek,202606,5,2,7,58765,5.0,20,0.2,15,,-0.9,78,A,2,1,1,1,0,0,0,0,0,0,0,0,2,,,,,,
TEHOL,Holding,202606,8,-1,7,19739,6.1,29,-1.7,8338,22,-11.1,81,K,2,2,2,2,1,0,0,0,0,0,-1,-1,0,,X,,,TEMETTU_YOK,DIGER_GELIR
MEDTR,İlaç ve Sağlık,202606,5,2,7,2280,6.3,10,-1.5,-9,4,15.4,51,B,2,0,2,0,0,0,1,0,0,0,0,2,0,,,,,,
GLRMK,İnşaat,202606,5,2,7,44293,6.3,13,-0.1,9,0,4.0,79,A,2,0,2,1,0,0,0,0,0,0,0,0,2,,,,,,
ATATR,Turizm,202606,7,0,7,4584,6.6,28,0.2,,76,-37.9,55,U,2,2,1,0,2,0,1,0,0,-1,0,0,0,,,,,MARJ_OYNAK,
TAVHL,Ulaştırma,202606,5,2,7,100084,6.8,30,3.2,37,30,2.3,73,A,2,2,-2,2,2,0,0,0,-1,0,0,0,2,,,X,,TMS38,ISTIRAK_ZARARI
MTRKS,Bilişim ve Yazılım,202606,6,1,7,2281,7.3,18,-0.7,14,1,-7.9,66,I,2,1,2,1,0,0,1,0,-1,0,0,0,1,,,,,TMS38,
EUREN,Enerji Üretim ve Dağıtım,202606,5,2,7,5922,7.5,10,1.2,22,7,11.4,59,B,2,0,1,2,0,0,1,0,0,0,-1,2,0,,,,,TEMETTU_YOK,
YBTAS,İnşaat,202606,6,1,7,3465,7.7,20,0.0,-8,,-0.7,69,I,2,1,2,0,0,1,1,0,0,0,-1,0,1,,,,,TEMETTU_YOK,
PRKME,Enerji Üretim ve Dağıtım,202606,9,-2,7,2397,8.0,55,0.0,-42,74,-16.6,21,L,2,2,2,0,2,1,1,0,0,-1,0,-1,-1,X,,,,MARJ_OYNAK,ZARAR_AMA_FAVOK
GOLTS,"Taş, Toprak, Çimento",202606,4,3,7,4635,9.0,10,2.9,5,69,15.0,62,I,1,0,0,1,2,0,1,0,0,-1,0,2,1,,,,,MARJ_OYNAK,
KRONT,Haberleşme,202606,5,2,7,3510,14.3,37,-0.3,28,,0.5,88,A,0,2,2,2,0,0,1,0,-1,0,-1,0,2,,,,,TMS38 TEMETTU_YOK,
FMIZP,Otomotiv Yan Sanayi,202606,5,2,7,3873,24.9,18,-3.1,28,0,4.0,88,A,-1,1,2,2,0,0,1,0,0,0,0,0,2,,,,,,
ARSAN,Holding,202606,5,2,7,6326,53.6,23,-18.0,148,133,3.9,70,A,-1,1,2,2,2,0,1,-1,0,-1,0,0,2,,X,,,ALACAK MARJ_OYNAK,DIGER_GELIR
LIDER,Servis Taşımacılığı ve Araç Kiralama,202606,8,-2,6,6823,-5.3,28,-17.9,-40,5,-13.4,47,L,3,2,2,0,0,0,1,0,0,0,0,-1,-1,,X,,,,DIGER_GELIR
BIZIM,Gıda Perakendeciliği,202606,5,1,6,1562,1.5,5,0.7,-19,,72.2,18,L,3,0,1,0,0,0,1,0,0,0,0,2,-1,X,,,,,ZARAR_AMA_FAVOK
DESPC,Teknolojik Ürün Ticareti,202606,5,1,6,710,1.5,5,-0.3,-45,1,37.4,33,L,3,0,2,0,0,0,1,0,0,0,-1,2,-1,X,X,,,TEMETTU_YOK,ZARAR_AMA_FAVOK DIGER_GELIR
IHEVA,Dayanıklı Tüketim Ürünleri,202606,7,-1,6,582,2.4,8,0.7,-4,136,-15.7,57,B,3,0,1,0,2,0,1,0,0,0,0,-1,0,,,,,,
BESLR,Gıda ve İçecek,202606,7,-1,6,7222,2.8,12,1.1,6,54,-10.2,57,B,3,0,1,1,2,0,1,0,0,0,-1,-1,0,,,,,TEMETTU_YOK,
NTHOL,Holding,202606,7,-1,6,18640,3.1,35,0.8,-6,92,-7.5,49,L,3,2,1,0,2,0,0,0,0,-1,0,0,-1,,,,,MARJ_OYNAK,
SOKM,Gıda Perakendeciliği,202606,5,1,6,33432,3.4,3,0.0,7,,47.7,36,L,3,-1,2,1,0,0,0,0,0,0,0,2,-1,X,,,,,ZARAR_AMA_FAVOK
ORGE,Enerji Teknolojileri,202606,5,1,6,9040,3.5,53,-0.2,-5,5,4.2,67,I,3,2,2,0,0,0,1,-1,0,-1,-1,0,1,,,,,ALACAK MARJ_OYNAK TEMETTU_YOK,
TLMAN,Ulaştırma,202606,8,-2,6,1340,3.6,29,-1.7,-1,,-21.2,43,L,3,2,2,0,0,1,1,0,0,-1,0,-1,-1,X,,,,MARJ_OYNAK,ZARAR_AMA_FAVOK
SELEC,İlaç ve Sağlık,202606,6,0,6,46140,3.7,5,-0.8,6,1,-6.9,50,B,3,0,2,1,0,0,0,0,0,0,0,0,0,,,,,,
KFEIN,Bilişim ve Yazılım,202606,7,-1,6,1240,3.9,8,-0.4,16,,-9.1,59,B,3,0,2,2,0,0,1,0,-1,0,0,-1,0,,,,,TMS38,
YATAS,Mobilya ve Dekorasyon,202606,5,1,6,4000,4.1,11,2.7,12,10,3.1,67,I,3,0,0,1,0,0,1,0,0,0,0,0,1,,X,,,,DIGER_GELIR
ULKER,Gıda ve İçecek,202606,3,3,6,31665,4.3,14,2.4,-4,,36.9,65,I,3,0,0,0,0,0,0,0,0,0,0,2,1,,,,,,
BERA,Holding,202606,8,-2,6,8246,4.4,12,-0.4,-2,99,-2.4,38,L,3,0,2,0,2,0,1,0,0,0,0,-1,-1,X,,,,,ZARAR_AMA_FAVOK
SOHOE,Enerji Üretim ve Dağıtım,202606,5,1,6,2325,4.9,30,2.3,,1,-23.0,64,I,3,2,0,0,0,0,1,0,0,0,-1,0,1,,,,,TEMETTU_YOK,
VEYAS,Enerji Üretim ve Dağıtım,202606,6,0,6,45603,4.9,36,0.9,,,,42,U,3,2,1,0,0,0,0,0,0,0,0,0,0,,,,,,
KRDMD,Ana Metal,202606,3,3,6,50616,5.3,13,0.0,-8,1,16.9,62,I,2,0,1,0,0,0,0,0,0,0,0,2,1,,,,,,
PETUN,Gıda ve İçecek,202606,4,2,6,3061,5.5,10,3.1,1,59,16.1,58,B,2,0,-2,1,2,0,1,0,0,0,0,2,0,,,X,,,ISTIRAK_ZARARI
MAKIM,Metal Eşya ve Makine,202606,6,0,6,1539,5.7,18,0.7,14,,-9.3,59,B,2,1,1,1,0,1,1,0,0,0,-1,0,0,,,,,TEMETTU_YOK,
AEFES,Gıda ve İçecek,202606,3,3,6,110546,5.8,18,1.3,-6,0,19.1,63,I,2,1,1,0,0,0,0,0,-1,0,0,2,1,,,,,TMS38,
PINSU,Gıda ve İçecek,202606,4,2,6,2519,5.9,17,1.2,-2,3,8.0,65,I,2,1,1,0,0,0,1,0,0,0,-1,1,1,,,,,TEMETTU_YOK,
AYEN,Enerji Üretim ve Dağıtım,202606,4,2,6,7137,6.7,29,3.1,-22,24,24.6,52,B,2,2,-2,0,1,1,1,0,0,-1,0,2,0,,,,,MARJ_OYNAK,
GWIND,Enerji Üretim ve Dağıtım,202606,4,2,6,10897,7.0,63,1.1,-14,,-4.1,70,A,2,2,1,0,0,0,1,0,-1,-1,0,0,2,,X,,,TMS38 MARJ_OYNAK,DIGER_GELIR
CIMSA,"Taş, Toprak, Çimento",202606,5,1,6,39299,7.8,18,2.7,6,0,1.0,65,I,2,1,0,1,0,1,0,0,0,0,0,0,1,,,,,,
SUNTK,"Tekstil, Giyim ve Deri",202606,4,2,6,12121,9.1,10,0.0,-16,16,5.8,61,I,1,0,1,0,1,0,1,0,0,0,0,1,1,,,,,,
ACSEL,Kimya ve Plastik,202606,5,1,6,944,10.4,11,1.3,9,24,13.3,43,L,1,0,1,1,1,0,1,0,0,0,0,2,-1,,,,,,
RYSAS,Ulaştırma,202606,5,1,6,51400,11.4,40,0.7,0,60,-9.1,68,I,1,2,1,0,2,0,0,0,0,0,-1,0,1,,,,,TEMETTU_YOK,
ENERY,Enerji Üretim ve Dağıtım,202606,4,2,6,124380,16.5,19,-0.6,9,6,2.0,74,A,0,1,2,1,0,1,0,0,0,0,-1,0,2,,,,,TEMETTU_YOK,
GRTHO,Gıda ve İçecek,202606,5,1,6,14275,17.6,10,-1.3,-15,32,-3.2,65,I,0,0,2,0,2,0,1,0,0,0,0,0,1,,,,,,
ASELS,Savunma,202606,4,2,6,1714560,28.6,27,0.6,19,0,-0.4,86,A,-1,2,1,2,0,0,0,0,0,0,0,0,2,,,,,,
KSTUR,Turizm,202606,4,2,6,8489,46.6,34,-1.1,-11,,4.3,71,A,-1,2,2,0,0,1,1,0,0,-1,0,0,2,,,,,MARJ_OYNAK,
DUNYH,Gıda ve İçecek,202606,4,2,6,1010,,-8,,116,,14.3,54,U,0,-1,2,2,0,0,1,0,0,0,0,2,0,,,,,,
CASA,Kimya ve Plastik,202606,7,-2,5,221,1.5,11,0.0,,30,-33.1,22,L,3,0,2,0,1,0,1,0,0,0,0,-1,-1,X,,,,,ZARAR_AMA_FAVOK
MEPET,Kimya ve Plastik,202606,5,0,5,1673,3.7,8,-0.4,-8,7,-21.2,52,B,3,0,2,0,0,0,1,0,0,0,-1,0,0,,X,,,TEMETTU_YOK,DIGER_GELIR
UCAYM,İnşaat,202606,6,-1,5,3400,4.1,20,-0.7,,2,-21.5,42,U,3,1,2,0,0,0,1,0,0,0,-1,-1,0,,,,,TEMETTU_YOK,
DOFER,İmalat,202606,6,-1,5,1254,4.8,4,0.8,43,,-10.6,58,B,3,0,1,2,0,0,1,0,0,0,-1,-1,0,,,,,TEMETTU_YOK,
GIPTA,İmalat,202606,6,-1,5,3699,4.8,15,-4.5,-8,0,3.0,41,L,3,1,2,0,0,0,1,0,0,-1,0,0,-1,X,,,,MARJ_OYNAK,ZARAR_AMA_FAVOK
SNICA,Metal Eşya ve Makine,202606,4,1,5,1380,5.2,14,2.4,38,,23.2,46,L,2,0,0,2,0,0,1,0,0,0,-1,2,-1,X,,,,TEMETTU_YOK,ZARAR_AMA_FAVOK
KRVGD,Gıda ve İçecek,202606,3,2,5,4644,5.8,10,2.8,-4,2,6.0,67,I,2,0,0,0,0,0,1,0,0,0,0,1,1,,X,,,,DIGER_GELIR
MARBL,"Taş, Toprak, Çimento",202606,4,1,5,2057,6.4,13,2.1,29,11,7.0,51,B,2,0,0,2,0,0,1,0,0,0,-1,1,0,X,,,,TEMETTU_YOK,ZARAR_AMA_FAVOK
CGCAM,"Cam, Seramik, Porselen",202606,5,0,5,3447,7.0,17,-0.4,-17,4,-8.2,57,B,2,1,2,0,0,1,1,0,0,-1,-1,0,0,,,,,MARJ_OYNAK TEMETTU_YOK,
FROTO,Otomotiv,202606,2,3,5,261779,7.4,6,2.2,-5,0,12.7,60,I,2,0,0,0,0,0,0,0,0,0,0,2,1,,,,,,
YYLGD,Gıda ve İçecek,202606,3,2,5,8109,7.7,9,4.6,51,,-20.4,74,A,2,0,-2,2,0,0,1,0,0,0,0,0,2,,,,,,
AKSA,Kimya ve Plastik,202606,4,1,5,40287,8.0,19,2.9,10,2,6.9,56,B,2,1,0,1,0,1,0,-1,0,0,0,1,0,,X,,,ALACAK,DIGER_GELIR
SUMAS,Mobilya ve Dekorasyon,202606,6,-1,5,1252,8.2,20,-1.2,-20,0,-3.3,37,L,1,1,2,0,0,1,1,0,0,0,0,0,-1,X,,,,,ZARAR_AMA_FAVOK
ORZAX,İlaç ve Sağlık,202606,3,2,5,24524,9.4,34,1.4,,,,80,A,1,2,1,0,0,0,0,0,0,0,-1,0,2,,,,,TEMETTU_YOK,
HEDEF,Holding,202606,5,0,5,30960,9.4,97,0.3,9346,0,,,,1,2,1,2,0,0,0,0,0,0,-1,0,0,,,,,TEMETTU_YOK,
BIMAS,Gıda Perakendeciliği,202606,3,2,5,491100,9.4,6,0.6,9,,4.0,73,A,1,0,1,1,0,0,0,0,0,0,0,0,2,,,,,,
INTEK,Bilişim ve Yazılım,202606,6,-1,5,1414,9.5,36,-0.2,126,6,0.6,34,L,1,2,2,2,0,0,1,0,-1,0,-1,0,-1,X,,,,TMS38 TEMETTU_YOK,ZARAR_AMA_FAVOK
INTET,Bilişim ve Yazılım,202606,5,0,5,8680,10.3,28,0.3,,0,,63,U,1,2,1,0,0,0,1,0,0,0,0,0,0,,,,,,
SEGMN,Gıda ve İçecek,202606,5,0,5,3899,10.5,10,-1.0,15,3,-4.9,61,I,1,0,2,1,0,0,1,0,0,0,0,-1,1,,,,,,
CITAS,Gıda ve İçecek,202606,3,2,5,20808,10.8,18,0.0,,6,-0.2,79,A,1,1,1,0,0,0,0,0,0,0,0,0,2,,,,,,
ISKPL,Kimya ve Plastik,202606,4,1,5,6015,11.1,22,2.8,8,,0.2,61,I,1,1,0,1,0,1,1,-1,0,0,0,0,1,,,,,ALACAK,
EREGL,Ana Metal,202606,2,3,5,259560,12.6,10,1.6,20,1,15.2,67,I,0,0,0,2,0,0,0,0,0,0,0,2,1,,,,,,
BRSAN,Ana Metal,202606,2,3,5,96263,15.4,8,1.1,57,1,7.5,76,A,0,0,1,2,0,0,0,0,0,0,-1,1,2,,,,,TEMETTU_YOK,
GATEG,Destek ve Hizmet,202606,2,3,5,1302,16.1,13,0.8,1010,15,9.1,77,A,0,0,1,2,0,0,1,0,0,-1,-1,1,2,,,,,MARJ_OYNAK TEMETTU_YOK,
BFREN,Otomotiv Yan Sanayi,202606,3,2,5,13245,40.0,10,-0.3,1,,2.0,83,A,-1,0,2,1,0,0,1,0,0,0,0,0,2,,,,,,
METRO,Holding,202606,4,1,5,4207,41.6,37,-0.4,370,,1.2,63,I,-1,2,2,2,0,0,1,0,0,-1,-1,0,1,,,,,MARJ_OYNAK TEMETTU_YOK,
DMRGD,Gıda ve İçecek,202606,3,2,5,12497,44.4,17,-1.0,22,,1.0,77,A,-1,1,2,2,0,0,1,0,0,-1,-1,0,2,,X,,,MARJ_OYNAK TEMETTU_YOK,DIGER_GELIR
SONME,"Tekstil, Giyim ve Deri",202606,6,-1,5,9139,172.1,78,-3.3,-7,62,1.2,45,L,-1,2,2,0,2,0,1,0,0,0,0,0,-1,,,,,,
BRYAT,Holding,202606,5,0,5,41147,,-38,,108,51,0.1,54,U,0,-1,2,2,2,0,0,0,0,0,0,0,0,,X,,,,DIGER_GELIR
ALVES,İmalat,202606,6,-2,4,976,2.0,19,1.7,51,,-87.7,48,L,3,1,0,2,0,0,1,0,0,-1,0,-1,-1,,,,,MARJ_OYNAK,
TKNSA,Teknolojik Ürün Ticareti,202606,3,1,4,2882,2.5,4,1.8,-4,12,38.5,21,L,3,0,0,0,0,0,1,0,0,0,-1,2,-1,X,,,,TEMETTU_YOK,ZARAR_AMA_FAVOK
BEYAZ,Destek ve Hizmet,202606,5,-1,4,1729,2.6,2,-1.1,-3,4,-2.9,37,L,3,-1,2,0,0,0,1,0,0,0,0,0,-1,X,,,,,ZARAR_AMA_FAVOK
SUWEN,"Tekstil, Giyim ve Deri",202606,5,-1,4,2884,3.9,19,1.7,-1,,2.3,36,L,3,1,0,0,0,0,1,0,0,0,0,0,-1,X,,,,,ZARAR_AMA_FAVOK
ENJSA,Enerji Üretim ve Dağıtım,202606,4,0,4,131807,4.1,20,1.5,-7,,3.3,59,B,3,1,0,0,0,0,0,0,0,0,0,0,0,,,,,,
LKMNH,İlaç ve Sağlık,202606,5,-1,4,2398,4.3,23,2.2,13,8,-12.8,57,B,3,1,0,1,0,0,1,-1,0,0,0,-1,0,,,,,ALACAK,
BYDNR,Gıda ve İçecek,202606,5,-1,4,1866,4.5,13,1.4,-2,,2.7,22,L,3,0,1,0,0,0,1,0,0,0,0,0,-1,X,X,,,,ZARAR_AMA_FAVOK DIGER_GELIR
DYOBY,Kimya ve Plastik,202606,3,1,4,3105,4.6,18,3.1,-15,2,20.8,46,L,3,1,-2,0,0,1,1,0,-1,0,0,2,-1,,,,,TMS38,
DERHL,"Tekstil, Giyim ve Deri",202606,5,-1,4,1583,4.8,20,2.3,-7,1,-0.4,56,B,3,1,0,0,0,0,1,0,0,0,0,-1,0,X,,,,,ZARAR_AMA_FAVOK
GSRAY,Spor,202512,5,-1,4,10800,4.9,13,1.0,41,1,,48,L,3,0,1,2,0,0,1,0,0,-1,-1,0,-1,,,,,MARJ_OYNAK TEMETTU_YOK,
PNLSN,İnşaat,202606,5,-1,4,2538,4.9,14,0.1,0,29,-4.3,57,B,3,0,1,0,1,0,1,-1,0,0,0,-1,0,,,,,ALACAK,
TUKAS,Gıda ve İçecek,202606,4,0,4,8820,5.0,27,2.0,-2,1,5.3,41,L,2,2,0,0,0,1,1,-1,0,0,-1,1,-1,X,,,,ALACAK TEMETTU_YOK,ZARAR_AMA_FAVOK
DAGI,"Tekstil, Giyim ve Deri",202606,5,-1,4,2228,5.2,20,2.5,19,,3.9,46,L,2,1,0,2,0,0,1,0,0,0,-1,0,-1,X,,,,TEMETTU_YOK,ZARAR_AMA_FAVOK
MERCN,Kimya ve Plastik,202606,6,-2,4,2111,5.5,19,2.3,-5,49,-21.9,43,L,2,1,0,0,2,0,1,0,0,0,0,-1,-1,,,,,,
YEOTK,Enerji Teknolojileri,202606,5,-1,4,23074,5.5,24,1.1,95,4,-14.0,78,K,2,1,1,2,0,0,0,0,0,-1,0,-1,0,,,,,MARJ_OYNAK,
EKIM,Servis Taşımacılığı ve Araç Kiralama,202606,5,-1,4,12904,5.7,26,2.6,,,,22,L,2,2,0,0,0,1,1,0,0,0,-1,0,-1,X,,,,TEMETTU_YOK,ZARAR_AMA_FAVOK
SAHOL,Holding,202606,5,-1,4,186513,6.1,44,2.4,-5,116,-26.5,48,L,2,2,0,0,2,0,0,0,0,-1,0,0,-1,,,,,MARJ_OYNAK,
ALCTL,Haberleşme,202606,3,1,4,3241,6.3,6,-4.3,-1,,19.2,43,L,2,0,2,0,0,0,1,0,0,-1,-1,2,-1,X,,,,MARJ_OYNAK TEMETTU_YOK,ZARAR_AMA_FAVOK
ARDYZ,Bilişim ve Yazılım,202606,5,-1,4,21915,6.4,46,0.4,133,0,-3.8,92,K,2,2,1,2,0,0,0,0,-1,0,-1,-1,0,,,,,TMS38 TEMETTU_YOK,
BRLSM,Enerji Teknolojileri,202606,5,-1,4,2341,6.5,7,1.7,36,14,-4.0,25,L,2,0,0,2,0,0,1,0,0,0,0,0,-1,X,,,,,ZARAR_AMA_FAVOK
NUHCM,"Taş, Toprak, Çimento",202606,5,-1,4,31950,7.0,19,-1.2,-2,10,2.9,49,L,2,1,2,0,0,1,0,-1,0,0,0,0,-1,,,,,ALACAK,
IZENR,Enerji Üretim ve Dağıtım,202606,3,1,4,9555,7.4,16,0.3,-25,,5.3,59,B,2,1,1,0,0,1,1,-1,0,-1,-1,1,0,,,,,ALACAK MARJ_OYNAK TEMETTU_YOK,
BAKAB,Ambalaj,202606,4,0,4,2229,7.6,5,1.6,4,,9.2,35,L,2,0,0,1,0,0,1,0,0,0,0,1,-1,X,X,,,,ZARAR_AMA_FAVOK DIGER_GELIR
OZSUB,"Tarım, Hayvancılık, Balıkçılık",202606,3,1,4,4495,7.7,23,1.6,-11,9,-8.9,63,I,2,1,0,0,0,0,1,0,0,0,-1,0,1,,,,,TEMETTU_YOK,
TEZOL,Kağıt ve Kağıt Ürünleri,202606,5,-1,4,3700,7.9,5,-3.1,-20,,5.0,30,L,2,0,2,0,0,0,1,0,0,0,0,0,-1,X,X,,,,ZARAR_AMA_FAVOK DIGER_GELIR
MEYSU,Gıda ve İçecek,202606,5,-1,4,7238,7.9,21,0.7,,,-16.8,49,U,2,1,1,0,0,1,1,0,0,0,-1,-1,0,,,,,TEMETTU_YOK,
MASFN,Enerji Teknolojileri,202606,4,0,4,20779,8.0,38,-2.5,,3,,,,1,2,2,0,0,0,0,0,0,0,-1,0,0,,,,,TEMETTU_YOK,
MNDRS,"Tekstil, Giyim ve Deri",202606,3,1,4,2587,8.2,5,2.1,-16,123,49.8,40,L,1,0,0,0,2,0,1,0,0,0,-1,2,-1,,X,,,TEMETTU_YOK,DIGER_GELIR
EMKEL,İmalat,202606,3,1,4,1106,8.4,15,2.5,7,,16.7,29,L,1,0,0,1,0,0,1,0,0,0,0,2,-1,X,,,,,ZARAR_AMA_FAVOK
ODAS,Enerji Üretim ve Dağıtım,202606,6,-2,4,8316,8.7,33,-0.5,-8,0,-2.4,33,L,1,2,2,0,0,1,1,0,0,0,-1,-1,-1,X,,,,TEMETTU_YOK,ZARAR_AMA_FAVOK
KRDMB,Ana Metal,202606,2,2,4,86184,9.0,13,0.0,-8,1,9.9,62,I,1,0,1,0,0,0,0,0,0,0,0,1,1,,,,,,
NETGL,Kimya ve Plastik,202606,4,0,4,4113,9.0,25,1.8,,4,,,,1,1,0,0,0,1,1,0,0,0,0,0,0,,,,,,
TCKRC,İmalat,202606,5,-1,4,21590,9.6,41,0.3,169,0,-0.8,90,K,1,2,1,2,0,1,0,0,0,-1,-1,-1,0,,,,,MARJ_OYNAK TEMETTU_YOK,
CMENT,"Taş, Toprak, Çimento",202606,4,0,4,20907,9.7,14,-0.4,-16,34,0.8,59,B,1,0,2,0,2,0,0,0,0,-1,0,0,0,,,,,MARJ_OYNAK,
BTCIM,"Taş, Toprak, Çimento",202606,4,0,4,10825,10.6,11,2.8,-10,38,8.9,19,L,1,0,0,0,2,0,1,0,0,0,0,1,-1,,,,,,
BLCYT,Holding,202606,4,0,4,1800,11.0,21,-9.9,-23,146,3.8,50,B,1,1,2,0,2,0,1,-1,0,-1,-1,0,0,,,,,ALACAK MARJ_OYNAK TEMETTU_YOK,
MOBTL,Teknolojik Ürün Ticareti,202606,5,-1,4,10568,11.9,6,2.0,20,90,-5.4,53,B,1,0,0,2,2,0,1,0,0,0,-1,-1,0,,,,,TEMETTU_YOK,
ENDAE,Enerji Üretim ve Dağıtım,202606,5,-1,4,5679,12.9,48,-2.4,-22,4,-16.9,31,L,0,2,2,0,0,1,1,0,0,-1,0,0,-1,,,,,MARJ_OYNAK,
HTTBT,Bilişim ve Yazılım,202606,5,-1,4,10440,13.0,41,-0.3,40,,-1.9,88,K,0,2,2,2,0,0,1,0,-1,0,-1,-1,0,,,,,TMS38 TEMETTU_YOK,
ASTOR,Enerji Teknolojileri,202606,5,-1,4,194211,13.2,33,-0.7,11,,-0.2,85,K,0,2,2,1,0,0,0,0,0,0,0,-1,0,,,,,,
GOLDA,Gıda ve İçecek,202606,4,0,4,2198,13.9,5,-1.5,,36,,51,B,0,0,2,0,2,0,1,0,0,0,-1,0,0,,X,,,TEMETTU_YOK,DIGER_GELIR
KONYA,"Taş, Toprak, Çimento",202606,3,1,4,17215,14.4,16,0.5,8,1,-1.2,69,I,0,1,1,1,0,1,0,0,0,-1,0,0,1,,,,,MARJ_OYNAK,
JANTS,Otomotiv Yan Sanayi,202606,3,1,4,9373,16.0,8,1.5,8,0,0.2,67,I,0,0,1,1,0,0,1,0,0,0,0,0,1,,X,,,,DIGER_GELIR
KONKA,Kağıt ve Kağıt Ürünleri,202606,5,-1,4,3358,16.6,6,-0.1,-15,166,-0.1,28,L,0,0,2,0,2,0,1,0,0,0,0,0,-1,,X,,,,DIGER_GELIR
BESTE,Enerji Üretim ve Dağıtım,202606,4,0,4,4005,19.4,46,-1.5,,,4.5,43,U,0,2,2,0,0,1,1,0,0,-1,-1,0,0,,,,,MARJ_OYNAK TEMETTU_YOK,
PKENT,Turizm,202606,2,2,4,2460,29.7,4,-6.8,191,0,0.4,80,A,-1,0,2,2,0,0,1,0,0,-1,-1,0,2,,X,,,MARJ_OYNAK TEMETTU_YOK,DIGER_GELIR
DOFRB,İmalat,202606,4,0,4,11594,32.2,31,0.6,62,,-13.1,60,I,-1,2,1,2,0,0,1,-1,0,0,0,-1,1,,,,,ALACAK,
ODINE,Bilişim ve Yazılım,202606,2,2,4,14487,89.1,6,-4.1,96,,-1.3,71,A,-1,0,2,2,0,0,1,0,-1,0,-1,0,2,,X,,,TMS38 TEMETTU_YOK,DIGER_GELIR
VANGD,Gıda ve İçecek,202606,3,1,4,1734,923.9,1,-3.9,33,37,0.0,66,I,-1,-1,2,2,2,0,1,0,0,-1,-1,0,1,,X,,,MARJ_OYNAK TEMETTU_YOK,DIGER_GELIR
RTALB,İlaç ve Sağlık,202606,4,0,4,1100,,-1,,21,225,-0.6,56,B,0,-1,2,2,2,0,1,0,0,-1,-1,0,0,,X,,,MARJ_OYNAK TEMETTU_YOK,DIGER_GELIR
RUBNS,"Tekstil, Giyim ve Deri",202606,5,-2,3,1278,3.3,18,0.6,18,,-377.6,49,L,3,1,1,2,0,0,1,-1,0,-1,-1,-1,-1,,,,,ALACAK MARJ_OYNAK TEMETTU_YOK,
YIGIT,Otomotiv Yan Sanayi,202606,5,-2,3,5018,4.3,7,-0.7,-6,,-16.1,42,L,3,0,2,0,0,0,1,0,0,0,-1,-1,-1,,,,,TEMETTU_YOK,
HOROZ,Ulaştırma,202606,5,-2,3,3989,4.3,12,2.2,17,6,-19.4,29,L,3,0,0,2,0,0,1,0,0,0,-1,-1,-1,X,X,,,TEMETTU_YOK,ZARAR_AMA_FAVOK DIGER_GELIR
DOAS,Otomotiv,202606,5,-2,3,31878,4.4,5,2.2,-6,119,-33.4,27,L,3,0,0,0,2,0,0,0,0,0,0,-1,-1,,,,,,
CEMTS,Ana Metal,202606,4,-1,3,3920,5.4,11,0.1,-8,,-12.4,31,L,2,0,1,0,0,0,1,0,0,0,0,0,-1,X,X,,,,ZARAR_AMA_FAVOK DIGER_GELIR
KMPUR,Kimya ve Plastik,202606,3,0,3,6982,5.5,15,2.5,-10,2,-1.3,53,B,2,0,0,0,0,0,1,0,0,0,0,0,0,,,,,,
SILVR,Dayanıklı Tüketim Ürünleri,202606,2,1,3,592,5.6,7,1.3,-24,,14.4,19,L,2,0,1,0,0,0,1,-1,0,0,-1,2,-1,X,,,,ALACAK TEMETTU_YOK,ZARAR_AMA_FAVOK
BVSAN,İmalat,202606,5,-2,3,2705,6.1,15,0.9,-6,,-13.0,29,L,2,1,1,0,0,0,1,0,0,0,0,-1,-1,X,,,,,ZARAR_AMA_FAVOK
EKDMR,Ana Metal,202606,3,0,3,9363,6.1,6,0.6,,,-19.9,46,U,2,0,1,0,0,0,1,0,0,0,-1,0,0,,,,,TEMETTU_YOK,
BASCM,"Taş, Toprak, Çimento",202606,3,0,3,7927,6.4,9,0.4,-1,2,-2.9,55,B,2,0,1,0,0,0,1,0,0,0,-1,0,0,,,,,TEMETTU_YOK,
CWENE,Enerji Teknolojileri,202606,3,0,3,20121,6.4,22,2.0,22,,-17.3,63,I,2,1,0,2,0,0,0,-1,0,-1,0,-1,1,,,,,ALACAK MARJ_OYNAK,
KAREL,Haberleşme,202606,2,1,3,5021,6.7,8,3.6,10,,29.0,29,L,2,0,-2,1,0,0,1,0,0,0,0,2,-1,X,,,,,ZARAR_AMA_FAVOK
PRKAB,Metal Eşya ve Makine,202606,5,-2,3,5314,6.8,3,-1.2,4,,-4.2,22,L,2,0,2,1,0,0,1,-1,0,0,0,-1,-1,X,,,,ALACAK,ZARAR_AMA_FAVOK
SMART,Bilişim ve Yazılım,202606,4,-1,3,513,7.0,53,1.3,-45,,0.3,22,L,2,2,1,0,0,0,1,0,-1,0,-1,0,-1,X,,,,TMS38 TEMETTU_YOK,ZARAR_AMA_FAVOK
GENIL,İlaç ve Sağlık,202606,2,1,3,19350,7.4,13,1.6,15,4,2.3,66,I,2,0,0,2,0,0,0,-1,0,0,-1,0,1,,,,,ALACAK TEMETTU_YOK,
ARCLK,Dayanıklı Tüketim Ürünleri,202606,2,1,3,54599,7.8,6,6.0,-10,76,22.0,23,L,2,0,-2,0,2,0,0,0,0,0,0,2,-1,X,X,,,,ZARAR_AMA_FAVOK DIGER_GELIR
REEDR,Bilişim ve Yazılım,202606,4,-1,3,3316,8.4,22,1.1,-49,86,0.8,27,L,1,1,1,0,2,0,1,0,0,-1,-1,0,-1,X,X,X,,MARJ_OYNAK TEMETTU_YOK,ZARAR_AMA_FAVOK DIGER_GELIR ISTIRAK_ZARARI
SARKY,Ana Metal,202606,3,0,3,21000,8.4,3,2.5,21,13,-8.5,60,I,1,0,0,2,0,0,0,0,0,0,0,-1,1,,,,,,
EGEPO,İlaç ve Sağlık,202606,4,-1,3,3070,8.6,19,-0.7,11,2,4.3,39,L,1,1,2,1,0,0,1,-1,0,0,-1,0,-1,X,,,,ALACAK TEMETTU_YOK,ZARAR_AMA_FAVOK
ATAKP,Gıda ve İçecek,202606,4,-1,3,4543,8.8,11,-0.8,-7,,1.1,33,L,1,0,2,0,0,0,1,0,0,0,0,0,-1,X,,,,,ZARAR_AMA_FAVOK
SERNT,"Cam, Seramik, Porselen",202606,2,1,3,2069,8.8,24,6.4,6,9,111.7,27,L,1,1,-2,1,0,1,1,0,0,0,-1,2,-1,X,,,,TEMETTU_YOK,ZARAR_AMA_FAVOK
EUPWR,Enerji Teknolojileri,202606,4,-1,3,33858,8.8,25,0.7,41,0,-5.8,75,K,1,2,1,2,0,0,0,0,0,-1,-1,-1,0,,,,,MARJ_OYNAK TEMETTU_YOK,
TATEN,Enerji Üretim ve Dağıtım,202606,4,-1,3,5352,9.0,57,4.1,24,22,-0.1,39,L,1,2,-2,2,1,1,1,0,0,-1,-1,0,-1,X,,,,MARJ_OYNAK TEMETTU_YOK,ZARAR_AMA_FAVOK
ECOGR,Enerji Üretim ve Dağıtım,202606,1,2,3,13165,9.5,37,3.9,-18,0,23.3,57,B,1,2,-2,0,0,1,1,0,0,-1,-1,2,0,,,,,MARJ_OYNAK TEMETTU_YOK,
ERBOS,Ana Metal,202606,2,1,3,2330,9.7,5,2.6,-5,6,13.2,29,L,1,0,0,0,0,0,1,0,0,0,0,2,-1,X,X,,,,ZARAR_AMA_FAVOK DIGER_GELIR
INVES,Holding,202606,4,-1,3,133500,10.0,111,-0.4,-273,0,0.0,63,U,1,2,2,0,0,0,0,0,0,0,-1,-1,0,,,,,TEMETTU_YOK,
KPEKS,Kimya ve Plastik,202606,3,0,3,6699,11.4,14,0.1,,,3.2,57,U,1,0,1,0,0,0,1,0,0,0,0,0,0,,,,,,
KOCMT,Ana Metal,202606,4,-1,3,7175,11.4,3,0.4,-17,53,1.1,26,L,1,0,1,0,2,0,1,0,0,0,-1,0,-1,,X,,,TEMETTU_YOK,DIGER_GELIR
GEREL,Metal Eşya ve Makine,202606,3,0,3,7334,11.4,26,2.5,1,,-34.5,62,I,1,2,0,1,0,0,1,0,0,-1,-1,-1,1,,,,,MARJ_OYNAK TEMETTU_YOK,
MCARD,Destek ve Hizmet,202606,3,0,3,8996,12.1,15,-5.7,,2,3.4,40,U,0,1,2,0,0,0,1,0,0,-1,0,0,0,,X,,,MARJ_OYNAK,DIGER_GELIR
RALYH,Holding,202606,3,0,3,18681,12.4,20,1.7,31,27,,,,0,1,0,2,1,1,0,0,0,-1,-1,0,0,,,,,MARJ_OYNAK TEMETTU_YOK,
ISVEA,"Cam, Seramik, Porselen",202606,2,1,3,6871,12.7,28,3.0,,,,60,I,0,2,0,0,0,0,1,0,0,0,-1,0,1,,,,,TEMETTU_YOK,
AKFIS,İnşaat,202606,1,2,3,66077,13.9,35,3.2,6,7,6.9,60,I,0,2,-2,1,0,0,0,0,0,0,0,1,1,,X,,,,DIGER_GELIR
AYGAZ,Kimya ve Plastik,202606,4,-1,3,61984,14.1,4,-1.0,-11,97,-3.5,44,L,0,0,2,0,2,0,0,0,0,0,0,0,-1,,,,,,
BOSSA,"Tekstil, Giyim ve Deri",202606,2,1,3,7514,14.4,9,2.8,-23,39,20.4,46,L,0,0,0,0,2,0,1,0,0,0,-1,2,-1,,X,,,TEMETTU_YOK,DIGER_GELIR
ALFAS,Enerji Teknolojileri,202606,1,2,3,11040,14.7,10,2.0,-19,21,19.8,55,B,0,0,0,0,1,0,1,0,0,-1,0,2,0,,,,,MARJ_OYNAK,
CATES,Enerji Üretim ve Dağıtım,202606,1,2,3,5121,17.3,3,-3.4,10,,19.1,59,B,0,-1,2,1,0,0,1,0,0,-1,-1,2,0,,X,,,MARJ_OYNAK TEMETTU_YOK,DIGER_GELIR
KLSYN,Mobilya ve Dekorasyon,202606,3,0,3,6234,19.6,16,2.0,-21,20,-6.4,50,B,0,1,0,0,1,1,1,0,0,-1,0,0,0,,,,,MARJ_OYNAK,
TEKTU,Turizm,202606,5,-2,3,1329,20.2,47,-0.1,9,148,-7.1,39,L,-1,2,2,1,2,1,1,-1,0,-1,-1,-1,-1,,,,,ALACAK MARJ_OYNAK TEMETTU_YOK,
SEYKM,Kimya ve Plastik,202606,1,2,3,610,21.8,5,-17.5,-12,2,12.1,59,B,-1,0,2,0,0,0,1,0,0,0,-1,2,0,,,,,TEMETTU_YOK,
DNISI,Kimya ve Plastik,202606,3,0,3,2174,23.9,14,-0.9,4,,4.5,59,B,-1,0,2,1,0,0,1,0,0,0,0,0,0,,X,,,,DIGER_GELIR
ESEN,Enerji Üretim ve Dağıtım,202606,2,1,3,4641,30.9,28,10.5,-20,53,10.9,30,L,-1,2,-2,0,2,1,1,0,0,-1,0,2,-1,,X,,,MARJ_OYNAK,DIGER_GELIR
POLTK,Ana Metal,202606,4,-1,3,11288,116.6,8,-0.3,24,,0.4,39,L,-1,0,2,2,0,0,1,0,0,0,0,0,-1,,,,,,
AVTUR,Toptan ve Perakende Ticaret,202606,3,0,3,450,743.1,2,-162.8,17,120,-11.5,51,B,-1,-1,2,2,2,0,1,0,0,-1,-1,0,0,,X,,,MARJ_OYNAK TEMETTU_YOK,DIGER_GELIR
SAMAT,Kağıt ve Kağıt Ürünleri,202606,2,1,3,442,,-33,,110,,0.3,60,I,0,-1,2,2,0,0,1,0,0,-1,-1,0,1,,,,,MARJ_OYNAK TEMETTU_YOK,
DIRIT,"Tekstil, Giyim ve Deri",202606,2,1,3,221,,-187,,-48,,148.4,15,L,0,-1,2,0,0,0,1,0,0,0,0,2,-1,,,,,,
BIENY,"Cam, Seramik, Porselen",202606,4,-2,2,5242,5.6,15,3.2,37,0,-22.0,38,L,2,1,-2,2,0,1,1,0,0,0,-1,-1,-1,X,,,,TEMETTU_YOK,ZARAR_AMA_FAVOK
OBASE,Bilişim ve Yazılım,202606,4,-2,2,1226,5.9,24,0.6,-7,,-4.1,27,L,2,1,1,0,0,0,1,0,-1,0,0,-1,-1,X,X,,,TMS38,ZARAR_AMA_FAVOK DIGER_GELIR
SEKUR,Ambalaj,202606,4,-2,2,754,6.1,12,2.9,39,,-23.4,44,L,2,0,0,2,0,0,1,0,0,0,-1,-1,-1,,,,,TEMETTU_YOK,
BOBET,"Taş, Toprak, Çimento",202606,4,-2,2,6046,6.2,8,0.8,-3,,-35.6,21,L,2,0,1,0,0,0,1,0,0,0,0,-1,-1,X,,,,,ZARAR_AMA_FAVOK
QUAGR,"Cam, Seramik, Porselen",202606,1,1,2,5174,6.3,14,2.8,-3,0,63.7,23,L,2,0,0,0,0,0,1,0,0,-1,-1,2,-1,X,,,,MARJ_OYNAK TEMETTU_YOK,ZARAR_AMA_FAVOK
KCAER,Ana Metal,202606,3,-1,2,19839,6.5,13,0.7,-11,4,-4.9,53,B,2,0,1,0,0,0,0,0,0,0,0,-1,0,,,,,,
ISBIR,Holding,202606,2,0,2,1984,6.7,12,3.4,-14,43,-32.5,51,B,2,0,-2,0,2,0,1,-1,0,0,0,0,0,,X,,,ALACAK,DIGER_GELIR
DEVA,İlaç ve Sağlık,202606,3,-1,2,17472,6.9,12,0.9,1,,-9.0,41,L,2,0,1,1,0,0,0,0,0,-1,0,0,-1,X,X,,,MARJ_OYNAK,ZARAR_AMA_FAVOK DIGER_GELIR
THYAO,Ulaştırma,202606,2,0,2,400890,7.0,13,4.3,38,9,-7.6,57,B,2,0,-2,2,0,0,0,0,0,0,0,0,0,,X,,,,DIGER_GELIR
BAGFS,Kimya ve Plastik,202606,1,1,2,3048,7.1,25,4.8,10,,28.2,44,L,2,1,-2,1,0,0,1,0,0,-1,-1,2,-1,,,,,MARJ_OYNAK TEMETTU_YOK,
TMPOL,Kimya ve Plastik,202606,4,-2,2,1032,7.4,13,2.5,32,,-7.6,32,L,2,0,0,2,0,0,1,0,0,0,-1,-1,-1,X,,,,TEMETTU_YOK,ZARAR_AMA_FAVOK
DURKN,Gıda ve İçecek,202606,3,-1,2,1390,7.9,28,3.9,11,,-30.0,52,B,2,2,-2,1,0,0,1,0,0,-1,0,-1,0,X,,,,MARJ_OYNAK,ZARAR_AMA_FAVOK
OYLUM,Gıda ve İçecek,202606,4,-2,2,581,8.1,7,-0.8,4,0,-17.7,43,L,1,0,2,1,0,0,1,0,0,0,-1,-1,-1,X,X,,,TEMETTU_YOK,ZARAR_AMA_FAVOK DIGER_GELIR
TKNKA,Kimya ve Plastik,202606,2,0,2,7088,8.4,23,2.5,,,,43,U,1,1,0,0,0,0,1,0,0,0,-1,0,0,,,,,TEMETTU_YOK,
INTEM,Toptan ve Perakende Ticaret,202606,3,-1,2,3851,9.2,19,0.2,9,,0.0,71,K,1,1,1,1,0,0,1,0,0,-1,-1,-1,0,,,,,MARJ_OYNAK TEMETTU_YOK,
AKSEN,Enerji Üretim ve Dağıtım,202606,2,0,2,87622,10.5,34,4.1,-19,,-11.0,66,I,1,2,-2,0,0,1,0,0,0,0,0,-1,1,,,,,,
GOODY,Otomotiv Yan Sanayi,202606,1,1,2,3314,11.3,1,1.6,-8,,93.3,14,L,1,-1,0,0,0,0,1,0,0,0,0,2,-1,,,,,,
KLMSN,Dayanıklı Tüketim Ürünleri,202606,1,1,2,1766,11.7,6,7.8,15,,11.4,36,L,1,0,-2,1,0,0,1,0,0,0,0,2,-1,,,,,,
DURDO,Ambalaj,202606,3,-1,2,3055,11.7,12,2.9,1,,0.8,35,L,1,0,0,1,0,0,1,0,0,0,0,0,-1,,,,,,
KLRHO,Holding,202606,3,-1,2,39839,12.4,46,-1.9,-49,93,-7.4,58,B,0,2,2,0,2,0,0,-1,0,-1,-1,-1,0,,,,,ALACAK MARJ_OYNAK TEMETTU_YOK,
YAPRK,"Tarım, Hayvancılık, Balıkçılık",202606,4,-2,2,2752,14.4,58,-0.7,-21,,-4.3,46,L,0,2,2,0,0,0,1,0,0,-1,0,-1,-1,,,,,MARJ_OYNAK,
EMPAE,Toptan ve Perakende Ticaret,202606,3,-1,2,7711,14.9,10,-0.8,,,-0.6,33,U,0,0,2,0,0,0,1,0,0,0,0,-1,0,,,,,,
EPLAS,Kimya ve Plastik,202606,4,-2,2,1077,14.9,3,2.4,24,23,-33.3,32,L,0,0,0,2,1,0,1,0,0,0,0,-1,-1,,,,,,
CEMZY,"Tarım, Hayvancılık, Balıkçılık",202606,3,-1,2,12190,16.9,23,-0.1,-5,1,3.5,41,L,0,1,2,0,0,0,1,0,0,0,-1,0,-1,,,,,TEMETTU_YOK,
GMTAS,Toptan ve Perakende Ticaret,202606,4,-2,2,13170,22.1,9,-0.2,35,7,-0.1,49,L,-1,0,2,2,0,0,1,0,0,0,0,-1,-1,,,,,,
EMNIS,Ambalaj,202606,1,1,2,803,23.2,6,0.0,0,,0.0,60,I,-1,0,2,0,0,0,1,0,0,0,-1,0,1,,,,,TEMETTU_YOK,
MEKAG,İmalat,202606,1,1,2,1600,23.6,2,-5.4,7,1,11.0,43,L,-1,-1,2,1,0,0,1,0,0,0,-1,2,-1,,X,,,TEMETTU_YOK,DIGER_GELIR
BRKO,"Tekstil, Giyim ve Deri",202606,3,-1,2,981,25.0,37,8.6,101,31,-91.5,53,B,-1,2,-2,2,2,1,1,0,0,-1,-1,-1,0,,,,,MARJ_OYNAK TEMETTU_YOK,
SDTTR,Savunma,202606,2,0,2,10393,25.9,15,1.6,19,0,-2.2,69,I,-1,1,0,2,0,0,1,0,0,-1,0,-1,1,,,,,MARJ_OYNAK,
OSTIM,Holding,202606,3,-1,2,964,31.3,9,1.7,22,272,-0.8,46,L,-1,0,0,2,2,0,1,0,0,-1,0,0,-1,,X,,,MARJ_OYNAK,DIGER_GELIR
EDATA,Bilişim ve Yazılım,202606,3,-1,2,1524,37.1,1,-4.4,13,15,-6.5,45,L,-1,-1,2,1,1,0,1,0,0,0,0,0,-1,,X,,,,DIGER_GELIR
MZHLD,Holding,202606,4,-2,2,460,57.2,3,2.5,24,53,-73.0,32,L,-1,0,0,2,2,0,1,0,0,0,0,-1,-1,,,,,,
NIBAS,"Taş, Toprak, Çimento",202606,3,-1,2,940,104.1,6,-3.5,66,0,-52.8,47,L,-1,0,2,2,0,0,1,0,0,0,-1,0,-1,,,,,TEMETTU_YOK,
SNPAM,"Tekstil, Giyim ve Deri",202606,2,0,2,7079,105.1,7,-2.0,-27,108,7.8,22,L,-1,0,2,0,2,0,1,0,0,-1,-1,1,-1,,,,,MARJ_OYNAK TEMETTU_YOK,
EKIZ,Kimya ve Plastik,202606,3,-1,2,474,,-1,,-35,99,-18.9,12,L,0,-1,2,0,2,0,1,0,0,0,-1,0,-1,,,,,TEMETTU_YOK,
FLAP,Destek ve Hizmet,202606,3,-1,2,1103,,-1,,-27,75,1.8,31,L,0,-1,2,0,2,0,1,0,0,-1,0,0,-1,,X,,,MARJ_OYNAK,DIGER_GELIR
MARTI,Turizm,202603,1,1,2,2100,,-1,,24,133,35.7,45,L,0,-1,-1,2,2,0,1,0,0,-1,-1,2,-1,,,,,MARJ_OYNAK TEMETTU_YOK,
AVHOL,Holding,202606,1,1,2,993,,-23,,-29,62,38.7,13,L,0,-1,2,0,2,0,1,-1,0,-1,-1,2,-1,,,,,ALACAK MARJ_OYNAK TEMETTU_YOK,
