hisse,sektor,donem,yayinci,pd_mn,fd_favok,favok_marj,nb_favok,reel_buyume,gizli_pd,p_fd,p_marj,p_borc,p_buyume,p_gizli,p_mulk,p_kucuk,u_alacak,u_tms38,u_oynak,u_temettu,b_zarar_ama_favok,b_diger_gelir,b_istirak_zarari,b_finansal_gelir,b_durdurulan,uyari,bayrak
PLTUR,Servis Taşımacılığı ve Araç Kiralama,202606,10,3740,2.1,27,0.7,21.0,27.0,3,2,1,2,1,0,1,0,0,0,0,,,,,,,
AFYON,"Taş, Toprak, Çimento",202606,10,4488,3.0,27,-0.5,5.0,0.0,3,2,2,1,0,1,1,0,0,0,0,,,,,,,
LMKDC,"Taş, Toprak, Çimento",202606,10,12430,3.3,36,-0.2,2.0,,3,2,2,1,0,1,1,0,0,0,0,,,,,,,
TRENJ,Madencilik ve Taş Ocakçılığı,202606,10,25173,4.5,40,-2.1,69.0,10.0,3,2,2,2,0,1,0,0,0,0,0,,,,,,,
EGGUB,Kimya ve Plastik,202606,10,10050,4.7,47,-0.1,16.0,,3,2,2,2,0,1,1,0,0,-1,0,,,,,,MARJ_OYNAK,
TNZTP,İlaç ve Sağlık,202606,10,10000,6.0,37,-0.5,10.0,20.0,2,2,2,1,1,1,1,0,0,0,0,,,,,,,
INDES,Teknolojik Ürün Ticareti,202606,9,9000,1.8,4,-0.1,25.0,26.0,3,0,2,2,1,0,1,0,0,0,0,,,,,,,
GEDZA,Ambalaj,202606,9,1059,2.8,27,-0.7,12.0,10.0,3,2,2,1,0,0,1,0,0,0,0,,,,,,,
TRILC,İlaç ve Sağlık,202603,9,913,3.4,27,2.7,42.0,34.0,3,2,0,2,2,0,1,0,0,0,-1,X,,,,,TEMETTU_YOK,ZARAR_AMA_FAVOK
PCILT,Destek ve Hizmet,202606,9,3659,3.5,5,-1.6,39.0,23.0,3,0,2,2,1,0,1,0,0,0,0,,,,,,,
TRMET,Madencilik ve Taş Ocakçılığı,202606,9,50256,5.6,39,-2.2,69.0,5.0,2,2,2,2,0,1,0,0,0,0,0,,,,,,,
PRKME,Enerji Üretim ve Dağıtım,202606,9,2397,8.0,55,0.0,-42.0,74.0,2,2,2,0,2,1,1,0,0,-1,0,X,,,,,MARJ_OYNAK,ZARAR_AMA_FAVOK
GSDDE,Ulaştırma,202606,8,1755,2.1,47,-3.3,-2.0,3.0,3,2,2,0,0,1,1,0,0,0,-1,,X,,,,TEMETTU_YOK,DIGER_GELIR
KIMMR,Gıda Perakendeciliği,202606,8,2597,2.3,8,0.5,15.0,83.0,3,0,1,2,2,0,1,0,0,0,-1,,,,,,TEMETTU_YOK,
TUREX,Servis Taşımacılığı ve Araç Kiralama,202606,8,6210,2.3,27,-0.2,9.0,6.0,3,2,2,1,0,1,1,0,0,-1,-1,,,,,,MARJ_OYNAK TEMETTU_YOK,
BRKSN,İnşaat,202606,8,567,2.7,18,-0.8,-5.0,,3,1,2,0,0,1,1,0,0,0,0,,,,,,,
EBEBK,Toptan ve Perakende Ticaret,202606,8,12816,2.8,13,0.0,20.0,,3,0,2,2,0,0,1,0,0,0,0,,,,,,,
TBORG,Gıda ve İçecek,202606,8,40217,3.0,26,-0.1,4.0,0.0,3,2,2,1,0,0,0,0,0,0,0,,,,,,,
NTGAZ,Enerji Üretim ve Dağıtım,202606,8,7673,3.3,23,-0.1,3.0,0.0,3,1,2,1,0,0,1,0,0,0,0,,,,,,,
KLKIM,Kimya ve Plastik,202606,8,10396,3.4,23,-0.5,5.0,4.0,3,1,2,1,0,0,1,0,0,0,0,,,,,,,
TLMAN,Ulaştırma,202606,8,1340,3.6,29,-1.7,-1.0,,3,2,2,0,0,1,1,0,0,-1,0,X,,,,,MARJ_OYNAK,ZARAR_AMA_FAVOK
CANTE,Enerji Üretim ve Dağıtım,202606,8,10800,3.7,32,-0.9,-12.0,,3,2,2,0,0,1,1,0,0,0,-1,X,,,,,TEMETTU_YOK,ZARAR_AMA_FAVOK
CEOEM,Destek ve Hizmet,202606,8,880,3.8,11,-2.9,21.0,4.0,3,0,2,2,0,0,1,0,0,0,0,,,,,,,
MACKO,Destek ve Hizmet,202606,8,2350,4.0,50,0.0,-7.0,,3,2,2,0,0,0,1,0,0,0,0,,,,,,,
BERA,Holding,202606,8,8246,4.4,12,-0.4,-2.0,99.0,3,0,2,0,2,0,1,0,0,0,0,X,,,,,,ZARAR_AMA_FAVOK
ELITE,Gıda ve İçecek,202606,8,2592,4.7,20,0.0,16.0,1.0,3,1,1,2,0,0,1,0,0,0,0,,,,,,,
SOKE,Gıda ve İçecek,202606,8,2694,4.8,4,-1.6,17.0,,3,0,2,2,0,0,1,0,0,0,0,X,,,,,,ZARAR_AMA_FAVOK
EGPRO,Kimya ve Plastik,202606,8,18530,4.8,25,-0.1,6.0,3.0,3,1,2,1,0,1,0,0,0,0,0,,,,,,,
ATATP,Bilişim ve Yazılım,202606,8,22453,5.6,71,-0.1,26.0,,2,2,2,2,0,0,0,0,0,0,0,,,,,,,
GRSEL,Servis Taşımacılığı ve Araç Kiralama,202606,8,28050,6.0,33,-0.3,2.0,5.0,2,2,2,1,0,1,0,0,0,0,0,,,,,,,
TEHOL,Holding,202606,8,19739,6.1,29,-1.7,8338.0,22.0,2,2,2,2,1,0,0,0,0,0,-1,,X,,,,TEMETTU_YOK,DIGER_GELIR
TRALT,Madencilik ve Taş Ocakçılığı,202606,8,138732,11.6,41,-2.1,80.0,1.0,1,2,2,2,0,1,0,0,0,0,0,,,,,,,
MERIT,Turizm,202606,8,4672,21.2,56,0.0,55.0,432.0,-1,2,2,2,2,0,1,0,0,0,0,,,,,,,
ULUUN,Gıda ve İçecek,202606,7,4980,1.0,1,-4.0,33.0,1.0,3,-1,2,2,0,0,1,0,0,0,0,,X,,,,,DIGER_GELIR
DOHOL,Holding,202606,7,49095,1.3,24,-3.0,-15.0,29.0,3,1,2,0,1,0,0,0,0,0,0,,X,,,,,DIGER_GELIR
CASA,Kimya ve Plastik,202606,7,221,1.5,11,0.0,,30.0,3,0,2,0,1,0,1,0,0,0,0,X,,,,,,ZARAR_AMA_FAVOK
DGATE,Teknolojik Ürün Ticareti,202606,7,1875,1.8,5,-0.1,27.0,0.0,3,0,2,2,0,0,1,0,0,0,-1,,,,,,TEMETTU_YOK,
MOPAS,Gıda Perakendeciliği,202606,7,5089,2.1,10,-0.3,4.0,,3,0,2,1,0,0,1,0,0,0,0,,,,,,,
BIGCH,Gıda ve İçecek,202606,7,2070,2.1,24,0.6,1.0,,3,1,1,1,0,0,1,0,0,0,0,,,,,,,
IHEVA,Dayanıklı Tüketim Ürünleri,202606,7,582,2.4,8,0.7,-4.0,136.0,3,0,1,0,2,0,1,0,0,0,0,,,,,,,
BESLR,Gıda ve İçecek,202606,7,7222,2.8,12,1.1,6.0,54.0,3,0,1,1,2,0,1,0,0,0,-1,,,,,,TEMETTU_YOK,
KUTPO,"Cam, Seramik, Porselen",202606,7,2672,3.1,17,-0.1,1.0,8.0,3,1,2,1,0,0,1,0,0,0,-1,X,,,,,TEMETTU_YOK,ZARAR_AMA_FAVOK
LILAK,Kağıt ve Kağıt Ürünleri,202606,7,13995,3.1,18,-2.0,-16.0,,3,1,2,0,0,0,1,0,0,0,0,,,,,,,
DESA,"Tekstil, Giyim ve Deri",202606,7,4297,3.1,21,-1.6,-8.0,7.0,3,1,2,0,0,0,1,0,0,0,0,,X,,,,,DIGER_GELIR
NTHOL,Holding,202606,7,18640,3.1,35,0.8,-6.0,92.0,3,2,1,0,2,0,0,0,0,-1,0,,,,,,MARJ_OYNAK,
BRISA,Otomotiv Yan Sanayi,202606,7,21999,3.5,16,0.7,0.0,,3,1,1,1,0,1,0,0,0,0,0,,,,,,,
GENTS,Mobilya ve Dekorasyon,202606,7,3218,3.5,15,-0.2,0.0,3.0,3,1,2,0,0,0,1,0,0,0,0,,,,,,,
KFEIN,Bilişim ve Yazılım,202606,7,1240,3.9,8,-0.4,16.0,,3,0,2,2,0,0,1,0,-1,0,0,,,,,,TMS38,
VBTYZ,Bilişim ve Yazılım,202606,7,2831,4.1,25,0.6,20.0,0.0,3,1,1,2,0,0,1,0,-1,0,0,,X,,,,TMS38,DIGER_GELIR
FRMPL,Kimya ve Plastik,202606,7,3773,4.4,22,0.0,,17.0,3,1,2,0,1,0,1,0,0,0,-1,,,,,,TEMETTU_YOK,
GENKM,Kimya ve Plastik,202606,7,4647,4.5,16,-0.9,,,3,1,2,0,0,1,1,0,0,0,-1,X,,,,,TEMETTU_YOK,ZARAR_AMA_FAVOK
A1YEN,Enerji Üretim ve Dağıtım,202606,7,1056,4.6,61,0.9,15.0,,3,2,1,1,0,1,1,0,0,-1,-1,,,,,,MARJ_OYNAK TEMETTU_YOK,
KRPLS,Ambalaj,202606,7,2034,4.7,21,0.5,4.0,,3,1,1,1,0,0,1,0,0,0,0,X,,,,,,ZARAR_AMA_FAVOK
MPARK,İlaç ve Sağlık,202606,7,81944,4.9,30,0.7,4.0,,3,2,1,1,0,0,0,0,0,0,0,,,,,,,
LOGO,Bilişim ve Yazılım,202606,7,14250,5.5,34,-0.4,7.0,10.0,2,2,2,1,0,0,1,0,-1,0,0,,,,,,TMS38,
OYAKC,"Taş, Toprak, Çimento",202606,7,100734,5.5,26,-0.7,-6.0,1.0,2,2,2,0,0,1,0,0,0,0,0,,,,,,,
FADE,Gıda ve İçecek,202606,7,994,6.6,14,0.5,16.0,153.0,2,0,1,2,2,0,1,0,0,0,-1,,,,,,TEMETTU_YOK,
ATATR,Turizm,202606,7,4584,6.6,28,0.2,,76.0,2,2,1,0,2,0,1,0,0,-1,0,,,,,,MARJ_OYNAK,
PKART,Bilişim ve Yazılım,202606,7,2070,6.8,10,-0.4,18.0,,2,0,2,2,0,0,1,0,0,0,0,,,,,,,
CLEBI,Ulaştırma,202606,7,32829,6.9,28,1.1,71.0,3.0,2,2,1,2,0,0,0,0,0,0,0,,,,,,,
AHGAZ,Enerji Üretim ve Dağıtım,202606,7,122200,7.9,31,-1.9,9.0,0.0,2,2,2,1,0,1,0,0,0,0,-1,,,,,,TEMETTU_YOK,
FONET,Bilişim ve Yazılım,202606,7,4006,7.9,44,-0.2,59.0,,2,2,2,2,0,0,1,0,-1,0,-1,,,,,,TMS38 TEMETTU_YOK,
ENKAI,İnşaat,202606,7,495900,9.8,19,-5.1,44.0,23.0,1,1,2,2,1,0,0,0,0,0,0,,,,,,,
ALVES,İmalat,202606,6,976,2.0,19,1.7,51.0,,3,1,0,2,0,0,1,0,0,-1,0,,,,,,MARJ_OYNAK,
TCELL,Haberleşme,202606,6,221540,2.1,45,0.4,7.0,2.0,3,2,1,1,0,0,0,0,-1,0,0,,,,,,TMS38,
KOTON,"Giyim, Tekstil ve Deri Ürünleri Perakendeciliği",202606,6,8238,2.4,19,1.3,1.0,,3,1,1,1,0,0,1,0,0,0,-1,X,,,,,TEMETTU_YOK,ZARAR_AMA_FAVOK
ARASE,Enerji Üretim ve Dağıtım,202606,6,24300,2.4,26,0.1,-13.0,,3,2,1,0,0,0,0,0,0,0,0,,,,,,,
TTKOM,Haberleşme,202606,6,185850,2.5,41,1.0,11.0,1.0,3,2,1,1,0,0,0,0,-1,0,0,,,,,,TMS38,
MAVI,"Tekstil, Giyim ve Deri",202606,6,29461,2.6,18,-0.3,-1.0,,3,1,2,0,0,0,0,0,0,0,0,,,,,,,
BNTAS,Ambalaj,202606,6,1335,2.9,14,-3.4,-2.0,,3,0,2,0,0,0,1,0,0,0,0,,X,,,,,DIGER_GELIR
SELEC,İlaç ve Sağlık,202606,6,46140,3.7,5,-0.8,6.0,1.0,3,0,2,1,0,0,0,0,0,0,0,,,,,,,
PENTA,Teknolojik Ürün Ticareti,202606,6,3923,3.7,4,0.7,31.0,0.0,3,0,1,2,0,0,1,0,0,0,-1,,,,,,TEMETTU_YOK,
VAKKO,"Tekstil, Giyim ve Deri",202606,6,9600,4.0,12,0.6,3.0,,3,0,1,1,0,0,1,0,0,0,0,X,X,,,,,ZARAR_AMA_FAVOK DIGER_GELIR
UCAYM,İnşaat,202606,6,3400,4.1,20,-0.7,,2.0,3,1,2,0,0,0,1,0,0,0,-1,,,,,,TEMETTU_YOK,
YKSLN,Ana Metal,202606,6,1250,4.6,24,1.2,-10.0,0.0,3,1,1,0,0,0,1,0,0,0,0,X,,,,,,ZARAR_AMA_FAVOK
SANEL,İnşaat,202606,6,584,4.6,34,0.0,0.0,4.0,3,2,2,0,0,0,1,0,0,-1,-1,,,,,,MARJ_OYNAK TEMETTU_YOK,
KARSN,Otomotiv,202606,6,8109,4.7,16,2.5,43.0,1.0,3,1,0,2,0,0,1,0,0,0,-1,,,,,,TEMETTU_YOK,
GIPTA,İmalat,202606,6,3699,4.8,15,-4.5,-8.0,0.0,3,1,2,0,0,0,1,0,0,-1,0,X,,,,,MARJ_OYNAK,ZARAR_AMA_FAVOK
DOFER,İmalat,202606,6,1254,4.8,4,0.8,43.0,,3,0,1,2,0,0,1,0,0,0,-1,,,,,,TEMETTU_YOK,
SSAAT,Toptan ve Perakende Ticaret,202606,6,17897,4.8,29,0.5,,,3,2,1,0,0,0,0,0,0,0,0,,,,,,,
VEYAS,Enerji Üretim ve Dağıtım,202606,6,45603,4.9,36,0.9,,,3,2,1,0,0,0,0,0,0,0,0,,,,,,,
LINK,Bilişim ve Yazılım,202606,6,3282,5.1,32,-1.3,0.0,,2,2,2,1,0,0,1,0,-1,-1,0,,,,,,TMS38 MARJ_OYNAK,
YUNSA,"Tekstil, Giyim ve Deri",202606,6,3082,5.3,14,-0.3,30.0,,2,0,2,2,0,0,1,0,0,-1,0,,,,,,MARJ_OYNAK,
MERCN,Kimya ve Plastik,202606,6,2111,5.5,19,2.3,-5.0,49.0,2,1,0,0,2,0,1,0,0,0,0,,,,,,,
SAYAS,Enerji Teknolojileri,202606,6,3156,5.6,20,-0.2,14.0,,2,1,2,1,0,0,1,0,0,0,-1,,,,,,TEMETTU_YOK,
MAKIM,Metal Eşya ve Makine,202606,6,1539,5.7,18,0.7,14.0,,2,1,1,1,0,1,1,0,0,0,-1,,,,,,TEMETTU_YOK,
MTRKS,Bilişim ve Yazılım,202606,6,2281,7.3,18,-0.7,14.0,1.0,2,1,2,1,0,0,1,0,-1,0,0,,,,,,TMS38,
ONCSM,İlaç ve Sağlık,202606,6,2378,7.4,40,0.4,15.0,,2,2,1,2,0,0,1,-1,0,-1,0,,,,,,ALACAK MARJ_OYNAK,
YBTAS,İnşaat,202606,6,3465,7.7,20,0.0,-8.0,,2,1,2,0,0,1,1,0,0,0,-1,,,,,,TEMETTU_YOK,
SUMAS,Mobilya ve Dekorasyon,202606,6,1252,8.2,20,-1.2,-20.0,0.0,1,1,2,0,0,1,1,0,0,0,0,X,,,,,,ZARAR_AMA_FAVOK
ODAS,Enerji Üretim ve Dağıtım,202606,6,8316,8.7,33,-0.5,-8.0,0.0,1,2,2,0,0,1,1,0,0,0,-1,X,,,,,TEMETTU_YOK,ZARAR_AMA_FAVOK
INTEK,Bilişim ve Yazılım,202606,6,1414,9.5,36,-0.2,126.0,6.0,1,2,2,2,0,0,1,0,-1,0,-1,X,,,,,TMS38 TEMETTU_YOK,ZARAR_AMA_FAVOK
TGSAS,Toptan ve Perakende Ticaret,202606,6,2055,11.8,55,-0.2,3.0,,1,2,2,1,0,0,1,0,0,0,-1,,,,,,TEMETTU_YOK,
SONME,"Tekstil, Giyim ve Deri",202606,6,9139,172.1,78,-3.3,-7.0,62.0,-1,2,2,0,2,0,1,0,0,0,0,,,,,,,
BIZIM,Gıda Perakendeciliği,202606,5,1562,1.5,5,0.7,-19.0,,3,0,1,0,0,0,1,0,0,0,0,X,,,,,,ZARAR_AMA_FAVOK
DESPC,Teknolojik Ürün Ticareti,202606,5,710,1.5,5,-0.3,-45.0,1.0,3,0,2,0,0,0,1,0,0,0,-1,X,X,,,,TEMETTU_YOK,ZARAR_AMA_FAVOK DIGER_GELIR
DERIM,"Tekstil, Giyim ve Deri",202606,5,1441,1.9,10,-1.1,-13.0,,3,0,2,0,0,0,1,0,0,0,-1,,,,,,TEMETTU_YOK,
BEYAZ,Destek ve Hizmet,202606,5,1729,2.6,2,-1.1,-3.0,4.0,3,-1,2,0,0,0,1,0,0,0,0,X,,,,,,ZARAR_AMA_FAVOK
KRSTL,Gıda ve İçecek,202606,5,1461,2.8,14,0.1,6.0,2.0,3,0,1,1,0,0,1,0,0,0,-1,,,,,,TEMETTU_YOK,
GOKNR,Gıda ve İçecek,202606,5,5065,3.1,12,0.7,-11.0,0.0,3,0,1,0,0,0,1,0,0,0,0,,,,,,,
MGROS,Gıda Perakendeciliği,202606,5,92519,3.2,6,0.2,6.0,,3,0,1,1,0,0,0,0,0,0,0,,,,,,,
RUBNS,"Tekstil, Giyim ve Deri",202606,5,1278,3.3,18,0.6,18.0,,3,1,1,2,0,0,1,-1,0,-1,-1,,,,,,ALACAK MARJ_OYNAK TEMETTU_YOK,
SOKM,Gıda Perakendeciliği,202606,5,33432,3.4,3,0.0,7.0,,3,-1,2,1,0,0,0,0,0,0,0,X,,,,,,ZARAR_AMA_FAVOK
ORGE,Enerji Teknolojileri,202606,5,9040,3.5,53,-0.2,-5.0,5.0,3,2,2,0,0,0,1,-1,0,-1,-1,,,,,,ALACAK MARJ_OYNAK TEMETTU_YOK,
BASGZ,Enerji Üretim ve Dağıtım,202606,5,28280,3.5,13,-0.3,1.0,21.0,3,0,2,1,1,0,0,0,-1,-1,0,,,,,,TMS38 MARJ_OYNAK,
MEPET,Kimya ve Plastik,202606,5,1673,3.7,8,-0.4,-8.0,7.0,3,0,2,0,0,0,1,0,0,0,-1,,X,,,,TEMETTU_YOK,DIGER_GELIR
SUWEN,"Tekstil, Giyim ve Deri",202606,5,2884,3.9,19,1.7,-1.0,,3,1,0,0,0,0,1,0,0,0,0,X,,,,,,ZARAR_AMA_FAVOK
YATAS,Mobilya ve Dekorasyon,202606,5,4000,4.1,11,2.7,12.0,10.0,3,0,0,1,0,0,1,0,0,0,0,,X,,,,,DIGER_GELIR
YIGIT,Otomotiv Yan Sanayi,202606,5,5018,4.3,7,-0.7,-6.0,,3,0,2,0,0,0,1,0,0,0,-1,,,,,,TEMETTU_YOK,
LKMNH,İlaç ve Sağlık,202606,5,2398,4.3,23,2.2,13.0,8.0,3,1,0,1,0,0,1,-1,0,0,0,,,,,,ALACAK,
HOROZ,Ulaştırma,202606,5,3989,4.3,12,2.2,17.0,6.0,3,0,0,2,0,0,1,0,0,0,-1,X,X,,,,TEMETTU_YOK,ZARAR_AMA_FAVOK DIGER_GELIR
DOAS,Otomotiv,202606,5,31878,4.4,5,2.2,-6.0,119.0,3,0,0,0,2,0,0,0,0,0,0,,,,,,,
BYDNR,Gıda ve İçecek,202606,5,1866,4.5,13,1.4,-2.0,,3,0,1,0,0,0,1,0,0,0,0,X,X,,,,,ZARAR_AMA_FAVOK DIGER_GELIR
DERHL,"Tekstil, Giyim ve Deri",202606,5,1583,4.8,20,2.3,-7.0,1.0,3,1,0,0,0,0,1,0,0,0,0,X,,,,,,ZARAR_AMA_FAVOK
PNLSN,İnşaat,202606,5,2538,4.9,14,0.1,0.0,29.0,3,0,1,0,1,0,1,-1,0,0,0,,,,,,ALACAK,
SOHOE,Enerji Üretim ve Dağıtım,202606,5,2325,4.9,30,2.3,,1.0,3,2,0,0,0,0,1,0,0,0,-1,,,,,,TEMETTU_YOK,
GSRAY,Spor,202512,5,10800,4.9,13,1.0,41.0,1.0,3,0,1,2,0,0,1,0,0,-1,-1,,,,,,MARJ_OYNAK TEMETTU_YOK,
TABGD,Gıda ve İçecek,202606,5,58765,5.0,20,0.2,15.0,,2,1,1,1,0,0,0,0,0,0,0,,,,,,,
DAGI,"Tekstil, Giyim ve Deri",202606,5,2228,5.2,20,2.5,19.0,,2,1,0,2,0,0,1,0,0,0,-1,X,,,,,TEMETTU_YOK,ZARAR_AMA_FAVOK
TUPRS,Kimya ve Plastik,202606,5,730737,5.4,10,-1.2,12.0,3.0,2,0,2,1,0,0,0,0,0,0,0,,,,,,,
YEOTK,Enerji Teknolojileri,202606,5,23074,5.5,24,1.1,95.0,4.0,2,1,1,2,0,0,0,0,0,-1,0,,,,,,MARJ_OYNAK,
EKIM,Servis Taşımacılığı ve Araç Kiralama,202606,5,12904,5.7,26,2.6,,,2,2,0,0,0,1,1,0,0,0,-1,X,,,,,TEMETTU_YOK,ZARAR_AMA_FAVOK
CCOLA,Gıda ve İçecek,202606,5,229722,6.0,20,0.7,10.0,,2,1,1,1,0,0,0,0,0,0,0,,,,,,,
SAFKR,Metal Eşya ve Makine,202606,5,2852,6.1,16,-0.4,44.0,1.0,2,1,2,2,0,0,1,-1,0,-1,-1,,,,,,ALACAK MARJ_OYNAK TEMETTU_YOK,
BVSAN,İmalat,202606,5,2705,6.1,15,0.9,-6.0,,2,1,1,0,0,0,1,0,0,0,0,X,,,,,,ZARAR_AMA_FAVOK
SAHOL,Holding,202606,5,186513,6.1,44,2.4,-5.0,116.0,2,2,0,0,2,0,0,0,0,-1,0,,,,,,MARJ_OYNAK,
GLRMK,İnşaat,202606,5,44293,6.3,13,-0.1,9.0,0.0,2,0,2,1,0,0,0,0,0,0,0,,,,,,,
MEDTR,İlaç ve Sağlık,202606,5,2280,6.3,10,-1.5,-9.0,4.0,2,0,2,0,0,0,1,0,0,0,0,,,,,,,
ARDYZ,Bilişim ve Yazılım,202606,5,21915,6.4,46,0.4,133.0,0.0,2,2,1,2,0,0,0,0,-1,0,-1,,,,,,TMS38 TEMETTU_YOK,
BRLSM,Enerji Teknolojileri,202606,5,2341,6.5,7,1.7,36.0,14.0,2,0,0,2,0,0,1,0,0,0,0,X,,,,,,ZARAR_AMA_FAVOK
TAVHL,Ulaştırma,202606,5,100084,6.8,30,3.2,37.0,30.0,2,2,-2,2,2,0,0,0,-1,0,0,,,X,,,TMS38,ISTIRAK_ZARARI
PRKAB,Metal Eşya ve Makine,202606,5,5314,6.8,3,-1.2,4.0,,2,0,2,1,0,0,1,-1,0,0,0,X,,,,,ALACAK,ZARAR_AMA_FAVOK
CGCAM,"Cam, Seramik, Porselen",202606,5,3447,7.0,17,-0.4,-17.0,4.0,2,1,2,0,0,1,1,0,0,-1,-1,,,,,,MARJ_OYNAK TEMETTU_YOK,
NUHCM,"Taş, Toprak, Çimento",202606,5,31950,7.0,19,-1.2,-2.0,10.0,2,1,2,0,0,1,0,-1,0,0,0,,,,,,ALACAK,
EUREN,Enerji Üretim ve Dağıtım,202606,5,5922,7.5,10,1.2,22.0,7.0,2,0,1,2,0,0,1,0,0,0,-1,,,,,,TEMETTU_YOK,
AYDEM,Enerji Üretim ve Dağıtım,202606,5,17258,7.7,35,4.4,29.0,,2,2,-2,2,0,1,0,0,0,0,0,,,,,,,
CIMSA,"Taş, Toprak, Çimento",202606,5,39299,7.8,18,2.7,6.0,0.0,2,1,0,1,0,1,0,0,0,0,0,,,,,,,
TEZOL,Kağıt ve Kağıt Ürünleri,202606,5,3700,7.9,5,-3.1,-20.0,,2,0,2,0,0,0,1,0,0,0,0,X,X,,,,,ZARAR_AMA_FAVOK DIGER_GELIR
MEYSU,Gıda ve İçecek,202606,5,7238,7.9,21,0.7,,,2,1,1,0,0,1,1,0,0,0,-1,,,,,,TEMETTU_YOK,
NETCD,Bilişim ve Yazılım,202606,5,12131,8.4,77,-0.5,,,1,2,2,0,0,0,1,0,-1,0,0,,,,,,TMS38,
GUBRF,Kimya ve Plastik,202606,5,137191,9.5,21,-0.4,26.0,12.0,1,1,2,2,0,0,0,0,0,0,-1,,,,,,TEMETTU_YOK,
TCKRC,İmalat,202606,5,21590,9.6,41,0.3,169.0,0.0,1,2,1,2,0,1,0,0,0,-1,-1,,,,,,MARJ_OYNAK TEMETTU_YOK,
INTET,Bilişim ve Yazılım,202606,5,8680,10.3,28,0.3,,0.0,1,2,1,0,0,0,1,0,0,0,0,,,,,,,
ACSEL,Kimya ve Plastik,202606,5,944,10.4,11,1.3,9.0,24.0,1,0,1,1,1,0,1,0,0,0,0,,,,,,,
SEGMN,Gıda ve İçecek,202606,5,3899,10.5,10,-1.0,15.0,3.0,1,0,2,1,0,0,1,0,0,0,0,,,,,,,
RYSAS,Ulaştırma,202606,5,51400,11.4,40,0.7,0.0,60.0,1,2,1,0,2,0,0,0,0,0,-1,,,,,,TEMETTU_YOK,
MOBTL,Teknolojik Ürün Ticareti,202606,5,10568,11.9,6,2.0,20.0,90.0,1,0,0,2,2,0,1,0,0,0,-1,,,,,,TEMETTU_YOK,
ENDAE,Enerji Üretim ve Dağıtım,202606,5,5679,12.9,48,-2.4,-22.0,4.0,0,2,2,0,0,1,1,0,0,-1,0,,,,,,MARJ_OYNAK,
HTTBT,Bilişim ve Yazılım,202606,5,10440,13.0,41,-0.3,40.0,,0,2,2,2,0,0,1,0,-1,0,-1,,,,,,TMS38 TEMETTU_YOK,
ASTOR,Enerji Teknolojileri,202606,5,194211,13.2,33,-0.7,11.0,,0,2,2,1,0,0,0,0,0,0,0,,,,,,,
KRONT,Haberleşme,202606,5,3510,14.3,37,-0.3,28.0,,0,2,2,2,0,0,1,0,-1,0,-1,,,,,,TMS38 TEMETTU_YOK,
KONKA,Kağıt ve Kağıt Ürünleri,202606,5,3358,16.6,6,-0.1,-15.0,166.0,0,0,2,0,2,0,1,0,0,0,0,,X,,,,,DIGER_GELIR
GRTHO,Gıda ve İçecek,202606,5,14275,17.6,10,-1.3,-15.0,32.0,0,0,2,0,2,0,1,0,0,0,0,,,,,,,
TEKTU,Turizm,202606,5,1329,20.2,47,-0.1,9.0,148.0,-1,2,2,1,2,1,1,-1,0,-1,-1,,,,,,ALACAK MARJ_OYNAK TEMETTU_YOK,
FMIZP,Otomotiv Yan Sanayi,202606,5,3873,24.9,18,-3.1,28.0,0.0,-1,1,2,2,0,0,1,0,0,0,0,,,,,,,
ARSAN,Holding,202606,5,6326,53.6,23,-18.0,148.0,133.0,-1,1,2,2,2,0,1,-1,0,-1,0,,X,,,,ALACAK MARJ_OYNAK,DIGER_GELIR
BRYAT,Holding,202606,5,41147,,-38,,108.0,51.0,0,-1,2,2,2,0,0,0,0,0,0,,X,,,,,DIGER_GELIR
LIDER,Servis Taşımacılığı ve Araç Kiralama,202606,5,6823,,28,-17.9,-40.0,5.0,0,2,2,0,0,0,1,0,0,0,0,,X,,,,,DIGER_GELIR
ESCOM,Bilişim ve Yazılım,202606,4,3165,1.1,99,0.0,411.0,,0,0,2,2,0,0,1,0,0,0,-1,,,,X,,TEMETTU_YOK,FINANSAL_GELIR
GSDHO,Ulaştırma,202606,4,4050,1.3,112,-0.9,13.0,0.0,0,0,2,1,0,1,1,0,0,-1,0,,,,X,,MARJ_OYNAK,FINANSAL_GELIR
ENJSA,Enerji Üretim ve Dağıtım,202606,4,131807,4.1,20,1.5,-7.0,,3,1,0,0,0,0,0,0,0,0,0,,,,,,,
KRDMA,Ana Metal,202606,4,46284,4.8,13,0.0,-8.0,1.0,3,0,1,0,0,0,0,0,0,0,0,,,,,,,
AGHOL,Holding,202606,4,77931,4.9,10,1.2,3.0,5.0,3,0,1,1,0,0,0,0,-1,0,0,,,,,,TMS38,
TUKAS,Gıda ve İçecek,202606,4,8820,5.0,27,2.0,-2.0,1.0,2,2,0,0,0,1,1,-1,0,0,-1,X,,,,,ALACAK TEMETTU_YOK,ZARAR_AMA_FAVOK
SNICA,Metal Eşya ve Makine,202606,4,1380,5.2,14,2.4,38.0,,2,0,0,2,0,0,1,0,0,0,-1,X,,,,,TEMETTU_YOK,ZARAR_AMA_FAVOK
CEMTS,Ana Metal,202606,4,3920,5.4,11,0.1,-8.0,,2,0,1,0,0,0,1,0,0,0,0,X,X,,,,,ZARAR_AMA_FAVOK DIGER_GELIR
PETUN,Gıda ve İçecek,202606,4,3061,5.5,10,3.1,1.0,59.0,2,0,-2,1,2,0,1,0,0,0,0,,,X,,,,ISTIRAK_ZARARI
BIENY,"Cam, Seramik, Porselen",202606,4,5242,5.6,15,3.2,37.0,0.0,2,1,-2,2,0,1,1,0,0,0,-1,X,,,,,TEMETTU_YOK,ZARAR_AMA_FAVOK
PINSU,Gıda ve İçecek,202606,4,2519,5.9,17,1.2,-2.0,3.0,2,1,1,0,0,0,1,0,0,0,-1,,,,,,TEMETTU_YOK,
OBASE,Bilişim ve Yazılım,202606,4,1226,5.9,24,0.6,-7.0,,2,1,1,0,0,0,1,0,-1,0,0,X,X,,,,TMS38,ZARAR_AMA_FAVOK DIGER_GELIR
SEKUR,Ambalaj,202606,4,754,6.1,12,2.9,39.0,,2,0,0,2,0,0,1,0,0,0,-1,,,,,,TEMETTU_YOK,
BOBET,"Taş, Toprak, Çimento",202606,4,6046,6.2,8,0.8,-3.0,,2,0,1,0,0,0,1,0,0,0,0,X,,,,,,ZARAR_AMA_FAVOK
MARBL,"Taş, Toprak, Çimento",202606,4,2057,6.4,13,2.1,29.0,11.0,2,0,0,2,0,0,1,0,0,0,-1,X,,,,,TEMETTU_YOK,ZARAR_AMA_FAVOK
AYEN,Enerji Üretim ve Dağıtım,202606,4,7137,6.7,29,3.1,-22.0,24.0,2,2,-2,0,1,1,1,0,0,-1,0,,,,,,MARJ_OYNAK,
TATGD,Gıda ve İçecek,202606,4,4071,6.7,10,2.6,10.0,,2,0,0,1,0,0,1,0,0,0,0,,X,,,,,DIGER_GELIR
GWIND,Enerji Üretim ve Dağıtım,202606,4,10897,7.0,63,1.1,-14.0,,2,2,1,0,0,0,1,0,-1,-1,0,,X,,,,TMS38 MARJ_OYNAK,DIGER_GELIR
SMART,Bilişim ve Yazılım,202606,4,513,7.0,53,1.3,-45.0,,2,2,1,0,0,0,1,0,-1,0,-1,X,,,,,TMS38 TEMETTU_YOK,ZARAR_AMA_FAVOK
FORTE,Bilişim ve Yazılım,202606,4,6941,7.0,30,1.6,75.0,1.0,2,2,0,2,0,0,1,-1,-1,-1,0,,,,,,ALACAK TMS38 MARJ_OYNAK,
TMPOL,Kimya ve Plastik,202606,4,1032,7.4,13,2.5,32.0,,2,0,0,2,0,0,1,0,0,0,-1,X,,,,,TEMETTU_YOK,ZARAR_AMA_FAVOK
BAKAB,Ambalaj,202606,4,2229,7.6,5,1.6,4.0,,2,0,0,1,0,0,1,0,0,0,0,X,X,,,,,ZARAR_AMA_FAVOK DIGER_GELIR
AKSA,Kimya ve Plastik,202606,4,40287,8.0,19,2.9,10.0,2.0,2,1,0,1,0,1,0,-1,0,0,0,,X,,,,ALACAK,DIGER_GELIR
MASFN,Enerji Teknolojileri,202606,4,20779,8.0,38,-2.5,,3.0,1,2,2,0,0,0,0,0,0,0,-1,,,,,,TEMETTU_YOK,
OYLUM,Gıda ve İçecek,202606,4,581,8.1,7,-0.8,4.0,0.0,1,0,2,1,0,0,1,0,0,0,-1,X,X,,,,TEMETTU_YOK,ZARAR_AMA_FAVOK DIGER_GELIR
REEDR,Bilişim ve Yazılım,202606,4,3316,8.4,22,1.1,-49.0,86.0,1,1,1,0,2,0,1,0,0,-1,-1,X,X,X,,,MARJ_OYNAK TEMETTU_YOK,ZARAR_AMA_FAVOK DIGER_GELIR ISTIRAK_ZARARI
EGEPO,İlaç ve Sağlık,202606,4,3070,8.6,19,-0.7,11.0,2.0,1,1,2,1,0,0,1,-1,0,0,-1,X,,,,,ALACAK TEMETTU_YOK,ZARAR_AMA_FAVOK
ATAKP,Gıda ve İçecek,202606,4,4543,8.8,11,-0.8,-7.0,,1,0,2,0,0,0,1,0,0,0,0,X,,,,,,ZARAR_AMA_FAVOK
EUPWR,Enerji Teknolojileri,202606,4,33858,8.8,25,0.7,41.0,0.0,1,2,1,2,0,0,0,0,0,-1,-1,,,,,,MARJ_OYNAK TEMETTU_YOK,
TATEN,Enerji Üretim ve Dağıtım,202606,4,5352,9.0,57,4.1,24.0,22.0,1,2,-2,2,1,1,1,0,0,-1,-1,X,,,,,MARJ_OYNAK TEMETTU_YOK,ZARAR_AMA_FAVOK
NETGL,Kimya ve Plastik,202606,4,4113,9.0,25,1.8,,4.0,1,1,0,0,0,1,1,0,0,0,0,,,,,,,
GOLTS,"Taş, Toprak, Çimento",202606,4,4635,9.0,10,2.9,5.0,69.0,1,0,0,1,2,0,1,0,0,-1,0,,,,,,MARJ_OYNAK,
SUNTK,"Tekstil, Giyim ve Deri",202606,4,12121,9.1,10,0.0,-16.0,16.0,1,0,1,0,1,0,1,0,0,0,0,,,,,,,
CMENT,"Taş, Toprak, Çimento",202606,4,20907,9.7,14,-0.4,-16.0,34.0,1,0,2,0,2,0,0,0,0,-1,0,,,,,,MARJ_OYNAK,
BTCIM,"Taş, Toprak, Çimento",202606,4,10825,10.6,11,2.8,-10.0,38.0,1,0,0,0,2,0,1,0,0,0,0,,,,,,,
BLCYT,Holding,202606,4,1800,11.0,21,-9.9,-23.0,146.0,1,1,2,0,2,0,1,-1,0,-1,-1,,,,,,ALACAK MARJ_OYNAK TEMETTU_YOK,
ISKPL,Kimya ve Plastik,202606,4,6015,11.1,22,2.8,8.0,,1,1,0,1,0,1,1,-1,0,0,0,,,,,,ALACAK,
KOCMT,Ana Metal,202606,4,7175,11.4,3,0.4,-17.0,53.0,1,0,1,0,2,0,1,0,0,0,-1,,X,,,,TEMETTU_YOK,DIGER_GELIR
ISDMR,Ana Metal,202606,4,179655,12.6,11,-0.2,19.0,1.0,0,0,2,2,0,0,0,0,0,0,0,,,,,,,
GOLDA,Gıda ve İçecek,202606,4,2198,13.9,5,-1.5,,36.0,0,0,2,0,2,0,1,0,0,0,-1,,X,,,,TEMETTU_YOK,DIGER_GELIR
AYGAZ,Kimya ve Plastik,202606,4,61984,14.1,4,-1.0,-11.0,97.0,0,0,2,0,2,0,0,0,0,0,0,,,,,,,
YAPRK,"Tarım, Hayvancılık, Balıkçılık",202606,4,2752,14.4,58,-0.7,-21.0,,0,2,2,0,0,0,1,0,0,-1,0,,,,,,MARJ_OYNAK,
EPLAS,Kimya ve Plastik,202606,4,1077,14.9,3,2.4,24.0,23.0,0,0,0,2,1,0,1,0,0,0,0,,,,,,,
ENERY,Enerji Üretim ve Dağıtım,202606,4,124380,16.5,19,-0.6,9.0,6.0,0,1,2,1,0,1,0,0,0,0,-1,,,,,,TEMETTU_YOK,
BESTE,Enerji Üretim ve Dağıtım,202606,4,4005,19.4,46,-1.5,,,0,2,2,0,0,1,1,0,0,-1,-1,,,,,,MARJ_OYNAK TEMETTU_YOK,
GMTAS,Toptan ve Perakende Ticaret,202606,4,13170,22.1,9,-0.2,35.0,7.0,-1,0,2,2,0,0,1,0,0,0,0,,,,,,,
ASELS,Savunma,202606,4,1714560,28.6,27,0.6,19.0,0.0,-1,2,1,2,0,0,0,0,0,0,0,,,,,,,
DOFRB,İmalat,202606,4,11594,32.2,31,0.6,62.0,,-1,2,1,2,0,0,1,-1,0,0,0,,,,,,ALACAK,
METRO,Holding,202606,4,4207,41.6,37,-0.4,370.0,,-1,2,2,2,0,0,1,0,0,-1,-1,,,,,,MARJ_OYNAK TEMETTU_YOK,
KSTUR,Turizm,202606,4,8489,46.6,34,-1.1,-11.0,,-1,2,2,0,0,1,1,0,0,-1,0,,,,,,MARJ_OYNAK,
MZHLD,Holding,202606,4,460,57.2,3,2.5,24.0,53.0,-1,0,0,2,2,0,1,0,0,0,0,,,,,,,
POLTK,Ana Metal,202606,4,11288,116.6,8,-0.3,24.0,,-1,0,2,2,0,0,1,0,0,0,0,,,,,,,
RTALB,İlaç ve Sağlık,202606,4,1100,,-1,,21.0,225.0,0,-1,2,2,2,0,1,0,0,-1,-1,,X,,,,MARJ_OYNAK TEMETTU_YOK,DIGER_GELIR
DUNYH,Gıda ve İçecek,202606,4,1010,,-8,,116.0,,0,-1,2,2,0,0,1,0,0,0,0,,,,,,,
EUHOL,Holding,202606,3,1275,0.5,99,0.0,,16.0,0,0,2,0,1,0,1,0,0,0,-1,,,,X,,TEMETTU_YOK,FINANSAL_GELIR
TKNSA,Teknolojik Ürün Ticareti,202606,3,2882,2.5,4,1.8,-4.0,12.0,3,0,0,0,0,0,1,0,0,0,-1,X,,,,,TEMETTU_YOK,ZARAR_AMA_FAVOK
PAHOL,Holding,202606,3,19000,3.1,96,0.0,101.0,3.0,0,0,2,2,0,0,0,0,0,0,-1,,,,X,,TEMETTU_YOK,FINANSAL_GELIR
ULKER,Gıda ve İçecek,202606,3,31665,4.3,14,2.4,-4.0,,3,0,0,0,0,0,0,0,0,0,0,,,,,,,
DYOBY,Kimya ve Plastik,202606,3,3105,4.6,18,3.1,-15.0,2.0,3,1,-2,0,0,1,1,0,-1,0,0,,,,,,TMS38,
TUCLK,Ana Metal,202606,3,1314,4.8,41,3.2,-14.0,,3,2,-2,0,0,1,1,0,0,-1,-1,X,,,,,MARJ_OYNAK TEMETTU_YOK,ZARAR_AMA_FAVOK
KRDMD,Ana Metal,202606,3,50616,5.3,13,0.0,-8.0,1.0,2,0,1,0,0,0,0,0,0,0,0,,,,,,,
KMPUR,Kimya ve Plastik,202606,3,6982,5.5,15,2.5,-10.0,2.0,2,0,0,0,0,0,1,0,0,0,0,,,,,,,
KRVGD,Gıda ve İçecek,202606,3,4644,5.8,10,2.8,-4.0,2.0,2,0,0,0,0,0,1,0,0,0,0,,X,,,,,DIGER_GELIR
AEFES,Gıda ve İçecek,202606,3,110546,5.8,18,1.3,-6.0,0.0,2,1,1,0,0,0,0,0,-1,0,0,,,,,,TMS38,
EKDMR,Ana Metal,202606,3,9363,6.1,6,0.6,,,2,0,1,0,0,0,1,0,0,0,-1,,,,,,TEMETTU_YOK,
ALCTL,Haberleşme,202606,3,3241,6.3,6,-4.3,-1.0,,2,0,2,0,0,0,1,0,0,-1,-1,X,,,,,MARJ_OYNAK TEMETTU_YOK,ZARAR_AMA_FAVOK
BASCM,"Taş, Toprak, Çimento",202606,3,7927,6.4,9,0.4,-1.0,2.0,2,0,1,0,0,0,1,0,0,0,-1,,,,,,TEMETTU_YOK,
CWENE,Enerji Teknolojileri,202606,3,20121,6.4,22,2.0,22.0,,2,1,0,2,0,0,0,-1,0,-1,0,,,,,,ALACAK MARJ_OYNAK,
KCAER,Ana Metal,202606,3,19839,6.5,13,0.7,-11.0,4.0,2,0,1,0,0,0,0,0,0,0,0,,,,,,,
DEVA,İlaç ve Sağlık,202606,3,17472,6.9,12,0.9,1.0,,2,0,1,1,0,0,0,0,0,-1,0,X,X,,,,MARJ_OYNAK,ZARAR_AMA_FAVOK DIGER_GELIR
KCHOL,Holding,202606,3,541668,7.2,12,3.6,3.0,45.0,2,0,-2,1,2,0,0,0,0,0,0,,,,,,,
IZENR,Enerji Üretim ve Dağıtım,202606,3,9555,7.4,16,0.3,-25.0,,2,1,1,0,0,1,1,-1,0,-1,-1,,,,,,ALACAK MARJ_OYNAK TEMETTU_YOK,
OZSUB,"Tarım, Hayvancılık, Balıkçılık",202606,3,4495,7.7,23,1.6,-11.0,9.0,2,1,0,0,0,0,1,0,0,0,-1,,,,,,TEMETTU_YOK,
YYLGD,Gıda ve İçecek,202606,3,8109,7.7,9,4.6,51.0,,2,0,-2,2,0,0,1,0,0,0,0,,,,,,,
DURKN,Gıda ve İçecek,202606,3,1390,7.9,28,3.9,11.0,,2,2,-2,1,0,0,1,0,0,-1,0,X,,,,,MARJ_OYNAK,ZARAR_AMA_FAVOK
MNDRS,"Tekstil, Giyim ve Deri",202606,3,2587,8.2,5,2.1,-16.0,123.0,1,0,0,0,2,0,1,0,0,0,-1,,X,,,,TEMETTU_YOK,DIGER_GELIR
MAKTK,Metal Eşya ve Makine,202606,3,1330,8.4,16,1.1,-15.0,,1,1,1,0,0,0,1,0,0,0,-1,X,,,,,TEMETTU_YOK,ZARAR_AMA_FAVOK
EMKEL,İmalat,202606,3,1106,8.4,15,2.5,7.0,,1,0,0,1,0,0,1,0,0,0,0,X,,,,,,ZARAR_AMA_FAVOK
SARKY,Ana Metal,202606,3,21000,8.4,3,2.5,21.0,13.0,1,0,0,2,0,0,0,0,0,0,0,,,,,,,
INTEM,Toptan ve Perakende Ticaret,202606,3,3851,9.2,19,0.2,9.0,,1,1,1,1,0,0,1,0,0,-1,-1,,,,,,MARJ_OYNAK TEMETTU_YOK,
BIMAS,Gıda Perakendeciliği,202606,3,491100,9.4,6,0.6,9.0,,1,0,1,1,0,0,0,0,0,0,0,,,,,,,
BUCIM,"Taş, Toprak, Çimento",202606,3,7530,9.4,11,3.0,-3.0,16.0,1,0,0,0,1,0,1,0,0,0,0,X,,,,,,ZARAR_AMA_FAVOK
ORZAX,İlaç ve Sağlık,202606,3,24524,9.4,34,1.4,,,1,2,1,0,0,0,0,0,0,0,-1,,,,,,TEMETTU_YOK,
CITAS,Gıda ve İçecek,202606,3,20808,10.8,18,0.0,,6.0,1,1,1,0,0,0,0,0,0,0,0,,,,,,,
HRKET,Destek ve Hizmet,202606,3,13660,11.3,23,3.6,27.0,,1,1,-2,2,0,1,1,0,0,0,-1,,X,,,,TEMETTU_YOK,DIGER_GELIR
KPEKS,Kimya ve Plastik,202606,3,6699,11.4,14,0.1,,,1,0,1,0,0,0,1,0,0,0,0,,,,,,,
GEREL,Metal Eşya ve Makine,202606,3,7334,11.4,26,2.5,1.0,,1,2,0,1,0,0,1,0,0,-1,-1,,,,,,MARJ_OYNAK TEMETTU_YOK,
DURDO,Ambalaj,202606,3,3055,11.7,12,2.9,1.0,,1,0,0,1,0,0,1,0,0,0,0,,,,,,,
MCARD,Destek ve Hizmet,202606,3,8996,12.1,15,-5.7,,2.0,0,1,2,0,0,0,1,0,0,-1,0,,X,,,,MARJ_OYNAK,DIGER_GELIR
KLRHO,Holding,202606,3,39839,12.4,46,-1.9,-49.0,93.0,0,2,2,0,2,0,0,-1,0,-1,-1,,,,,,ALACAK MARJ_OYNAK TEMETTU_YOK,
RALYH,Holding,202606,3,18681,12.4,20,1.7,31.0,27.0,0,1,0,2,1,1,0,0,0,-1,-1,,,,,,MARJ_OYNAK TEMETTU_YOK,
KONYA,"Taş, Toprak, Çimento",202606,3,17215,14.4,16,0.5,8.0,1.0,0,1,1,1,0,1,0,0,0,-1,0,,,,,,MARJ_OYNAK,
EMPAE,Toptan ve Perakende Ticaret,202606,3,7711,14.9,10,-0.8,,,0,0,2,0,0,0,1,0,0,0,0,,,,,,,
JANTS,Otomotiv Yan Sanayi,202606,3,9373,16.0,8,1.5,8.0,0.0,0,0,1,1,0,0,1,0,0,0,0,,X,,,,,DIGER_GELIR
CEMZY,"Tarım, Hayvancılık, Balıkçılık",202606,3,12190,16.9,23,-0.1,-5.0,1.0,0,1,2,0,0,0,1,0,0,0,-1,,,,,,TEMETTU_YOK,
KLSYN,Mobilya ve Dekorasyon,202606,3,6234,19.6,16,2.0,-21.0,20.0,0,1,0,0,1,1,1,0,0,-1,0,,,,,,MARJ_OYNAK,
VSNMD,Madencilik ve Taş Ocakçılığı,202606,3,5038,23.4,13,-1.3,1.0,1.0,-1,0,2,1,0,0,1,0,0,0,0,,X,,,,,DIGER_GELIR
DNISI,Kimya ve Plastik,202606,3,2174,23.9,14,-0.9,4.0,,-1,0,2,1,0,0,1,0,0,0,0,,X,,,,,DIGER_GELIR
BRKO,"Tekstil, Giyim ve Deri",202606,3,981,25.0,37,8.6,101.0,31.0,-1,2,-2,2,2,1,1,0,0,-1,-1,,,,,,MARJ_OYNAK TEMETTU_YOK,
OSTIM,Holding,202606,3,964,31.3,9,1.7,22.0,272.0,-1,0,0,2,2,0,1,0,0,-1,0,,X,,,,MARJ_OYNAK,DIGER_GELIR
EDATA,Bilişim ve Yazılım,202606,3,1524,37.1,1,-4.4,13.0,15.0,-1,-1,2,1,1,0,1,0,0,0,0,,X,,,,,DIGER_GELIR
BFREN,Otomotiv Yan Sanayi,202606,3,13245,40.0,10,-0.3,1.0,,-1,0,2,1,0,0,1,0,0,0,0,,,,,,,
DMRGD,Gıda ve İçecek,202606,3,12497,44.4,17,-1.0,22.0,,-1,1,2,2,0,0,1,0,0,-1,-1,,X,,,,MARJ_OYNAK TEMETTU_YOK,DIGER_GELIR
ATSYH,Holding,202606,3,720,84.8,7,0.0,110.0,4.0,-1,0,2,2,0,0,1,0,0,0,-1,,,,,,TEMETTU_YOK,
NIBAS,"Taş, Toprak, Çimento",202606,3,940,104.1,6,-3.5,66.0,0.0,-1,0,2,2,0,0,1,0,0,0,-1,,,,,,TEMETTU_YOK,
MAALT,Turizm,202606,3,7335,455.1,26,-26.0,-5.0,3.0,-1,2,2,0,0,0,1,0,0,0,-1,,,,,,TEMETTU_YOK,
AVTUR,Toptan ve Perakende Ticaret,202606,3,450,743.1,2,-162.8,17.0,120.0,-1,-1,2,2,2,0,1,0,0,-1,-1,,X,,,,MARJ_OYNAK TEMETTU_YOK,DIGER_GELIR
VANGD,Gıda ve İçecek,202606,3,1734,923.9,1,-3.9,33.0,37.0,-1,-1,2,2,2,0,1,0,0,-1,-1,,X,,,,MARJ_OYNAK TEMETTU_YOK,DIGER_GELIR
FLAP,Destek ve Hizmet,202606,3,1103,,-1,,-27.0,75.0,0,-1,2,0,2,0,1,0,0,-1,0,,X,,,,MARJ_OYNAK,DIGER_GELIR
SANKO,"Tekstil, Giyim ve Deri",202606,3,3327,,-2,,-42.0,28.0,0,-1,2,0,1,0,1,0,0,0,0,,X,,,,,DIGER_GELIR
EKIZ,Kimya ve Plastik,202606,3,474,,-1,,-35.0,99.0,0,-1,2,0,2,0,1,0,0,0,-1,,,,,,TEMETTU_YOK,
GLRYH,Holding,202606,2,1134,1.4,557,-0.5,4.0,30.0,0,0,2,1,1,0,1,-1,0,-1,-1,,,,X,,ALACAK MARJ_OYNAK TEMETTU_YOK,FINANSAL_GELIR
SILVR,Dayanıklı Tüketim Ürünleri,202606,2,592,5.6,7,1.3,-24.0,,2,0,1,0,0,0,1,-1,0,0,-1,X,,,,,ALACAK TEMETTU_YOK,ZARAR_AMA_FAVOK
ISBIR,Holding,202606,2,1984,6.7,12,3.4,-14.0,43.0,2,0,-2,0,2,0,1,-1,0,0,0,,X,,,,ALACAK,DIGER_GELIR
KAREL,Haberleşme,202606,2,5021,6.7,8,3.6,10.0,,2,0,-2,1,0,0,1,0,0,0,0,X,,,,,,ZARAR_AMA_FAVOK
THYAO,Ulaştırma,202606,2,400890,7.0,13,4.3,38.0,9.0,2,0,-2,2,0,0,0,0,0,0,0,,X,,,,,DIGER_GELIR
FROTO,Otomotiv,202606,2,261779,7.4,6,2.2,-5.0,0.0,2,0,0,0,0,0,0,0,0,0,0,,,,,,,
GENIL,İlaç ve Sağlık,202606,2,19350,7.4,13,1.6,15.0,4.0,2,0,0,2,0,0,0,-1,0,0,-1,,,,,,ALACAK TEMETTU_YOK,
RNPOL,Kimya ve Plastik,202606,2,1110,7.5,12,3.3,60.0,,2,0,-2,2,0,0,1,0,0,0,-1,,,,,,TEMETTU_YOK,
ARCLK,Dayanıklı Tüketim Ürünleri,202606,2,54599,7.8,6,6.0,-10.0,76.0,2,0,-2,0,2,0,0,0,0,0,0,X,X,,,,,ZARAR_AMA_FAVOK DIGER_GELIR
OFSYM,Gıda ve İçecek,202606,2,8453,8.1,8,2.9,-8.0,1.0,1,0,0,0,0,0,1,0,0,0,0,,,,,,,
TKNKA,Kimya ve Plastik,202606,2,7088,8.4,23,2.5,,,1,1,0,0,0,0,1,0,0,0,-1,,,,,,TEMETTU_YOK,
GLYHO,Holding,202606,2,32916,8.8,40,5.4,-4.0,41.0,1,2,-2,0,2,0,0,0,-1,0,0,,,,,,TMS38,
SERNT,"Cam, Seramik, Porselen",202606,2,2069,8.8,24,6.4,6.0,9.0,1,1,-2,1,0,1,1,0,0,0,-1,X,,,,,TEMETTU_YOK,ZARAR_AMA_FAVOK
KRDMB,Ana Metal,202606,2,86184,9.0,13,0.0,-8.0,1.0,1,0,1,0,0,0,0,0,0,0,0,,,,,,,
KUVVA,Gıda ve İçecek,202606,2,2460,9.0,40,1.8,-57.0,1.0,1,2,0,0,0,1,1,-1,-1,0,-1,X,,,,,ALACAK TMS38 TEMETTU_YOK,ZARAR_AMA_FAVOK
BORSK,Gıda ve İçecek,202603,2,5242,9.2,11,0.7,-8.0,,1,0,1,0,0,0,1,0,0,-1,0,X,,,,,MARJ_OYNAK,ZARAR_AMA_FAVOK
HEDEF,Holding,202606,2,30960,9.4,97,0.3,9346.0,0.0,0,0,1,2,0,0,0,0,0,0,-1,,,,X,,TEMETTU_YOK,FINANSAL_GELIR
ERBOS,Ana Metal,202606,2,2330,9.7,5,2.6,-5.0,6.0,1,0,0,0,0,0,1,0,0,0,0,X,X,,,,,ZARAR_AMA_FAVOK DIGER_GELIR
IMASM,Metal Eşya ve Makine,202606,2,1471,10.2,7,2.9,-2.0,33.0,1,0,0,0,2,0,1,0,0,-1,-1,,X,,,,MARJ_OYNAK TEMETTU_YOK,DIGER_GELIR
AKSEN,Enerji Üretim ve Dağıtım,202606,2,87622,10.5,34,4.1,-19.0,,1,2,-2,0,0,1,0,0,0,0,0,,,,,,,
AKCNS,"Taş, Toprak, Çimento",202606,2,39764,11.4,12,0.1,0.0,,1,0,1,0,0,0,0,0,0,0,0,,,,,,,
MERKO,Gıda ve İçecek,202512,2,833,11.5,15,3.1,-66.0,46.0,1,1,-2,0,2,1,1,0,0,-1,-1,,,,,,MARJ_OYNAK TEMETTU_YOK,
BAYRK,"Tekstil, Giyim ve Deri",202606,2,680,11.6,30,3.0,-25.0,,1,2,0,0,0,0,1,0,0,-1,-1,,,,,,MARJ_OYNAK TEMETTU_YOK,
BIGTK,Destek ve Hizmet,202606,2,2142,12.0,20,0.1,21.0,,1,1,1,2,0,0,1,-1,-1,-1,-1,,,,,,ALACAK TMS38 MARJ_OYNAK TEMETTU_YOK,
MIATK,Bilişim ve Yazılım,202606,2,14939,12.0,51,1.0,-13.0,5.0,1,2,1,0,0,0,1,0,-1,-1,-1,,,,,,TMS38 MARJ_OYNAK TEMETTU_YOK,
EREGL,Ana Metal,202606,2,259560,12.6,10,1.6,20.0,1.0,0,0,0,2,0,0,0,0,0,0,0,,,,,,,
ISVEA,"Cam, Seramik, Porselen",202606,2,6871,12.7,28,3.0,,,0,2,0,0,0,0,1,0,0,0,-1,,,,,,TEMETTU_YOK,
ALKIM,Kimya ve Plastik,202606,2,3594,13.1,5,0.3,-7.0,,0,0,1,0,0,0,1,0,0,0,0,,X,,,,,DIGER_GELIR
BOSSA,"Tekstil, Giyim ve Deri",202606,2,7514,14.4,9,2.8,-23.0,39.0,0,0,0,0,2,0,1,0,0,0,-1,,X,,,,TEMETTU_YOK,DIGER_GELIR
ALBTN,"Taş, Toprak, Çimento",202606,2,5785,14.5,17,0.9,,8.0,0,1,1,0,0,0,1,0,0,0,-1,,X,,,,TEMETTU_YOK,DIGER_GELIR
BRSAN,Ana Metal,202606,2,96263,15.4,8,1.1,57.0,1.0,0,0,1,2,0,0,0,0,0,0,-1,,,,,,TEMETTU_YOK,
