kod,yil,ay,idx,role,nitelik,kalem,sutun,deger_tl,kaynak,durum,pdf_birim,pdf_sayfa,pdf_satir,tms29,not_
EPLAS,2025,3,1438114,520003,Konsolide,CFO,cari,-80404089.0,XBRL,TEYITLI,TL,7,İŞLETME FAALİYETLERİNDEN NAKİT AKIŞLARI (80.404.089) 76.240.645,True,
EPLAS,2025,3,1438114,520003,Konsolide,CFO,onceki,76240645.0,XBRL,TEYITLI,TL,7,İŞLETME FAALİYETLERİNDEN NAKİT AKIŞLARI (80.404.089) 76.240.645,True,
EPLAS,2025,3,1438114,520003,Konsolide,MDV+MODV,cari,-2533915.0,XBRL,TEYITLI,TL,7,"Maddi Duran Varlıkların Alımından Kaynaklanan Nakit Çıkışları (-) 13,15 (2.533.915) (103.922.633)",True,
EPLAS,2025,3,1438114,520003,Konsolide,MDV+MODV,onceki,-103922633.0,XBRL,TEYITLI,TL,7,"Maddi Duran Varlıkların Alımından Kaynaklanan Nakit Çıkışları (-) 13,15 (2.533.915) (103.922.633)",True,
EPLAS,2025,3,1438114,520003,Konsolide,YAGM,cari,,XBRL,SIFIR,,,,True,
EPLAS,2025,3,1438114,520003,Konsolide,YAGM,onceki,,XBRL,SIFIR,,,,True,
EPLAS,2025,3,1438114,520003,Konsolide,KIRA,cari,,XBRL,SIFIR,,,,True,
EPLAS,2025,3,1438114,520003,Konsolide,KIRA,onceki,,XBRL,SIFIR,,,,True,
OZRDN,2025,6,1479316,520003,Konsolide,CFO,cari,6608806.0,XBRL,TEYITLI,TL,8,A. İŞLETME FAALİYETLERİNDEN NAKİT AKIŞLARI 6.608.806 (25.250.574),True,
OZRDN,2025,6,1479316,520003,Konsolide,CFO,onceki,-25250574.0,XBRL,TEYITLI,TL,8,A. İŞLETME FAALİYETLERİNDEN NAKİT AKIŞLARI 6.608.806 (25.250.574),True,
OZRDN,2025,6,1479316,520003,Konsolide,MDV+MODV,cari,-495699.0,XBRL,TEYITLI,TL,8,Maddi Duran Varlıkların Alımından Kaynaklanan Nakit Çıkışları (495.699) (10.350.245),True,
OZRDN,2025,6,1479316,520003,Konsolide,MDV+MODV,onceki,-10350245.0,XBRL,TEYITLI,TL,8,Maddi Duran Varlıkların Alımından Kaynaklanan Nakit Çıkışları (495.699) (10.350.245),True,
OZRDN,2025,6,1479316,520003,Konsolide,YAGM,cari,,XBRL,SIFIR,,,,True,
OZRDN,2025,6,1479316,520003,Konsolide,YAGM,onceki,,XBRL,SIFIR,,,,True,
OZRDN,2025,6,1479316,520003,Konsolide,KIRA,cari,-367072.0,XBRL,TEYITLI,TL,8,Kira Sözleşmelerinden Kaynaklanan Borç Ödemelerine İlişkin Nakit Çıkışları (367.072) (7.988.397),True,
OZRDN,2025,6,1479316,520003,Konsolide,KIRA,onceki,-7988397.0,XBRL,TEYITLI,TL,8,Kira Sözleşmelerinden Kaynaklanan Borç Ödemelerine İlişkin Nakit Çıkışları (367.072) (7.988.397),True,
OZRDN,2024,12,1402562,520003,Konsolide,CFO,cari,16212443.0,XBRL,TEYITLI,TL,12,A. İŞLETME FAALİYETLERİNDEN NAKİT AKIŞLARI 16.212.443 70.074.336,True,
OZRDN,2024,12,1402562,520003,Konsolide,CFO,onceki,70074336.0,XBRL,TEYITLI,TL,12,A. İŞLETME FAALİYETLERİNDEN NAKİT AKIŞLARI 16.212.443 70.074.336,True,
OZRDN,2024,12,1402562,520003,Konsolide,MDV+MODV,cari,-22730794.0,XBRL,TEYITLI,TL,12,Maddi Duran Varlıkların Alımından Kaynaklanan Nakit Çıkışları (22.730.794) (29.130.661),True,
OZRDN,2024,12,1402562,520003,Konsolide,MDV+MODV,onceki,-29130661.0,XBRL,TEYITLI,TL,12,Maddi Duran Varlıkların Alımından Kaynaklanan Nakit Çıkışları (22.730.794) (29.130.661),True,
OZRDN,2024,12,1402562,520003,Konsolide,YAGM,cari,,XBRL,SIFIR,,,,True,
OZRDN,2024,12,1402562,520003,Konsolide,YAGM,onceki,,XBRL,SIFIR,,,,True,
OZRDN,2024,12,1402562,520003,Konsolide,KIRA,cari,-1473862.0,XBRL,TEYITLI,TL,12,Kira Sözleşmelerinden Kaynaklanan Borç Ödemelerine İlişkin Nakit Çıkışları (1.473.862) (8.863.118),True,
OZRDN,2024,12,1402562,520003,Konsolide,KIRA,onceki,-8863118.0,XBRL,TEYITLI,TL,12,Kira Sözleşmelerinden Kaynaklanan Borç Ödemelerine İlişkin Nakit Çıkışları (1.473.862) (8.863.118),True,
TTRAK,2025,6,1467469,520003,Konsolide Olmayan,CFO,cari,2864040101.0,XBRL,TEYITLI,TL,9,A. İŞLETME FAALİYETLERİNDEN NAKİT AKIŞLARI 2.864.040.101 5.629.489.285,True,
TTRAK,2025,6,1467469,520003,Konsolide Olmayan,CFO,onceki,5629489285.0,XBRL,TEYITLI,TL,9,A. İŞLETME FAALİYETLERİNDEN NAKİT AKIŞLARI 2.864.040.101 5.629.489.285,True,
TTRAK,2025,6,1467469,520003,Konsolide Olmayan,MDV+MODV,cari,-1517167748.0,XBRL(alt kalemler PDF),TEYITLI,TL,9,Maddi duran varlık alımından kaynaklanan nakit çıkışları 9 (1.148.667.450) (1.795.448.423) + Maddi olmayan duran varlık alımından kaynaklanan nakit çıkışları 11 (368.500.298) (526.700.825),True,
TTRAK,2025,6,1467469,520003,Konsolide Olmayan,MDV+MODV,onceki,-2322149248.0,XBRL(alt kalemler PDF),TEYITLI,TL,9,Maddi duran varlık alımından kaynaklanan nakit çıkışları 9 (1.148.667.450) (1.795.448.423) + Maddi olmayan duran varlık alımından kaynaklanan nakit çıkışları 11 (368.500.298) (526.700.825),True,
TTRAK,2025,6,1467469,520003,Konsolide Olmayan,YAGM,cari,,XBRL,SIFIR,,,,True,
TTRAK,2025,6,1467469,520003,Konsolide Olmayan,YAGM,onceki,,XBRL,SIFIR,,,,True,
TTRAK,2025,6,1467469,520003,Konsolide Olmayan,KIRA,cari,-28966884.0,XBRL,TEYITLI,TL,9,Kira sözleşmelerinden kaynaklanan borç ödemelerine ilişkin nakit çıkışları 6 (28.966.884) (121.048.677),True,
TTRAK,2025,6,1467469,520003,Konsolide Olmayan,KIRA,onceki,-121048677.0,XBRL,TEYITLI,TL,9,Kira sözleşmelerinden kaynaklanan borç ödemelerine ilişkin nakit çıkışları 6 (28.966.884) (121.048.677),True,
TTRAK,2024,12,1392724,520003,Konsolide Olmayan,CFO,cari,5370922340.0,XBRL,TEYITLI,TL,14,A. İŞLETME FAALİYETLERİNDEN NAKİT AKIŞLARI 5.370.922.340 14.272.351.696,True,
TTRAK,2024,12,1392724,520003,Konsolide Olmayan,CFO,onceki,14272351696.0,XBRL,TEYITLI,TL,14,A. İŞLETME FAALİYETLERİNDEN NAKİT AKIŞLARI 5.370.922.340 14.272.351.696,True,
TTRAK,2024,12,1392724,520003,Konsolide Olmayan,MDV+MODV,cari,-3827936917.0,XBRL,TEYITLI,TL,14,"nakit çıkışları 10,12 (3.827.936.917) (2.506.358.824)",True,
TTRAK,2024,12,1392724,520003,Konsolide Olmayan,MDV+MODV,onceki,-2506358824.0,XBRL,TEYITLI,TL,14,"nakit çıkışları 10,12 (3.827.936.917) (2.506.358.824)",True,
TTRAK,2024,12,1392724,520003,Konsolide Olmayan,YAGM,cari,,XBRL,SIFIR,,,,True,
TTRAK,2024,12,1392724,520003,Konsolide Olmayan,YAGM,onceki,,XBRL,SIFIR,,,,True,
TTRAK,2024,12,1392724,520003,Konsolide Olmayan,KIRA,cari,-52520045.0,XBRL,TEYITLI,TL,14,Kira sözleşmelerinden kaynaklanan borç ödemelerine ilişkin nakit çıkışları 6 (52.520.045) (197.288.354),True,
TTRAK,2024,12,1392724,520003,Konsolide Olmayan,KIRA,onceki,-197288354.0,XBRL,TEYITLI,TL,14,Kira sözleşmelerinden kaynaklanan borç ödemelerine ilişkin nakit çıkışları 6 (52.520.045) (197.288.354),True,
OYLUM,2025,3,1432055,520003,Konsolide Olmayan,CFO,cari,10986691.0,XBRL,TEYITLI,TL,7,A) İŞLETME FAALİYETLERİNDEN NAKİT AKIŞLARI 10.986.691 73.298.155,True,
OYLUM,2025,3,1432055,520003,Konsolide Olmayan,CFO,onceki,73298155.0,XBRL,TEYITLI,TL,7,A) İŞLETME FAALİYETLERİNDEN NAKİT AKIŞLARI 10.986.691 73.298.155,True,
OYLUM,2025,3,1432055,520003,Konsolide Olmayan,MDV+MODV,cari,-702841.0,XBRL(alt kalemler PDF),TEYITLI,TL,7,Maddi Duran Varlık Alımından Kaynaklanan Nakit Çıkışları 12 (472.472) (13.361.858) + Maddi Olmayan Duran Varlık Alımından Kaynaklanan Nakit Çıkışları 13 (230.369) (55.243),True,
OYLUM,2025,3,1432055,520003,Konsolide Olmayan,MDV+MODV,onceki,-13417101.0,XBRL(alt kalemler PDF),TEYITLI,TL,7,Maddi Duran Varlık Alımından Kaynaklanan Nakit Çıkışları 12 (472.472) (13.361.858) + Maddi Olmayan Duran Varlık Alımından Kaynaklanan Nakit Çıkışları 13 (230.369) (55.243),True,
OYLUM,2025,3,1432055,520003,Konsolide Olmayan,YAGM,cari,,XBRL,SIFIR,,,,True,
OYLUM,2025,3,1432055,520003,Konsolide Olmayan,YAGM,onceki,,XBRL,SIFIR,,,,True,
OYLUM,2025,3,1432055,520003,Konsolide Olmayan,KIRA,cari,,XBRL,SIFIR,,,,True,
OYLUM,2025,3,1432055,520003,Konsolide Olmayan,KIRA,onceki,,XBRL,SIFIR,,,,True,
OYLUM,2024,12,1399045,520003,Konsolide Olmayan,CFO,cari,52872499.0,XBRL,TEYITLI,TL,12,A) İŞLETME FAALİYETLERİNDEN NAKİT AKIŞLARI 52.872.499 106.863.333,True,
OYLUM,2024,12,1399045,520003,Konsolide Olmayan,CFO,onceki,106863333.0,XBRL,TEYITLI,TL,12,A) İŞLETME FAALİYETLERİNDEN NAKİT AKIŞLARI 52.872.499 106.863.333,True,
OYLUM,2024,12,1399045,520003,Konsolide Olmayan,MDV+MODV,cari,-41773543.0,XBRL(alt kalemler PDF),TEYITLI,TL,12,Maddi Duran Varlık Alımından Kaynaklanan Nakit Çıkışları 12 (41.326.766) (95.688.540) + Maddi Olmayan Duran Varlık Alımından Kaynaklanan Nakit Çıkışları 13 (446.777) (568.155),True,
OYLUM,2024,12,1399045,520003,Konsolide Olmayan,MDV+MODV,onceki,-96256695.0,XBRL(alt kalemler PDF),TEYITLI,TL,12,Maddi Duran Varlık Alımından Kaynaklanan Nakit Çıkışları 12 (41.326.766) (95.688.540) + Maddi Olmayan Duran Varlık Alımından Kaynaklanan Nakit Çıkışları 13 (446.777) (568.155),True,
OYLUM,2024,12,1399045,520003,Konsolide Olmayan,YAGM,cari,,XBRL,SIFIR,,,,True,
OYLUM,2024,12,1399045,520003,Konsolide Olmayan,YAGM,onceki,,XBRL,SIFIR,,,,True,
OYLUM,2024,12,1399045,520003,Konsolide Olmayan,KIRA,cari,,XBRL,SIFIR,,,,True,
OYLUM,2024,12,1399045,520003,Konsolide Olmayan,KIRA,onceki,,XBRL,SIFIR,,,,True,
CATES,2025,6,1476506,520003,Konsolide Olmayan,CFO,cari,-357457124.0,XBRL,TEYITLI,TL,9,A. İŞLETME FAALİYETLERİNDEN NAKİT AKIŞLARI: (357.457.124) 312.161.485,True,
CATES,2025,6,1476506,520003,Konsolide Olmayan,CFO,onceki,312161485.0,XBRL,TEYITLI,TL,9,A. İŞLETME FAALİYETLERİNDEN NAKİT AKIŞLARI: (357.457.124) 312.161.485,True,
CATES,2025,6,1476506,520003,Konsolide Olmayan,MDV+MODV,cari,-18652140.0,XBRL,TEYITLI,TL,9,Maddi duran varlık alımından kaynaklanan nakit çıkışları (-) (18.652.140) (54.788.530),True,
CATES,2025,6,1476506,520003,Konsolide Olmayan,MDV+MODV,onceki,-55132762.0,XBRL(alt kalemler PDF),TEYITLI,TL,9,Maddi duran varlık alımından kaynaklanan nakit çıkışları (-) (18.652.140) (54.788.530) + Maddi olmayan duran varlık alımından kaynaklanan nakit çıkışları (-) - (344.232),True,
CATES,2025,6,1476506,520003,Konsolide Olmayan,YAGM,cari,,XBRL,SIFIR,,,,True,
CATES,2025,6,1476506,520003,Konsolide Olmayan,YAGM,onceki,,XBRL,SIFIR,,,,True,
CATES,2025,6,1476506,520003,Konsolide Olmayan,KIRA,cari,-12432157.0,XBRL,TEYITLI,TL,9,Kira sözleşmelerinden kaynaklanan borç ödemelerine ilişkin nakit çıkışları (-) (12.432.157) (1.832.112),True,
CATES,2025,6,1476506,520003,Konsolide Olmayan,KIRA,onceki,-1832112.0,XBRL,TEYITLI,TL,9,Kira sözleşmelerinden kaynaklanan borç ödemelerine ilişkin nakit çıkışları (-) (12.432.157) (1.832.112),True,
IZFAS,2026,6,1652918,520003,Konsolide,CFO,cari,27589810.0,XBRL,TEYITLI,TL,6,İşletme Faaliyetlerden Sağlanan Net Nakit 27.589.810 (137.695.299),True, 2 bildirim; son kullanıldı
IZFAS,2026,6,1652918,520003,Konsolide,CFO,onceki,-137695301.0,XBRL,PDF_TUTMADI,,,,True,PDF CFO adayları özdeşliği sağlamıyor: Faaliyetlerden elde edilen nakit akışları (1.655.850) 530.374 2 bildirim; son kullanıldı
IZFAS,2026,6,1652918,520003,Konsolide,MDV+MODV,cari,-18091052.0,XBRL,TEYITLI,TL,6,"Maddi ve maddi olmayan duran varlık alımları 13 , 14 (18.091.052) (47.279.884)",True, 2 bildirim; son kullanıldı
IZFAS,2026,6,1652918,520003,Konsolide,MDV+MODV,onceki,-47279884.0,XBRL,TEYITLI,TL,6,"Maddi ve maddi olmayan duran varlık alımları 13 , 14 (18.091.052) (47.279.884)",True, 2 bildirim; son kullanıldı
IZFAS,2026,6,1652918,520003,Konsolide,YAGM,cari,,XBRL,SIFIR,,,,True, 2 bildirim; son kullanıldı
IZFAS,2026,6,1652918,520003,Konsolide,YAGM,onceki,,XBRL,SIFIR,,,,True, 2 bildirim; son kullanıldı
IZFAS,2026,6,1652918,520003,Konsolide,KIRA,cari,,XBRL,SIFIR,,,,True, 2 bildirim; son kullanıldı
IZFAS,2026,6,1652918,520003,Konsolide,KIRA,onceki,,XBRL,SIFIR,,,,True, 2 bildirim; son kullanıldı
IZFAS,2025,12,1570718,520003,Konsolide,CFO,cari,-195110601.0,XBRL,TEYITLI,TL,10,İşletme Faaliyetlerden Sağlanan Net Nakit (195.110.601) (3.219.087),False,
IZFAS,2025,12,1570718,520003,Konsolide,CFO,onceki,-3219087.0,XBRL,TEYITLI,TL,10,İşletme Faaliyetlerden Sağlanan Net Nakit (195.110.601) (3.219.087),False,
IZFAS,2025,12,1570718,520003,Konsolide,MDV+MODV,cari,-11040551.0,XBRL,TEYITLI,TL,10,"Maddi ve maddi olmayan duran varlık alımları 13 , 14 (11.040.551) (8.662.411)",False,
IZFAS,2025,12,1570718,520003,Konsolide,MDV+MODV,onceki,-8662411.0,XBRL,TEYITLI,TL,10,"Maddi ve maddi olmayan duran varlık alımları 13 , 14 (11.040.551) (8.662.411)",False,
IZFAS,2025,12,1570718,520003,Konsolide,YAGM,cari,,XBRL,SIFIR,,,,False,
IZFAS,2025,12,1570718,520003,Konsolide,YAGM,onceki,,XBRL,SIFIR,,,,False,
IZFAS,2025,12,1570718,520003,Konsolide,KIRA,cari,,XBRL,SIFIR,,,,False,
IZFAS,2025,12,1570718,520003,Konsolide,KIRA,onceki,,XBRL,SIFIR,,,,False,
IZFAS,2025,9,1514490,520003,Konsolide,CFO,cari,-176299346.0,XBRL,TEYITLI,TL,5,İşletme Faaliyetlerden Sağlanan Net Nakit (176.299.346) 13.737.158,True,
IZFAS,2025,9,1514490,520003,Konsolide,CFO,onceki,13737158.0,XBRL,TEYITLI,TL,5,İşletme Faaliyetlerden Sağlanan Net Nakit (176.299.346) 13.737.158,True,
IZFAS,2025,9,1514490,520003,Konsolide,MDV+MODV,cari,-36424408.0,XBRL,TEYITLI,TL,5,Maddi ve maddi olmayan duran varlık alımları (36.424.408) (4.785.452),True,
IZFAS,2025,9,1514490,520003,Konsolide,MDV+MODV,onceki,-4785452.0,XBRL,TEYITLI,TL,5,Maddi ve maddi olmayan duran varlık alımları (36.424.408) (4.785.452),True,
IZFAS,2025,9,1514490,520003,Konsolide,YAGM,cari,,XBRL,SIFIR,,,,True,
IZFAS,2025,9,1514490,520003,Konsolide,YAGM,onceki,,XBRL,SIFIR,,,,True,
IZFAS,2025,9,1514490,520003,Konsolide,KIRA,cari,,XBRL,SIFIR,,,,True,
IZFAS,2025,9,1514490,520003,Konsolide,KIRA,onceki,,XBRL,SIFIR,,,,True,
ASUZU,2026,3,1601354,520003,Konsolide,CFO,cari,-2998900249.0,XBRL,TEYITLI,TL,7,İşletme Faaliyetlerinden Nakit Akışları (2.998.900.249) (2.159.822.668),True,
ASUZU,2026,3,1601354,520003,Konsolide,CFO,onceki,-2159822668.0,XBRL,TEYITLI,TL,7,İşletme Faaliyetlerinden Nakit Akışları (2.998.900.249) (2.159.822.668),True,
ASUZU,2026,3,1601354,520003,Konsolide,MDV+MODV,cari,-370616623.0,XBRL(alt kalemler PDF),TEYITLI,TL,7,Maddi Duran Varlık Alımından Kaynaklanan Nakit Çıkışları 12 (87.491.022) (34.379.552) + Maddi Olmayan Duran Varlık Alımından Kaynaklanan 13 (283.125.601) (295.549.746),True,
ASUZU,2026,3,1601354,520003,Konsolide,MDV+MODV,onceki,-329929298.0,XBRL(alt kalemler PDF),TEYITLI,TL,7,Maddi Duran Varlık Alımından Kaynaklanan Nakit Çıkışları 12 (87.491.022) (34.379.552) + Maddi Olmayan Duran Varlık Alımından Kaynaklanan 13 (283.125.601) (295.549.746),True,
ASUZU,2026,3,1601354,520003,Konsolide,YAGM,cari,,XBRL,SIFIR,,,,True,
ASUZU,2026,3,1601354,520003,Konsolide,YAGM,onceki,,XBRL,SIFIR,,,,True,
ASUZU,2026,3,1601354,520003,Konsolide,KIRA,cari,-39097405.0,XBRL,TEYITLI,TL,7,Kira Sözleşmelerinden Kaynaklanan Borç Ödemelerine İlişkin 7 (39.097.405) (180.748.071),True,
ASUZU,2026,3,1601354,520003,Konsolide,KIRA,onceki,-180748071.0,XBRL,TEYITLI,TL,7,Kira Sözleşmelerinden Kaynaklanan Borç Ödemelerine İlişkin 7 (39.097.405) (180.748.071),True,
ASUZU,2025,3,1434294,520003,Konsolide,CFO,cari,-1650414830.0,XBRL,TEYITLI,TL,7,İşletme Faaliyetlerinden Nakit Akışları (1.650.414.830) (226.941.311),True,
ASUZU,2025,3,1434294,520003,Konsolide,CFO,onceki,-226941311.0,XBRL,TEYITLI,TL,7,İşletme Faaliyetlerinden Nakit Akışları (1.650.414.830) (226.941.311),True,
ASUZU,2025,3,1434294,520003,Konsolide,MDV+MODV,cari,-252113386.0,XBRL(alt kalemler PDF),TEYITLI,TL,7,Maddi Duran Varlık Alımından Kaynaklanan Nakit Çıkışları 11 (26.270.917) (89.935.240) + Nakit Çıkışları 12 (225.842.469) (256.383.738),True,
ASUZU,2025,3,1434294,520003,Konsolide,MDV+MODV,onceki,-346318978.0,XBRL(alt kalemler PDF),TEYITLI,TL,7,Maddi Duran Varlık Alımından Kaynaklanan Nakit Çıkışları 11 (26.270.917) (89.935.240) + Nakit Çıkışları 12 (225.842.469) (256.383.738),True,
ASUZU,2025,3,1434294,520003,Konsolide,YAGM,cari,,XBRL,SIFIR,,,,True,
ASUZU,2025,3,1434294,520003,Konsolide,YAGM,onceki,,XBRL,SIFIR,,,,True,
ASUZU,2025,3,1434294,520003,Konsolide,KIRA,cari,-138117495.0,XBRL,TEYITLI,TL,7,Nakit Çıkışları 6 (138.117.495) (37.986.779),True,
ASUZU,2025,3,1434294,520003,Konsolide,KIRA,onceki,-37986779.0,XBRL,TEYITLI,TL,7,Nakit Çıkışları 6 (138.117.495) (37.986.779),True,
ASUZU,2025,6,1476409,520003,Konsolide,CFO,cari,-2876311743.0,XBRL,TEYITLI,TL,8,İşletme Faaliyetlerinden Nakit Akışları (2.876.311.743) (682.168.978),True,
ASUZU,2025,6,1476409,520003,Konsolide,CFO,onceki,-682168979.0,XBRL,TEYITLI,TL,8,İşletme Faaliyetlerinden Nakit Akışları (2.876.311.743) (682.168.978),True,
ASUZU,2025,6,1476409,520003,Konsolide,MDV+MODV,cari,-492759236.0,XBRL(alt kalemler PDF),TEYITLI,TL,8,Maddi Duran Varlık Alımından Kaynaklanan Nakit Çıkışları 11 (74.385.742) (163.965.614) + Nakit Çıkışları 12 (418.373.494) (477.092.357),True,
ASUZU,2025,6,1476409,520003,Konsolide,MDV+MODV,onceki,-641057971.0,XBRL(alt kalemler PDF),TEYITLI,TL,8,Maddi Duran Varlık Alımından Kaynaklanan Nakit Çıkışları 11 (74.385.742) (163.965.614) + Nakit Çıkışları 12 (418.373.494) (477.092.357),True,
ASUZU,2025,6,1476409,520003,Konsolide,YAGM,cari,,XBRL,SIFIR,,,,True,
ASUZU,2025,6,1476409,520003,Konsolide,YAGM,onceki,,XBRL,SIFIR,,,,True,
ASUZU,2025,6,1476409,520003,Konsolide,KIRA,cari,-72934646.0,XBRL,TEYITLI,TL,8,Nakit Çıkışları 6 (72.934.646) (1.550.651),True,
ASUZU,2025,6,1476409,520003,Konsolide,KIRA,onceki,-1550651.0,XBRL,TEYITLI,TL,8,Nakit Çıkışları 6 (72.934.646) (1.550.651),True,
YATAS,2026,3,1603819,520003,Konsolide,CFO,cari,-573874491.0,XBRL,TEYITLI,TL,7,İşletme Faaliyetlerinden Nakit Akışları (573.874.491) 1.734.696.794,True,
YATAS,2026,3,1603819,520003,Konsolide,CFO,onceki,1734696794.0,XBRL,TEYITLI,TL,7,İşletme Faaliyetlerinden Nakit Akışları (573.874.491) 1.734.696.794,True,
YATAS,2026,3,1603819,520003,Konsolide,MDV+MODV,cari,-217377991.0,XBRL,TEYITLI,TL,7,Maddi ve maddi olmayan duran varlıkların alımından kaynaklanan nakit çıkışları 8 (217.377.991) (538.050.112),True,
YATAS,2026,3,1603819,520003,Konsolide,MDV+MODV,onceki,-538050112.0,XBRL,TEYITLI,TL,7,Maddi ve maddi olmayan duran varlıkların alımından kaynaklanan nakit çıkışları 8 (217.377.991) (538.050.112),True,
YATAS,2026,3,1603819,520003,Konsolide,YAGM,cari,,XBRL,SIFIR,,,,True,
YATAS,2026,3,1603819,520003,Konsolide,YAGM,onceki,,XBRL,SIFIR,,,,True,
YATAS,2026,3,1603819,520003,Konsolide,KIRA,cari,-169002807.0,XBRL,TEYITLI,TL,7,Kira sözleşmelerinden kaynaklanan borç ödemelerine ilişkin nakit çıkışları 9 (169.002.807) (91.349.100),True,
YATAS,2026,3,1603819,520003,Konsolide,KIRA,onceki,-91349100.0,XBRL,TEYITLI,TL,7,Kira sözleşmelerinden kaynaklanan borç ödemelerine ilişkin nakit çıkışları 9 (169.002.807) (91.349.100),True,
YATAS,2025,12,1570794,520003,Konsolide,CFO,cari,4928307266.0,XBRL,TEYITLI,TL,13,İşletme Faaliyetlerinden Nakit Akışları 4.928.307.266 3.621.349.385,True,
YATAS,2025,12,1570794,520003,Konsolide,CFO,onceki,3621349385.0,XBRL,TEYITLI,TL,13,İşletme Faaliyetlerinden Nakit Akışları 4.928.307.266 3.621.349.385,True,
YATAS,2025,12,1570794,520003,Konsolide,MDV+MODV,cari,-2426317210.0,XBRL,TEYITLI,TL,13,Maddi ve maddi olmayan duran varlıkların alımından kaynaklanan nakit çıkışları 12-14 (2.426.317.210) (1.068.481.417),True,
YATAS,2025,12,1570794,520003,Konsolide,MDV+MODV,onceki,-1068481417.0,XBRL,TEYITLI,TL,13,Maddi ve maddi olmayan duran varlıkların alımından kaynaklanan nakit çıkışları 12-14 (2.426.317.210) (1.068.481.417),True,
YATAS,2025,12,1570794,520003,Konsolide,YAGM,cari,0.0,XBRL,SIFIR,,,,True,
YATAS,2025,12,1570794,520003,Konsolide,YAGM,onceki,-48704.0,XBRL,TEYITLI,TL,13,Yatırım amaçlı gayrimenkul alımından kaynaklanan nakit çıkışları 11 -- (48.704),True,
YATAS,2025,12,1570794,520003,Konsolide,KIRA,cari,-804488370.0,XBRL,TEYITLI,TL,13,Kira sözleşmelerinden kaynaklanan borç ödemelerine ilişkin nakit çıkışları 15 (804.488.370) (577.650.694),True,
YATAS,2025,12,1570794,520003,Konsolide,KIRA,onceki,-577650694.0,XBRL,TEYITLI,TL,13,Kira sözleşmelerinden kaynaklanan borç ödemelerine ilişkin nakit çıkışları 15 (804.488.370) (577.650.694),True,
ARMGD,2025,9,1512498,520003,Konsolide,CFO,cari,1037172258.0,XBRL,TEYITLI,TL,7,"A) İşletme Faaliyetlerinden Nakit Akışları, Net 1.037.172.258 (1.008.464.995)",True,
ARMGD,2025,9,1512498,520003,Konsolide,CFO,onceki,-1008464995.0,XBRL,TEYITLI,TL,7,"A) İşletme Faaliyetlerinden Nakit Akışları, Net 1.037.172.258 (1.008.464.995)",True,
ARMGD,2025,9,1512498,520003,Konsolide,MDV+MODV,cari,-923355890.0,XBRL,TEYITLI,TL,7,"Maddi ve maddi olmayan duran var. alımından kaynaklı nakit çıkışları 10,11 (923.355.890) (467.914.707)",True,
ARMGD,2025,9,1512498,520003,Konsolide,MDV+MODV,onceki,-467914707.0,XBRL,TEYITLI,TL,7,"Maddi ve maddi olmayan duran var. alımından kaynaklı nakit çıkışları 10,11 (923.355.890) (467.914.707)",True,
ARMGD,2025,9,1512498,520003,Konsolide,YAGM,cari,,XBRL,SIFIR,,,,True,
ARMGD,2025,9,1512498,520003,Konsolide,YAGM,onceki,,XBRL,SIFIR,,,,True,
ARMGD,2025,9,1512498,520003,Konsolide,KIRA,cari,,XBRL,SIFIR,,,,True,
ARMGD,2025,9,1512498,520003,Konsolide,KIRA,onceki,,XBRL,SIFIR,,,,True,
ARMGD,2024,12,1395224,520003,Konsolide,CFO,cari,-2738200322.0,XBRL,TEYITLI,TL,8,A) İşletme Faaliyetlerinden Nakit Akışları (2.738.200.322) 470.829.206,True,
ARMGD,2024,12,1395224,520003,Konsolide,CFO,onceki,470829206.0,XBRL,TEYITLI,TL,8,A) İşletme Faaliyetlerinden Nakit Akışları (2.738.200.322) 470.829.206,True,
ARMGD,2024,12,1395224,520003,Konsolide,MDV+MODV,cari,-494789652.0,XBRL,TEYITLI,TL,8,"Maddi ve maddi olmayan duran var. alımından kaynaklı nakit çık. 10,11 (494.789.652) (310.786.269)",True,
ARMGD,2024,12,1395224,520003,Konsolide,MDV+MODV,onceki,-310786269.0,XBRL,TEYITLI,TL,8,"Maddi ve maddi olmayan duran var. alımından kaynaklı nakit çık. 10,11 (494.789.652) (310.786.269)",True,
ARMGD,2024,12,1395224,520003,Konsolide,YAGM,cari,,XBRL,SIFIR,,,,True,
ARMGD,2024,12,1395224,520003,Konsolide,YAGM,onceki,,XBRL,SIFIR,,,,True,
ARMGD,2024,12,1395224,520003,Konsolide,KIRA,cari,,XBRL,SIFIR,,,,True,
ARMGD,2024,12,1395224,520003,Konsolide,KIRA,onceki,,XBRL,SIFIR,,,,True,
SANEL,2025,6,1481084,520003,Konsolide,CFO,cari,112377729.0,XBRL,TEYITLI,TL,8,A. İŞLETME FAALİYETLERDEN NAKİT AKIŞLARI 112.377.729 1.331.037,False,
SANEL,2025,6,1481084,520003,Konsolide,CFO,onceki,1331037.0,XBRL,TEYITLI,TL,8,A. İŞLETME FAALİYETLERDEN NAKİT AKIŞLARI 112.377.729 1.331.037,False,
SANEL,2025,6,1481084,520003,Konsolide,MDV+MODV,cari,-31971262.0,XBRL,TEYITLI,TL,8,Maddi ve Maddi Olmayan Duran Varlıkların Alımından Kaynaklanan Nakit Çıkışları (31.971.262) (134.136),False,
SANEL,2025,6,1481084,520003,Konsolide,MDV+MODV,onceki,-134136.0,XBRL,TEYITLI,TL,8,Maddi ve Maddi Olmayan Duran Varlıkların Alımından Kaynaklanan Nakit Çıkışları (31.971.262) (134.136),False,
SANEL,2025,6,1481084,520003,Konsolide,YAGM,cari,,XBRL,SIFIR,,,,False,
SANEL,2025,6,1481084,520003,Konsolide,YAGM,onceki,,XBRL,SIFIR,,,,False,
SANEL,2025,6,1481084,520003,Konsolide,KIRA,cari,,XBRL,SIFIR,,,,False,
SANEL,2025,6,1481084,520003,Konsolide,KIRA,onceki,-255990.0,XBRL,TEYITLI,TL,8,Finansal Kiralama Sözleşmelerinden Kaynaklanan Borç Ödemelerine İlişkin Nakit Çıkışları -- (255.990),False,
GUNDG,2026,6,1646936,520003,Konsolide Olmayan,CFO,cari,-382567590.0,XBRL,TEYITLI,TL,9,A. İşletme Faaliyetlerinden Nakit Akışları -382.567.590 39.392.509,True,
GUNDG,2026,6,1646936,520003,Konsolide Olmayan,CFO,onceki,39392509.0,XBRL,TEYITLI,TL,9,A. İşletme Faaliyetlerinden Nakit Akışları -382.567.590 39.392.509,True,
GUNDG,2026,6,1646936,520003,Konsolide Olmayan,MDV+MODV,cari,-25173682.0,XBRL,TEYITLI,TL,9,"Maddi ve maddi olmayan duran varlıkların alımından kaynaklanan nakit çıkışları [10,11,12] -25.173.682 -71.933.363",True,
GUNDG,2026,6,1646936,520003,Konsolide Olmayan,MDV+MODV,onceki,-71933363.0,XBRL,TEYITLI,TL,9,"Maddi ve maddi olmayan duran varlıkların alımından kaynaklanan nakit çıkışları [10,11,12] -25.173.682 -71.933.363",True,
GUNDG,2026,6,1646936,520003,Konsolide Olmayan,YAGM,cari,,XBRL,SIFIR,,,,True,
GUNDG,2026,6,1646936,520003,Konsolide Olmayan,YAGM,onceki,,XBRL,SIFIR,,,,True,
GUNDG,2026,6,1646936,520003,Konsolide Olmayan,KIRA,cari,,XBRL,SIFIR,,,,True,
GUNDG,2026,6,1646936,520003,Konsolide Olmayan,KIRA,onceki,,XBRL,SIFIR,,,,True,
GUNDG,2025,12,1555943,520003,Konsolide Olmayan,CFO,cari,-74157382.0,XBRL,TEYITLI,TL,11,A. İşletme Faaliyetlerinden Nakit Akımları (74.157.382) (285.365.553),False,
GUNDG,2025,12,1555943,520003,Konsolide Olmayan,CFO,onceki,-285365553.0,XBRL,TEYITLI,TL,11,A. İşletme Faaliyetlerinden Nakit Akımları (74.157.382) (285.365.553),False,
GUNDG,2025,12,1555943,520003,Konsolide Olmayan,MDV+MODV,cari,-62791166.0,XBRL,TEYITLI,TL,11,Kaynaklanan Nakit Çıkışları (62.791.166) (65.488.341),False,
GUNDG,2025,12,1555943,520003,Konsolide Olmayan,MDV+MODV,onceki,-65488341.0,XBRL,TEYITLI,TL,11,Kaynaklanan Nakit Çıkışları (62.791.166) (65.488.341),False,
GUNDG,2025,12,1555943,520003,Konsolide Olmayan,YAGM,cari,,XBRL,SIFIR,,,,False,
GUNDG,2025,12,1555943,520003,Konsolide Olmayan,YAGM,onceki,,XBRL,SIFIR,,,,False,
GUNDG,2025,12,1555943,520003,Konsolide Olmayan,KIRA,cari,,XBRL,SIFIR,,,,False,
GUNDG,2025,12,1555943,520003,Konsolide Olmayan,KIRA,onceki,,XBRL,SIFIR,,,,False,
FORTE,2026,3,1604960,520003,Konsolide,CFO,cari,87937000.0,XBRL,PDF_TUTMADI,,,,True,PDF CFO adayları özdeşliği sağlamıyor: Faaliyetlerden Elde Edilen Nakit Akışları 94.640.320 (82.034.054)
FORTE,2026,3,1604960,520003,Konsolide,CFO,onceki,-82407025.0,XBRL,PDF_TUTMADI,,,,True,PDF CFO adayları özdeşliği sağlamıyor: Faaliyetlerden Elde Edilen Nakit Akışları 94.640.320 (82.034.054)
FORTE,2026,3,1604960,520003,Konsolide,MDV+MODV,cari,-122833050.0,XBRL,TEYITLI,TL,8,Maddi ve maddi olmayan duran varlıkların alımından kaynaklanan nakit çıkışları (122.833.050) (72.483.273),True,
FORTE,2026,3,1604960,520003,Konsolide,MDV+MODV,onceki,-72483273.0,XBRL,TEYITLI,TL,8,Maddi ve maddi olmayan duran varlıkların alımından kaynaklanan nakit çıkışları (122.833.050) (72.483.273),True,
FORTE,2026,3,1604960,520003,Konsolide,YAGM,cari,-28501367.0,XBRL,TEYITLI,TL,8,Yatırım amaçlı gayrimenkul alımından kaynaklanan nakit çıkışları (28.501.367) -,True,
FORTE,2026,3,1604960,520003,Konsolide,YAGM,onceki,,XBRL,SIFIR,,,,True,
FORTE,2026,3,1604960,520003,Konsolide,KIRA,cari,,XBRL,SIFIR,,,,True,
FORTE,2026,3,1604960,520003,Konsolide,KIRA,onceki,,XBRL,SIFIR,,,,True,
FORTE,2025,12,1562943,520003,Konsolide,CFO,cari,2874058036.0,XBRL,TEYITLI,TL,14,A. İŞLETME FAALİYETLERDEN NAKİT AKIŞLARI 2.874.058.036 124.588.586,True,
FORTE,2025,12,1562943,520003,Konsolide,CFO,onceki,124588586.0,XBRL,TEYITLI,TL,14,A. İŞLETME FAALİYETLERDEN NAKİT AKIŞLARI 2.874.058.036 124.588.586,True,
FORTE,2025,12,1562943,520003,Konsolide,MDV+MODV,cari,-248993048.0,XBRL,TEYITLI,TL,15,Maddi ve maddi olmayan duran varlıkların alımından kaynaklanan nakit çıkışları (248.993.048) (287.643.788),True,
FORTE,2025,12,1562943,520003,Konsolide,MDV+MODV,onceki,-287643788.0,XBRL,TEYITLI,TL,15,Maddi ve maddi olmayan duran varlıkların alımından kaynaklanan nakit çıkışları (248.993.048) (287.643.788),True,
FORTE,2025,12,1562943,520003,Konsolide,YAGM,cari,-12737429.0,XBRL,TEYITLI,TL,15,Yatırım amaçlı gayrimenkul alımından kaynaklanan nakit çıkışları (12.737.429) -,True,
FORTE,2025,12,1562943,520003,Konsolide,YAGM,onceki,,XBRL,SIFIR,,,,True,
FORTE,2025,12,1562943,520003,Konsolide,KIRA,cari,,XBRL,SIFIR,,,,True,
FORTE,2025,12,1562943,520003,Konsolide,KIRA,onceki,,XBRL,SIFIR,,,,True,
DENGE,2026,3,1607547,520003,Konsolide,CFO,cari,-26145327.0,XBRL,TEYITLI,TL,7,A. İŞLETME FAALİYETLERİNDEN NAKİT AKIŞLARI (26.145.327) (113.575.017),True, 2 bildirim; son kullanıldı
DENGE,2026,3,1607547,520003,Konsolide,CFO,onceki,-113575017.0,XBRL,TEYITLI,TL,7,A. İŞLETME FAALİYETLERİNDEN NAKİT AKIŞLARI (26.145.327) (113.575.017),True, 2 bildirim; son kullanıldı
DENGE,2026,3,1607547,520003,Konsolide,MDV+MODV,cari,50232701.0,XBRL,ETIKET_UYMADI,TL,7,B. YATIRIM FAALİYETLERİNDEN KAYNAKLANAN NAKİT AKIŞI 50.232.701 27.635.627,True, 2 bildirim; son kullanıldı
DENGE,2026,3,1607547,520003,Konsolide,MDV+MODV,onceki,27641752.0,XBRL,PDF_TUTMADI,,,,True, 2 bildirim; son kullanıldı
DENGE,2026,3,1607547,520003,Konsolide,YAGM,cari,0.0,XBRL,SIFIR,,,,True, 2 bildirim; son kullanıldı
DENGE,2026,3,1607547,520003,Konsolide,YAGM,onceki,-6125.0,XBRL,ETIKET_UYMADI,TL,7,Finansal yatırımlardaki (artışlar) / azalışlar 8 - (6.125),True, 2 bildirim; son kullanıldı
DENGE,2026,3,1607547,520003,Konsolide,KIRA,cari,-449358.0,XBRL,TEYITLI,TL,7,Kiralama yükümlülüklerine ilişkin ödemeler 11 (449.358) (545.545),True, 2 bildirim; son kullanıldı
DENGE,2026,3,1607547,520003,Konsolide,KIRA,onceki,-545545.0,XBRL,TEYITLI,TL,7,Kiralama yükümlülüklerine ilişkin ödemeler 11 (449.358) (545.545),True, 2 bildirim; son kullanıldı
DENGE,2026,6,1652798,520003,Konsolide,CFO,cari,-60287683.0,XBRL,TEYITLI,TL,8,A. İŞLETME FAALİYETLERİNDEN NAKİT AKIŞLARI (60.287.683) (391.214.686),True,
DENGE,2026,6,1652798,520003,Konsolide,CFO,onceki,-391214686.0,XBRL,TEYITLI,TL,8,A. İŞLETME FAALİYETLERİNDEN NAKİT AKIŞLARI (60.287.683) (391.214.686),True,
DENGE,2026,6,1652798,520003,Konsolide,MDV+MODV,cari,-489866.0,XBRL,TEYITLI,TL,8,Maddi ve maddi olmayan duran varlık alışları 12-14-15 (489.866) (296.076),True,
DENGE,2026,6,1652798,520003,Konsolide,MDV+MODV,onceki,-296076.0,XBRL,TEYITLI,TL,8,Maddi ve maddi olmayan duran varlık alışları 12-14-15 (489.866) (296.076),True,
DENGE,2026,6,1652798,520003,Konsolide,YAGM,cari,,XBRL,SIFIR,,,,True,
DENGE,2026,6,1652798,520003,Konsolide,YAGM,onceki,,XBRL,SIFIR,,,,True,
DENGE,2026,6,1652798,520003,Konsolide,KIRA,cari,-242541.0,PDF (1 satır),PDF_OKUNDU,TL,8,Kiralama yükümlülüklerine ilişkin ödemeler 12 (242.541) (1.047.388),True,XBRL standart elemanında yok
DENGE,2026,6,1652798,520003,Konsolide,KIRA,onceki,-1047388.0,PDF (1 satır),PDF_OKUNDU,TL,8,Kiralama yükümlülüklerine ilişkin ödemeler 12 (242.541) (1.047.388),True,XBRL standart elemanında yok
BERA,2026,6,1653116,520003,Konsolide,CFO,cari,371760930.0,XBRL,TEYITLI,TL,9,A. İŞLETME FAALİYETLERİNDEN NAKİT AKIŞLARI 371.760.930 803.477.226,True,
BERA,2026,6,1653116,520003,Konsolide,CFO,onceki,803477226.0,XBRL,TEYITLI,TL,9,A. İŞLETME FAALİYETLERİNDEN NAKİT AKIŞLARI 371.760.930 803.477.226,True,
BERA,2026,6,1653116,520003,Konsolide,MDV+MODV,cari,0.0,XBRL,NET_SATIR,,,,True,PDF’te alım+satış tek net satır: Maddi ve Maddi Olmayan Duran Varlıkların Alım ve Satışından Kaynaklanan Nakit
BERA,2026,6,1653116,520003,Konsolide,MDV+MODV,onceki,-283337858.0,XBRL,NET_SATIR,TL,9,"13, 14, 15, 17 195.513.709 (283.337.858)",True,PDF’te alım+satış tek net satır: Maddi ve Maddi Olmayan Duran Varlıkların Alım ve Satışından Kaynaklanan Nakit
BERA,2026,6,1653116,520003,Konsolide,YAGM,cari,,XBRL,SIFIR,,,,True,
BERA,2026,6,1653116,520003,Konsolide,YAGM,onceki,,XBRL,SIFIR,,,,True,
BERA,2026,6,1653116,520003,Konsolide,KIRA,cari,,XBRL,SIFIR,,,,True,
BERA,2026,6,1653116,520003,Konsolide,KIRA,onceki,,XBRL,SIFIR,,,,True,
MARBL,2025,3,1437843,520003,Konsolide,CFO,cari,45614864.0,"PDF (CFO, özdeşlikle)",PDF_OKUNDU,TL,8,A) İŞLETME FAALİYETLERİNDEN NAKİT AKIŞLARI 45.614.864 (85.983.061),False,özdeşlik A+B+C=net değişim tuttu; XBRL 45.231 mn ≠ PDF; PDF satırı kullanıldı
MARBL,2025,3,1437843,520003,Konsolide,CFO,onceki,-85983061.0,XBRL,TEYITLI,TL,8,A) İŞLETME FAALİYETLERİNDEN NAKİT AKIŞLARI 45.614.864 (85.983.061),False,
MARBL,2025,3,1437843,520003,Konsolide,MDV+MODV,cari,-36824482.0,XBRL,TEYITLI,TL,8,"Maddi ve Maddi Olmayan Duran Varlıkların Alımından Kaynaklanan Nakit Çıkışları 14,15.16 (36.824.482) (26.948.436)",False,
MARBL,2025,3,1437843,520003,Konsolide,MDV+MODV,onceki,-26948436.0,XBRL,TEYITLI,TL,8,"Maddi ve Maddi Olmayan Duran Varlıkların Alımından Kaynaklanan Nakit Çıkışları 14,15.16 (36.824.482) (26.948.436)",False,
MARBL,2025,3,1437843,520003,Konsolide,YAGM,cari,,XBRL,SIFIR,,,,False,
MARBL,2025,3,1437843,520003,Konsolide,YAGM,onceki,,XBRL,SIFIR,,,,False,
MARBL,2025,3,1437843,520003,Konsolide,KIRA,cari,-26475634.0,XBRL,PDF_TUTMADI,,,,False,
MARBL,2025,3,1437843,520003,Konsolide,KIRA,onceki,-19210701.0,XBRL,TEYITLI,TL,8,Kira sözleşmelerinden kaynaklanan borç ödemelerine ilişkin nakit çıkışlar (26.859.923) (19.210.701),False,
MARBL,2025,12,1570091,520003,Konsolide,CFO,cari,105280848.0,XBRL,TEYITLI,TL,13,A) İŞLETME FAALİYETLERİNDEN NAKİT AKIŞLARI 105.280.848 91.536.253,False,
MARBL,2025,12,1570091,520003,Konsolide,CFO,onceki,91536253.0,XBRL,TEYITLI,TL,13,A) İŞLETME FAALİYETLERİNDEN NAKİT AKIŞLARI 105.280.848 91.536.253,False,
MARBL,2025,12,1570091,520003,Konsolide,MDV+MODV,cari,-151916239.0,XBRL,TEYITLI,TL,13,"Maddi ve Maddi Olmayan Duran Varlıkların Alımından Kaynaklanan Nakit Çıkışları 14,15.16 (151.916.239) (214.644.796)",False,
MARBL,2025,12,1570091,520003,Konsolide,MDV+MODV,onceki,-214644796.0,XBRL,TEYITLI,TL,13,"Maddi ve Maddi Olmayan Duran Varlıkların Alımından Kaynaklanan Nakit Çıkışları 14,15.16 (151.916.239) (214.644.796)",False,
MARBL,2025,12,1570091,520003,Konsolide,YAGM,cari,,XBRL,SIFIR,,,,False,
MARBL,2025,12,1570091,520003,Konsolide,YAGM,onceki,,XBRL,SIFIR,,,,False,
MARBL,2025,12,1570091,520003,Konsolide,KIRA,cari,-1919455.0,XBRL,TEYITLI,TL,13,Kira sözleşmelerinden kaynaklanan borç ödemelerine ilişkin nakit çıkışlar (1.919.455) (225.729.542),False,
MARBL,2025,12,1570091,520003,Konsolide,KIRA,onceki,-225729542.0,XBRL,TEYITLI,TL,13,Kira sözleşmelerinden kaynaklanan borç ödemelerine ilişkin nakit çıkışlar (1.919.455) (225.729.542),False,
PNSUT,2026,6,1645705,520003,Konsolide Olmayan,CFO,cari,518791202.0,XBRL,TEYITLI,TL,11,NAKİT AKIŞLARI 518.791.202 (56.472.675),True,
PNSUT,2026,6,1645705,520003,Konsolide Olmayan,CFO,onceki,-56472675.0,XBRL,TEYITLI,TL,11,NAKİT AKIŞLARI 518.791.202 (56.472.675),True,
PNSUT,2026,6,1645705,520003,Konsolide Olmayan,MDV+MODV,cari,-203494146.0,XBRL,TEYITLI,TL,12,Alımından Kaynaklanan Nakit Çıkışları (203.494.146) (258.337.369),True,
PNSUT,2026,6,1645705,520003,Konsolide Olmayan,MDV+MODV,onceki,-258337369.0,XBRL,TEYITLI,TL,12,Alımından Kaynaklanan Nakit Çıkışları (203.494.146) (258.337.369),True,
PNSUT,2026,6,1645705,520003,Konsolide Olmayan,YAGM,cari,,XBRL,SIFIR,,,,True,
PNSUT,2026,6,1645705,520003,Konsolide Olmayan,YAGM,onceki,,XBRL,SIFIR,,,,True,
PNSUT,2026,6,1645705,520003,Konsolide Olmayan,KIRA,cari,-5203764.0,XBRL,TEYITLI,TL,12,Borç Ödemelerine İlişkin Nakit Çıkışları (5.203.764) (54.825.618),True,
PNSUT,2026,6,1645705,520003,Konsolide Olmayan,KIRA,onceki,-54825618.0,XBRL,TEYITLI,TL,12,Borç Ödemelerine İlişkin Nakit Çıkışları (5.203.764) (54.825.618),True,
PNSUT,2026,3,1600057,520003,Konsolide Olmayan,CFO,cari,200754854.0,XBRL,TEYITLI,TL,9,NAKİT AKIŞLARI 200.754.854 (417.033.103),True,
PNSUT,2026,3,1600057,520003,Konsolide Olmayan,CFO,onceki,-417033103.0,XBRL,TEYITLI,TL,9,NAKİT AKIŞLARI 200.754.854 (417.033.103),True,
PNSUT,2026,3,1600057,520003,Konsolide Olmayan,MDV+MODV,cari,-88743933.0,XBRL,TEYITLI,TL,10,Alımından Kaynaklanan Nakit Çıkışları (88.743.933) (77.892.368),True,
PNSUT,2026,3,1600057,520003,Konsolide Olmayan,MDV+MODV,onceki,-77892368.0,XBRL,TEYITLI,TL,10,Alımından Kaynaklanan Nakit Çıkışları (88.743.933) (77.892.368),True,
PNSUT,2026,3,1600057,520003,Konsolide Olmayan,YAGM,cari,,XBRL,SIFIR,,,,True,
PNSUT,2026,3,1600057,520003,Konsolide Olmayan,YAGM,onceki,,XBRL,SIFIR,,,,True,
PNSUT,2026,3,1600057,520003,Konsolide Olmayan,KIRA,cari,22273459.0,XBRL,TEYITLI,TL,10,Borç Ödemelerine İlişkin Nakit Çıkışları 22.273.459 (8.706.616),True,
PNSUT,2026,3,1600057,520003,Konsolide Olmayan,KIRA,onceki,-8706616.0,XBRL,TEYITLI,TL,10,Borç Ödemelerine İlişkin Nakit Çıkışları 22.273.459 (8.706.616),True,
TCKRC,2025,12,1569728,520003,Konsolide,CFO,cari,730446966.0,XBRL,TEYITLI,TL,12,İşletme Faaliyetlerinden Kaynaklanan Nakit Akışları 730.446.966 (233.101.415),True,
TCKRC,2025,12,1569728,520003,Konsolide,CFO,onceki,-233101415.0,XBRL,TEYITLI,TL,12,İşletme Faaliyetlerinden Kaynaklanan Nakit Akışları 730.446.966 (233.101.415),True,
TCKRC,2025,12,1569728,520003,Konsolide,MDV+MODV,cari,-1285783321.0,XBRL,TEYITLI,TL,12,"Maddi ve Maddi Olmayan Duran Varlık Alımından Kaynaklanan Nakit Çıkışları 14,15 (1.285.783.321) (306.813.639)",True,
TCKRC,2025,12,1569728,520003,Konsolide,MDV+MODV,onceki,-306813639.0,XBRL,TEYITLI,TL,12,"Maddi ve Maddi Olmayan Duran Varlık Alımından Kaynaklanan Nakit Çıkışları 14,15 (1.285.783.321) (306.813.639)",True,
TCKRC,2025,12,1569728,520003,Konsolide,YAGM,cari,,XBRL,SIFIR,,,,True,
TCKRC,2025,12,1569728,520003,Konsolide,YAGM,onceki,,XBRL,SIFIR,,,,True,
TCKRC,2025,12,1569728,520003,Konsolide,KIRA,cari,-541400.0,XBRL,TEYITLI,TL,12,Kiralama Yükümlülüklerine İlişkin Nakit Çıkışları (541.400) (13.751.163),True,
TCKRC,2025,12,1569728,520003,Konsolide,KIRA,onceki,-13751163.0,XBRL,TEYITLI,TL,12,Kiralama Yükümlülüklerine İlişkin Nakit Çıkışları (541.400) (13.751.163),True,
MEGMT,2025,9,1512540,520003,Konsolide,CFO,cari,-850180548.0,XBRL,TEYITLI,TL,8,(850.180.548) (1.190.753.290),False,
MEGMT,2025,9,1512540,520003,Konsolide,CFO,onceki,-1190753290.0,XBRL,TEYITLI,TL,8,(850.180.548) (1.190.753.290),False,
MEGMT,2025,9,1512540,520003,Konsolide,MDV+MODV,cari,-180009286.0,XBRL,TEYITLI,TL,8,10 (180.009.286) (191.923.281),False,
MEGMT,2025,9,1512540,520003,Konsolide,MDV+MODV,onceki,-191923281.0,XBRL,TEYITLI,TL,8,10 (180.009.286) (191.923.281),False,
MEGMT,2025,9,1512540,520003,Konsolide,YAGM,cari,,XBRL,SIFIR,,,,False,
MEGMT,2025,9,1512540,520003,Konsolide,YAGM,onceki,,XBRL,SIFIR,,,,False,
MEGMT,2025,9,1512540,520003,Konsolide,KIRA,cari,,XBRL,SIFIR,,,,False,
MEGMT,2025,9,1512540,520003,Konsolide,KIRA,onceki,,XBRL,SIFIR,,,,False,
