kod,yil,ay,kalem,deger_tl,sap,durum,idx,ek,sayfa,satir
AKHAN,2025,9,CFO,1470790562.0,"(2025, 9)",OKUNDU,1546343,EK - 3 Akhan Un Bağımsız Denetim Raporu.pdf,13,"İşletme Faaliyetlerinden Sağlanan Nakit Akışları, net 1.470.790.562 256.786.390 (32.929.461) 520.656.721 510.473.705"
AKHAN,2024,9,CFO,256786390.0,"(2025, 9)",OKUNDU,1546343,EK - 3 Akhan Un Bağımsız Denetim Raporu.pdf,13,"İşletme Faaliyetlerinden Sağlanan Nakit Akışları, net 1.470.790.562 256.786.390 (32.929.461) 520.656.721 510.473.705"
AKHAN,2024,12,CFO,-32929461.0,"(2025, 9)",OKUNDU,1546343,EK - 3 Akhan Un Bağımsız Denetim Raporu.pdf,13,"İşletme Faaliyetlerinden Sağlanan Nakit Akışları, net 1.470.790.562 256.786.390 (32.929.461) 520.656.721 510.473.705"
AKHAN,2023,12,CFO,520656721.0,"(2025, 9)",OKUNDU,1546343,EK - 3 Akhan Un Bağımsız Denetim Raporu.pdf,13,"İşletme Faaliyetlerinden Sağlanan Nakit Akışları, net 1.470.790.562 256.786.390 (32.929.461) 520.656.721 510.473.705"
AKHAN,2022,12,CFO,510473705.0,"(2025, 9)",OKUNDU,1546343,EK - 3 Akhan Un Bağımsız Denetim Raporu.pdf,13,"İşletme Faaliyetlerinden Sağlanan Nakit Akışları, net 1.470.790.562 256.786.390 (32.929.461) 520.656.721 510.473.705"
AKHAN,2025,9,MDV+MODV,-1160935754.0,"(2025, 9)",OKUNDU,1546343,EK - 3 Akhan Un Bağımsız Denetim Raporu.pdf,13,Maddi duran varlıklardaki değişim 11 (1.159.855.147) (139.455.194) (430.460.959) (348.903.188) (332.187.112) || Maddi olmayan duran varlıklardaki değişim 12 (1.080.607) (2.281.188) (2.876.712) (311.186) (496.790)
AKHAN,2024,9,MDV+MODV,-141736382.0,"(2025, 9)",OKUNDU,1546343,EK - 3 Akhan Un Bağımsız Denetim Raporu.pdf,13,Maddi duran varlıklardaki değişim 11 (1.159.855.147) (139.455.194) (430.460.959) (348.903.188) (332.187.112) || Maddi olmayan duran varlıklardaki değişim 12 (1.080.607) (2.281.188) (2.876.712) (311.186) (496.790)
AKHAN,2024,12,MDV+MODV,-433337671.0,"(2025, 9)",OKUNDU,1546343,EK - 3 Akhan Un Bağımsız Denetim Raporu.pdf,13,Maddi duran varlıklardaki değişim 11 (1.159.855.147) (139.455.194) (430.460.959) (348.903.188) (332.187.112) || Maddi olmayan duran varlıklardaki değişim 12 (1.080.607) (2.281.188) (2.876.712) (311.186) (496.790)
AKHAN,2023,12,MDV+MODV,-349214374.0,"(2025, 9)",OKUNDU,1546343,EK - 3 Akhan Un Bağımsız Denetim Raporu.pdf,13,Maddi duran varlıklardaki değişim 11 (1.159.855.147) (139.455.194) (430.460.959) (348.903.188) (332.187.112) || Maddi olmayan duran varlıklardaki değişim 12 (1.080.607) (2.281.188) (2.876.712) (311.186) (496.790)
AKHAN,2022,12,MDV+MODV,-332683902.0,"(2025, 9)",OKUNDU,1546343,EK - 3 Akhan Un Bağımsız Denetim Raporu.pdf,13,Maddi duran varlıklardaki değişim 11 (1.159.855.147) (139.455.194) (430.460.959) (348.903.188) (332.187.112) || Maddi olmayan duran varlıklardaki değişim 12 (1.080.607) (2.281.188) (2.876.712) (311.186) (496.790)
AKHAN,2025,9,YAGM,0.0,"(2025, 9)",SATIR_YOK,1546343,EK - 3 Akhan Un Bağımsız Denetim Raporu.pdf,13,
AKHAN,2024,9,YAGM,0.0,"(2025, 9)",SATIR_YOK,1546343,EK - 3 Akhan Un Bağımsız Denetim Raporu.pdf,13,
AKHAN,2024,12,YAGM,0.0,"(2025, 9)",SATIR_YOK,1546343,EK - 3 Akhan Un Bağımsız Denetim Raporu.pdf,13,
AKHAN,2023,12,YAGM,0.0,"(2025, 9)",SATIR_YOK,1546343,EK - 3 Akhan Un Bağımsız Denetim Raporu.pdf,13,
AKHAN,2022,12,YAGM,0.0,"(2025, 9)",SATIR_YOK,1546343,EK - 3 Akhan Un Bağımsız Denetim Raporu.pdf,13,
AKHAN,2025,9,KIRA,0.0,"(2025, 9)",SATIR_YOK,1546343,EK - 3 Akhan Un Bağımsız Denetim Raporu.pdf,13,
AKHAN,2024,9,KIRA,0.0,"(2025, 9)",SATIR_YOK,1546343,EK - 3 Akhan Un Bağımsız Denetim Raporu.pdf,13,
AKHAN,2024,12,KIRA,0.0,"(2025, 9)",SATIR_YOK,1546343,EK - 3 Akhan Un Bağımsız Denetim Raporu.pdf,13,
AKHAN,2023,12,KIRA,0.0,"(2025, 9)",SATIR_YOK,1546343,EK - 3 Akhan Un Bağımsız Denetim Raporu.pdf,13,
AKHAN,2022,12,KIRA,0.0,"(2025, 9)",SATIR_YOK,1546343,EK - 3 Akhan Un Bağımsız Denetim Raporu.pdf,13,
EMPAE,2025,12,CFO,-87489334.0,,OKUNDU,1556700,EK-9a Bağımsız Denetim Raporu - 31.12.2025.pdf,11,A. İşletme Faaliyetlerden Kaynaklanan Nakit Akışları (87.489.334) 36.038.591 426.917.393
EMPAE,2024,12,CFO,36038591.0,,OKUNDU,1556700,EK-9a Bağımsız Denetim Raporu - 31.12.2025.pdf,11,A. İşletme Faaliyetlerden Kaynaklanan Nakit Akışları (87.489.334) 36.038.591 426.917.393
EMPAE,2023,12,CFO,426917393.0,,OKUNDU,1556700,EK-9a Bağımsız Denetim Raporu - 31.12.2025.pdf,11,A. İşletme Faaliyetlerden Kaynaklanan Nakit Akışları (87.489.334) 36.038.591 426.917.393
EMPAE,2025,12,MDV+MODV,-48370200.0,,OKUNDU,1556700,EK-9a Bağımsız Denetim Raporu - 31.12.2025.pdf,11,13-14 (48.370.200) (5.735.203) (1.796.516)
EMPAE,2024,12,MDV+MODV,-5735203.0,,OKUNDU,1556700,EK-9a Bağımsız Denetim Raporu - 31.12.2025.pdf,11,13-14 (48.370.200) (5.735.203) (1.796.516)
EMPAE,2023,12,MDV+MODV,-1796516.0,,OKUNDU,1556700,EK-9a Bağımsız Denetim Raporu - 31.12.2025.pdf,11,13-14 (48.370.200) (5.735.203) (1.796.516)
EMPAE,2025,12,YAGM,0.0,,SATIR_YOK,1556700,EK-9a Bağımsız Denetim Raporu - 31.12.2025.pdf,11,
EMPAE,2024,12,YAGM,0.0,,SATIR_YOK,1556700,EK-9a Bağımsız Denetim Raporu - 31.12.2025.pdf,11,
EMPAE,2023,12,YAGM,0.0,,SATIR_YOK,1556700,EK-9a Bağımsız Denetim Raporu - 31.12.2025.pdf,11,
EMPAE,2025,12,KIRA,-22256043.0,,OKUNDU,1556700,EK-9a Bağımsız Denetim Raporu - 31.12.2025.pdf,11,Kiralama Yükümlülükleri ile İlgili Nakit Çıkışları (-) (22.256.043) (12.121.853) (4.741.900)
EMPAE,2024,12,KIRA,-12121853.0,,OKUNDU,1556700,EK-9a Bağımsız Denetim Raporu - 31.12.2025.pdf,11,Kiralama Yükümlülükleri ile İlgili Nakit Çıkışları (-) (22.256.043) (12.121.853) (4.741.900)
EMPAE,2023,12,KIRA,-4741900.0,,OKUNDU,1556700,EK-9a Bağımsız Denetim Raporu - 31.12.2025.pdf,11,Kiralama Yükümlülükleri ile İlgili Nakit Çıkışları (-) (22.256.043) (12.121.853) (4.741.900)
EMPAE,2025,9,CFO,-56103548.0,,OKUNDU,1556693,EK-03_31.12.2022_31.12.2023_31.12.2024_ 30.09.2024 ve 30.09.2025 Tarihli Bağımsız Denetim Raporu.pdf,11,A. İşletme Faaliyetlerden Kaynaklanan Nakit Akışları (56.103.548) (43.865.917) 34.534.736 409.102.533 128.956.502
EMPAE,2024,9,CFO,-43865917.0,,OKUNDU,1556693,EK-03_31.12.2022_31.12.2023_31.12.2024_ 30.09.2024 ve 30.09.2025 Tarihli Bağımsız Denetim Raporu.pdf,11,A. İşletme Faaliyetlerden Kaynaklanan Nakit Akışları (56.103.548) (43.865.917) 34.534.736 409.102.533 128.956.502
EMPAE,2022,12,CFO,128956502.0,,OKUNDU,1556693,EK-03_31.12.2022_31.12.2023_31.12.2024_ 30.09.2024 ve 30.09.2025 Tarihli Bağımsız Denetim Raporu.pdf,11,A. İşletme Faaliyetlerden Kaynaklanan Nakit Akışları (56.103.548) (43.865.917) 34.534.736 409.102.533 128.956.502
EMPAE,2025,9,MDV+MODV,-40738657.0,,OKUNDU,1556693,EK-03_31.12.2022_31.12.2023_31.12.2024_ 30.09.2024 ve 30.09.2025 Tarihli Bağımsız Denetim Raporu.pdf,11,12-13 (40.738.657) (2.829.734) (5.495.879) (1.721.549) (4.450.105)
EMPAE,2024,9,MDV+MODV,-2829734.0,,OKUNDU,1556693,EK-03_31.12.2022_31.12.2023_31.12.2024_ 30.09.2024 ve 30.09.2025 Tarihli Bağımsız Denetim Raporu.pdf,11,12-13 (40.738.657) (2.829.734) (5.495.879) (1.721.549) (4.450.105)
EMPAE,2022,12,MDV+MODV,-4450105.0,,OKUNDU,1556693,EK-03_31.12.2022_31.12.2023_31.12.2024_ 30.09.2024 ve 30.09.2025 Tarihli Bağımsız Denetim Raporu.pdf,11,12-13 (40.738.657) (2.829.734) (5.495.879) (1.721.549) (4.450.105)
EMPAE,2025,9,YAGM,0.0,,SATIR_YOK,1556693,EK-03_31.12.2022_31.12.2023_31.12.2024_ 30.09.2024 ve 30.09.2025 Tarihli Bağımsız Denetim Raporu.pdf,11,
EMPAE,2024,9,YAGM,0.0,,SATIR_YOK,1556693,EK-03_31.12.2022_31.12.2023_31.12.2024_ 30.09.2024 ve 30.09.2025 Tarihli Bağımsız Denetim Raporu.pdf,11,
EMPAE,2022,12,YAGM,0.0,,SATIR_YOK,1556693,EK-03_31.12.2022_31.12.2023_31.12.2024_ 30.09.2024 ve 30.09.2025 Tarihli Bağımsız Denetim Raporu.pdf,11,
EMPAE,2025,9,KIRA,-17203714.0,,OKUNDU,1556693,EK-03_31.12.2022_31.12.2023_31.12.2024_ 30.09.2024 ve 30.09.2025 Tarihli Bağımsız Denetim Raporu.pdf,11,Kiralama Yükümlülükleri ile İlgili Nakit Çıkışları (-) (17.203.714) (2.508.460) (11.616.020) (4.544.025) (4.209.598)
EMPAE,2024,9,KIRA,-2508460.0,,OKUNDU,1556693,EK-03_31.12.2022_31.12.2023_31.12.2024_ 30.09.2024 ve 30.09.2025 Tarihli Bağımsız Denetim Raporu.pdf,11,Kiralama Yükümlülükleri ile İlgili Nakit Çıkışları (-) (17.203.714) (2.508.460) (11.616.020) (4.544.025) (4.209.598)
EMPAE,2022,12,KIRA,-4209598.0,,OKUNDU,1556693,EK-03_31.12.2022_31.12.2023_31.12.2024_ 30.09.2024 ve 30.09.2025 Tarihli Bağımsız Denetim Raporu.pdf,11,Kiralama Yükümlülükleri ile İlgili Nakit Çıkışları (-) (17.203.714) (2.508.460) (11.616.020) (4.544.025) (4.209.598)
DOFRB,2025,6,CFO,13896810.0,,OKUNDU,1484584,EK-4 30 Haziran 2025 31 Aralık 2024 31 Aralık 2023 ve 31 Aralık 2022 Tarihleri İtibarıyla Hazırlanmış Finansal Tablolar ile Özel Bağımsız Denetim Raporu.pdf,11,Dönem karı 13.896.810 3.712.900 164.513.497 167.186.101 17.092.249
DOFRB,2024,6,CFO,3712900.0,,OKUNDU,1484584,EK-4 30 Haziran 2025 31 Aralık 2024 31 Aralık 2023 ve 31 Aralık 2022 Tarihleri İtibarıyla Hazırlanmış Finansal Tablolar ile Özel Bağımsız Denetim Raporu.pdf,11,Dönem karı 13.896.810 3.712.900 164.513.497 167.186.101 17.092.249
DOFRB,2024,12,CFO,164513497.0,,OKUNDU,1484584,EK-4 30 Haziran 2025 31 Aralık 2024 31 Aralık 2023 ve 31 Aralık 2022 Tarihleri İtibarıyla Hazırlanmış Finansal Tablolar ile Özel Bağımsız Denetim Raporu.pdf,11,Dönem karı 13.896.810 3.712.900 164.513.497 167.186.101 17.092.249
DOFRB,2023,12,CFO,167186101.0,,OKUNDU,1484584,EK-4 30 Haziran 2025 31 Aralık 2024 31 Aralık 2023 ve 31 Aralık 2022 Tarihleri İtibarıyla Hazırlanmış Finansal Tablolar ile Özel Bağımsız Denetim Raporu.pdf,11,Dönem karı 13.896.810 3.712.900 164.513.497 167.186.101 17.092.249
DOFRB,2022,12,CFO,17092249.0,,OKUNDU,1484584,EK-4 30 Haziran 2025 31 Aralık 2024 31 Aralık 2023 ve 31 Aralık 2022 Tarihleri İtibarıyla Hazırlanmış Finansal Tablolar ile Özel Bağımsız Denetim Raporu.pdf,11,Dönem karı 13.896.810 3.712.900 164.513.497 167.186.101 17.092.249
DOFRB,2025,6,MDV+MODV,-47321210.0,,OKUNDU,1484584,EK-4 30 Haziran 2025 31 Aralık 2024 31 Aralık 2023 ve 31 Aralık 2022 Tarihleri İtibarıyla Hazırlanmış Finansal Tablolar ile Özel Bağımsız Denetim Raporu.pdf,11,Maddi ve maddi olmayan duran varlık alımından kaynaklanan nakit çıkışları 9-10-11 (47.321.210) (47.876.449) (93.322.851) (19.684.351) (43.076.909)
DOFRB,2024,6,MDV+MODV,-47876449.0,,OKUNDU,1484584,EK-4 30 Haziran 2025 31 Aralık 2024 31 Aralık 2023 ve 31 Aralık 2022 Tarihleri İtibarıyla Hazırlanmış Finansal Tablolar ile Özel Bağımsız Denetim Raporu.pdf,11,Maddi ve maddi olmayan duran varlık alımından kaynaklanan nakit çıkışları 9-10-11 (47.321.210) (47.876.449) (93.322.851) (19.684.351) (43.076.909)
DOFRB,2024,12,MDV+MODV,-93322851.0,,OKUNDU,1484584,EK-4 30 Haziran 2025 31 Aralık 2024 31 Aralık 2023 ve 31 Aralık 2022 Tarihleri İtibarıyla Hazırlanmış Finansal Tablolar ile Özel Bağımsız Denetim Raporu.pdf,11,Maddi ve maddi olmayan duran varlık alımından kaynaklanan nakit çıkışları 9-10-11 (47.321.210) (47.876.449) (93.322.851) (19.684.351) (43.076.909)
DOFRB,2023,12,MDV+MODV,-19684351.0,,OKUNDU,1484584,EK-4 30 Haziran 2025 31 Aralık 2024 31 Aralık 2023 ve 31 Aralık 2022 Tarihleri İtibarıyla Hazırlanmış Finansal Tablolar ile Özel Bağımsız Denetim Raporu.pdf,11,Maddi ve maddi olmayan duran varlık alımından kaynaklanan nakit çıkışları 9-10-11 (47.321.210) (47.876.449) (93.322.851) (19.684.351) (43.076.909)
DOFRB,2022,12,MDV+MODV,-43076909.0,,OKUNDU,1484584,EK-4 30 Haziran 2025 31 Aralık 2024 31 Aralık 2023 ve 31 Aralık 2022 Tarihleri İtibarıyla Hazırlanmış Finansal Tablolar ile Özel Bağımsız Denetim Raporu.pdf,11,Maddi ve maddi olmayan duran varlık alımından kaynaklanan nakit çıkışları 9-10-11 (47.321.210) (47.876.449) (93.322.851) (19.684.351) (43.076.909)
DOFRB,2025,6,YAGM,0.0,,SATIR_YOK,1484584,EK-4 30 Haziran 2025 31 Aralık 2024 31 Aralık 2023 ve 31 Aralık 2022 Tarihleri İtibarıyla Hazırlanmış Finansal Tablolar ile Özel Bağımsız Denetim Raporu.pdf,11,
DOFRB,2024,6,YAGM,0.0,,SATIR_YOK,1484584,EK-4 30 Haziran 2025 31 Aralık 2024 31 Aralık 2023 ve 31 Aralık 2022 Tarihleri İtibarıyla Hazırlanmış Finansal Tablolar ile Özel Bağımsız Denetim Raporu.pdf,11,
DOFRB,2024,12,YAGM,0.0,,SATIR_YOK,1484584,EK-4 30 Haziran 2025 31 Aralık 2024 31 Aralık 2023 ve 31 Aralık 2022 Tarihleri İtibarıyla Hazırlanmış Finansal Tablolar ile Özel Bağımsız Denetim Raporu.pdf,11,
DOFRB,2023,12,YAGM,0.0,,SATIR_YOK,1484584,EK-4 30 Haziran 2025 31 Aralık 2024 31 Aralık 2023 ve 31 Aralık 2022 Tarihleri İtibarıyla Hazırlanmış Finansal Tablolar ile Özel Bağımsız Denetim Raporu.pdf,11,
DOFRB,2022,12,YAGM,0.0,,SATIR_YOK,1484584,EK-4 30 Haziran 2025 31 Aralık 2024 31 Aralık 2023 ve 31 Aralık 2022 Tarihleri İtibarıyla Hazırlanmış Finansal Tablolar ile Özel Bağımsız Denetim Raporu.pdf,11,
DOFRB,2025,6,KIRA,0.0,,SATIR_YOK,1484584,EK-4 30 Haziran 2025 31 Aralık 2024 31 Aralık 2023 ve 31 Aralık 2022 Tarihleri İtibarıyla Hazırlanmış Finansal Tablolar ile Özel Bağımsız Denetim Raporu.pdf,11,
DOFRB,2024,6,KIRA,0.0,,SATIR_YOK,1484584,EK-4 30 Haziran 2025 31 Aralık 2024 31 Aralık 2023 ve 31 Aralık 2022 Tarihleri İtibarıyla Hazırlanmış Finansal Tablolar ile Özel Bağımsız Denetim Raporu.pdf,11,
DOFRB,2024,12,KIRA,0.0,,SATIR_YOK,1484584,EK-4 30 Haziran 2025 31 Aralık 2024 31 Aralık 2023 ve 31 Aralık 2022 Tarihleri İtibarıyla Hazırlanmış Finansal Tablolar ile Özel Bağımsız Denetim Raporu.pdf,11,
DOFRB,2023,12,KIRA,0.0,,SATIR_YOK,1484584,EK-4 30 Haziran 2025 31 Aralık 2024 31 Aralık 2023 ve 31 Aralık 2022 Tarihleri İtibarıyla Hazırlanmış Finansal Tablolar ile Özel Bağımsız Denetim Raporu.pdf,11,
DOFRB,2022,12,KIRA,0.0,,SATIR_YOK,1484584,EK-4 30 Haziran 2025 31 Aralık 2024 31 Aralık 2023 ve 31 Aralık 2022 Tarihleri İtibarıyla Hazırlanmış Finansal Tablolar ile Özel Bağımsız Denetim Raporu.pdf,11,
ECOGR,2025,6,MDV+MODV,0.0,"(2025, 6)",SATIR_YOK,1505598,Ek-4 ECOGR 30 Haziran 2025 31 Aralık 2024 31 Aralık 2023 31 Aralık 2022 Tarihli Bağımsız Denetim Raporu.pdf,13,
ECOGR,2024,6,MDV+MODV,0.0,"(2025, 6)",SATIR_YOK,1505598,Ek-4 ECOGR 30 Haziran 2025 31 Aralık 2024 31 Aralık 2023 31 Aralık 2022 Tarihli Bağımsız Denetim Raporu.pdf,13,
ECOGR,2024,12,MDV+MODV,0.0,"(2025, 6)",SATIR_YOK,1505598,Ek-4 ECOGR 30 Haziran 2025 31 Aralık 2024 31 Aralık 2023 31 Aralık 2022 Tarihli Bağımsız Denetim Raporu.pdf,13,
ECOGR,2023,12,MDV+MODV,0.0,"(2025, 6)",SATIR_YOK,1505598,Ek-4 ECOGR 30 Haziran 2025 31 Aralık 2024 31 Aralık 2023 31 Aralık 2022 Tarihli Bağımsız Denetim Raporu.pdf,13,
ECOGR,2022,12,MDV+MODV,0.0,"(2025, 6)",SATIR_YOK,1505598,Ek-4 ECOGR 30 Haziran 2025 31 Aralık 2024 31 Aralık 2023 31 Aralık 2022 Tarihli Bağımsız Denetim Raporu.pdf,13,
ECOGR,2025,6,YAGM,0.0,"(2025, 6)",SATIR_YOK,1505598,Ek-4 ECOGR 30 Haziran 2025 31 Aralık 2024 31 Aralık 2023 31 Aralık 2022 Tarihli Bağımsız Denetim Raporu.pdf,13,
ECOGR,2024,6,YAGM,0.0,"(2025, 6)",SATIR_YOK,1505598,Ek-4 ECOGR 30 Haziran 2025 31 Aralık 2024 31 Aralık 2023 31 Aralık 2022 Tarihli Bağımsız Denetim Raporu.pdf,13,
ECOGR,2024,12,YAGM,0.0,"(2025, 6)",SATIR_YOK,1505598,Ek-4 ECOGR 30 Haziran 2025 31 Aralık 2024 31 Aralık 2023 31 Aralık 2022 Tarihli Bağımsız Denetim Raporu.pdf,13,
ECOGR,2023,12,YAGM,0.0,"(2025, 6)",SATIR_YOK,1505598,Ek-4 ECOGR 30 Haziran 2025 31 Aralık 2024 31 Aralık 2023 31 Aralık 2022 Tarihli Bağımsız Denetim Raporu.pdf,13,
ECOGR,2022,12,YAGM,0.0,"(2025, 6)",SATIR_YOK,1505598,Ek-4 ECOGR 30 Haziran 2025 31 Aralık 2024 31 Aralık 2023 31 Aralık 2022 Tarihli Bağımsız Denetim Raporu.pdf,13,
ECOGR,2025,6,KIRA,0.0,"(2025, 6)",SATIR_YOK,1505598,Ek-4 ECOGR 30 Haziran 2025 31 Aralık 2024 31 Aralık 2023 31 Aralık 2022 Tarihli Bağımsız Denetim Raporu.pdf,13,
ECOGR,2024,6,KIRA,0.0,"(2025, 6)",SATIR_YOK,1505598,Ek-4 ECOGR 30 Haziran 2025 31 Aralık 2024 31 Aralık 2023 31 Aralık 2022 Tarihli Bağımsız Denetim Raporu.pdf,13,
ECOGR,2024,12,KIRA,0.0,"(2025, 6)",SATIR_YOK,1505598,Ek-4 ECOGR 30 Haziran 2025 31 Aralık 2024 31 Aralık 2023 31 Aralık 2022 Tarihli Bağımsız Denetim Raporu.pdf,13,
ECOGR,2023,12,KIRA,0.0,"(2025, 6)",SATIR_YOK,1505598,Ek-4 ECOGR 30 Haziran 2025 31 Aralık 2024 31 Aralık 2023 31 Aralık 2022 Tarihli Bağımsız Denetim Raporu.pdf,13,
ECOGR,2022,12,KIRA,0.0,"(2025, 6)",SATIR_YOK,1505598,Ek-4 ECOGR 30 Haziran 2025 31 Aralık 2024 31 Aralık 2023 31 Aralık 2022 Tarihli Bağımsız Denetim Raporu.pdf,13,
SARAE,2026,3,CFO,-261241046.0,"(2026, 3)",OKUNDU,1624172,EK-3 Şara Enerji Bağımsız Denetim Raporu ve Finansal Tablolar.pdf,12,İşletme Faaliyetlerinden Nakit Akışları (261.241.046) (1.016.715.738) (380.022.398) 1.814.427.534 1.694.633.883
SARAE,2025,3,CFO,-1016715738.0,"(2026, 3)",OKUNDU,1624172,EK-3 Şara Enerji Bağımsız Denetim Raporu ve Finansal Tablolar.pdf,12,İşletme Faaliyetlerinden Nakit Akışları (261.241.046) (1.016.715.738) (380.022.398) 1.814.427.534 1.694.633.883
SARAE,2025,12,CFO,-380022398.0,"(2026, 3)",OKUNDU,1624172,EK-3 Şara Enerji Bağımsız Denetim Raporu ve Finansal Tablolar.pdf,12,İşletme Faaliyetlerinden Nakit Akışları (261.241.046) (1.016.715.738) (380.022.398) 1.814.427.534 1.694.633.883
SARAE,2024,12,CFO,1814427534.0,"(2026, 3)",OKUNDU,1624172,EK-3 Şara Enerji Bağımsız Denetim Raporu ve Finansal Tablolar.pdf,12,İşletme Faaliyetlerinden Nakit Akışları (261.241.046) (1.016.715.738) (380.022.398) 1.814.427.534 1.694.633.883
SARAE,2023,12,CFO,1694633883.0,"(2026, 3)",OKUNDU,1624172,EK-3 Şara Enerji Bağımsız Denetim Raporu ve Finansal Tablolar.pdf,12,İşletme Faaliyetlerinden Nakit Akışları (261.241.046) (1.016.715.738) (380.022.398) 1.814.427.534 1.694.633.883
SARAE,2026,3,MDV+MODV,-96141615.0,"(2026, 3)",OKUNDU,1624172,EK-3 Şara Enerji Bağımsız Denetim Raporu ve Finansal Tablolar.pdf,12,Maddi duran varlık alımından kaynaklanan nakit çıkışları 14 (69.823.583) (291.750.352) (92.322.324) (194.863.245) (99.145.743) || Maddi olmayan duran varlık alımından kaynaklanan nakit çıkışları 15 (26.318.032) - (25.177.778) (77.316.371) (62.149.272)
SARAE,2025,3,MDV+MODV,-291750352.0,"(2026, 3)",OKUNDU,1624172,EK-3 Şara Enerji Bağımsız Denetim Raporu ve Finansal Tablolar.pdf,12,Maddi duran varlık alımından kaynaklanan nakit çıkışları 14 (69.823.583) (291.750.352) (92.322.324) (194.863.245) (99.145.743) || Maddi olmayan duran varlık alımından kaynaklanan nakit çıkışları 15 (26.318.032) - (25.177.778) (77.316.371) (62.149.272)
SARAE,2025,12,MDV+MODV,-117500102.0,"(2026, 3)",OKUNDU,1624172,EK-3 Şara Enerji Bağımsız Denetim Raporu ve Finansal Tablolar.pdf,12,Maddi duran varlık alımından kaynaklanan nakit çıkışları 14 (69.823.583) (291.750.352) (92.322.324) (194.863.245) (99.145.743) || Maddi olmayan duran varlık alımından kaynaklanan nakit çıkışları 15 (26.318.032) - (25.177.778) (77.316.371) (62.149.272)
SARAE,2024,12,MDV+MODV,-272179616.0,"(2026, 3)",OKUNDU,1624172,EK-3 Şara Enerji Bağımsız Denetim Raporu ve Finansal Tablolar.pdf,12,Maddi duran varlık alımından kaynaklanan nakit çıkışları 14 (69.823.583) (291.750.352) (92.322.324) (194.863.245) (99.145.743) || Maddi olmayan duran varlık alımından kaynaklanan nakit çıkışları 15 (26.318.032) - (25.177.778) (77.316.371) (62.149.272)
SARAE,2023,12,MDV+MODV,-161295015.0,"(2026, 3)",OKUNDU,1624172,EK-3 Şara Enerji Bağımsız Denetim Raporu ve Finansal Tablolar.pdf,12,Maddi duran varlık alımından kaynaklanan nakit çıkışları 14 (69.823.583) (291.750.352) (92.322.324) (194.863.245) (99.145.743) || Maddi olmayan duran varlık alımından kaynaklanan nakit çıkışları 15 (26.318.032) - (25.177.778) (77.316.371) (62.149.272)
SARAE,2026,3,YAGM,0.0,"(2026, 3)",SATIR_YOK,1624172,EK-3 Şara Enerji Bağımsız Denetim Raporu ve Finansal Tablolar.pdf,12,
SARAE,2025,3,YAGM,0.0,"(2026, 3)",SATIR_YOK,1624172,EK-3 Şara Enerji Bağımsız Denetim Raporu ve Finansal Tablolar.pdf,12,
SARAE,2025,12,YAGM,0.0,"(2026, 3)",SATIR_YOK,1624172,EK-3 Şara Enerji Bağımsız Denetim Raporu ve Finansal Tablolar.pdf,12,
SARAE,2024,12,YAGM,0.0,"(2026, 3)",SATIR_YOK,1624172,EK-3 Şara Enerji Bağımsız Denetim Raporu ve Finansal Tablolar.pdf,12,
SARAE,2023,12,YAGM,0.0,"(2026, 3)",SATIR_YOK,1624172,EK-3 Şara Enerji Bağımsız Denetim Raporu ve Finansal Tablolar.pdf,12,
SARAE,2026,3,KIRA,-6128632.0,"(2026, 3)",OKUNDU,1624172,EK-3 Şara Enerji Bağımsız Denetim Raporu ve Finansal Tablolar.pdf,12,Kira sözleşmelerinden kaynaklanan borç ödemelerine ilişkin nakit çıkışları (6.128.632) (32.820.606) (11.802.457) (21.883.158) (13.324.437)
SARAE,2025,3,KIRA,-32820606.0,"(2026, 3)",OKUNDU,1624172,EK-3 Şara Enerji Bağımsız Denetim Raporu ve Finansal Tablolar.pdf,12,Kira sözleşmelerinden kaynaklanan borç ödemelerine ilişkin nakit çıkışları (6.128.632) (32.820.606) (11.802.457) (21.883.158) (13.324.437)
SARAE,2025,12,KIRA,-11802457.0,"(2026, 3)",OKUNDU,1624172,EK-3 Şara Enerji Bağımsız Denetim Raporu ve Finansal Tablolar.pdf,12,Kira sözleşmelerinden kaynaklanan borç ödemelerine ilişkin nakit çıkışları (6.128.632) (32.820.606) (11.802.457) (21.883.158) (13.324.437)
SARAE,2024,12,KIRA,-21883158.0,"(2026, 3)",OKUNDU,1624172,EK-3 Şara Enerji Bağımsız Denetim Raporu ve Finansal Tablolar.pdf,12,Kira sözleşmelerinden kaynaklanan borç ödemelerine ilişkin nakit çıkışları (6.128.632) (32.820.606) (11.802.457) (21.883.158) (13.324.437)
SARAE,2023,12,KIRA,-13324437.0,"(2026, 3)",OKUNDU,1624172,EK-3 Şara Enerji Bağımsız Denetim Raporu ve Finansal Tablolar.pdf,12,Kira sözleşmelerinden kaynaklanan borç ödemelerine ilişkin nakit çıkışları (6.128.632) (32.820.606) (11.802.457) (21.883.158) (13.324.437)
CITAS,2026,3,CFO,240126676.0,"(2026, 3)",OKUNDU,1644762,3. Çitlekçi Bağımsız Denetim Raporu ve Finansal Tablolar.pdf,13,A. İşletme Faaliyetlerinden Kaynaklanan Nakit Akışları 240.126.676 879.606.724 360.001.945 684.934.669 546.496.221
CITAS,2025,12,CFO,879606724.0,"(2026, 3)",OKUNDU,1644762,3. Çitlekçi Bağımsız Denetim Raporu ve Finansal Tablolar.pdf,13,A. İşletme Faaliyetlerinden Kaynaklanan Nakit Akışları 240.126.676 879.606.724 360.001.945 684.934.669 546.496.221
CITAS,2025,3,CFO,360001945.0,"(2026, 3)",OKUNDU,1644762,3. Çitlekçi Bağımsız Denetim Raporu ve Finansal Tablolar.pdf,13,A. İşletme Faaliyetlerinden Kaynaklanan Nakit Akışları 240.126.676 879.606.724 360.001.945 684.934.669 546.496.221
CITAS,2024,12,CFO,684934669.0,"(2026, 3)",OKUNDU,1644762,3. Çitlekçi Bağımsız Denetim Raporu ve Finansal Tablolar.pdf,13,A. İşletme Faaliyetlerinden Kaynaklanan Nakit Akışları 240.126.676 879.606.724 360.001.945 684.934.669 546.496.221
CITAS,2023,12,CFO,546496221.0,"(2026, 3)",OKUNDU,1644762,3. Çitlekçi Bağımsız Denetim Raporu ve Finansal Tablolar.pdf,13,A. İşletme Faaliyetlerinden Kaynaklanan Nakit Akışları 240.126.676 879.606.724 360.001.945 684.934.669 546.496.221
CITAS,2026,3,MDV+MODV,0.0,"(2026, 3)",SATIR_YOK,1644762,3. Çitlekçi Bağımsız Denetim Raporu ve Finansal Tablolar.pdf,13,
CITAS,2025,12,MDV+MODV,0.0,"(2026, 3)",SATIR_YOK,1644762,3. Çitlekçi Bağımsız Denetim Raporu ve Finansal Tablolar.pdf,13,
CITAS,2025,3,MDV+MODV,0.0,"(2026, 3)",SATIR_YOK,1644762,3. Çitlekçi Bağımsız Denetim Raporu ve Finansal Tablolar.pdf,13,
CITAS,2024,12,MDV+MODV,0.0,"(2026, 3)",SATIR_YOK,1644762,3. Çitlekçi Bağımsız Denetim Raporu ve Finansal Tablolar.pdf,13,
CITAS,2023,12,MDV+MODV,0.0,"(2026, 3)",SATIR_YOK,1644762,3. Çitlekçi Bağımsız Denetim Raporu ve Finansal Tablolar.pdf,13,
CITAS,2026,3,YAGM,0.0,"(2026, 3)",SATIR_YOK,1644762,3. Çitlekçi Bağımsız Denetim Raporu ve Finansal Tablolar.pdf,13,
CITAS,2025,12,YAGM,0.0,"(2026, 3)",SATIR_YOK,1644762,3. Çitlekçi Bağımsız Denetim Raporu ve Finansal Tablolar.pdf,13,
CITAS,2025,3,YAGM,0.0,"(2026, 3)",SATIR_YOK,1644762,3. Çitlekçi Bağımsız Denetim Raporu ve Finansal Tablolar.pdf,13,
CITAS,2024,12,YAGM,0.0,"(2026, 3)",SATIR_YOK,1644762,3. Çitlekçi Bağımsız Denetim Raporu ve Finansal Tablolar.pdf,13,
CITAS,2023,12,YAGM,0.0,"(2026, 3)",SATIR_YOK,1644762,3. Çitlekçi Bağımsız Denetim Raporu ve Finansal Tablolar.pdf,13,
CITAS,2026,3,KIRA,-44915617.0,"(2026, 3)",OKUNDU,1644762,3. Çitlekçi Bağımsız Denetim Raporu ve Finansal Tablolar.pdf,13,Kira Ödemeleri (44.915.617) (150.258.291) (23.674.645) (77.596.929) (47.934.539)
CITAS,2025,12,KIRA,-150258291.0,"(2026, 3)",OKUNDU,1644762,3. Çitlekçi Bağımsız Denetim Raporu ve Finansal Tablolar.pdf,13,Kira Ödemeleri (44.915.617) (150.258.291) (23.674.645) (77.596.929) (47.934.539)
CITAS,2025,3,KIRA,-23674645.0,"(2026, 3)",OKUNDU,1644762,3. Çitlekçi Bağımsız Denetim Raporu ve Finansal Tablolar.pdf,13,Kira Ödemeleri (44.915.617) (150.258.291) (23.674.645) (77.596.929) (47.934.539)
CITAS,2024,12,KIRA,-77596929.0,"(2026, 3)",OKUNDU,1644762,3. Çitlekçi Bağımsız Denetim Raporu ve Finansal Tablolar.pdf,13,Kira Ödemeleri (44.915.617) (150.258.291) (23.674.645) (77.596.929) (47.934.539)
CITAS,2023,12,KIRA,-47934539.0,"(2026, 3)",OKUNDU,1644762,3. Çitlekçi Bağımsız Denetim Raporu ve Finansal Tablolar.pdf,13,Kira Ödemeleri (44.915.617) (150.258.291) (23.674.645) (77.596.929) (47.934.539)
SSAAT,2026,3,CFO,254085788.0,,OKUNDU,1623456,EK 3 - Konsolide Finansal Tablolar ve Özel Bağımsız Denetim Raporu.pdf,13,Dönem Karı 254.085.788 265.494.008 1.529.903.884 1.232.542.729 2.095.966.403
SSAAT,2025,3,CFO,265494008.0,,OKUNDU,1623456,EK 3 - Konsolide Finansal Tablolar ve Özel Bağımsız Denetim Raporu.pdf,13,Dönem Karı 254.085.788 265.494.008 1.529.903.884 1.232.542.729 2.095.966.403
SSAAT,2025,12,CFO,1529903884.0,,OKUNDU,1623456,EK 3 - Konsolide Finansal Tablolar ve Özel Bağımsız Denetim Raporu.pdf,13,Dönem Karı 254.085.788 265.494.008 1.529.903.884 1.232.542.729 2.095.966.403
SSAAT,2024,12,CFO,1232542729.0,,OKUNDU,1623456,EK 3 - Konsolide Finansal Tablolar ve Özel Bağımsız Denetim Raporu.pdf,13,Dönem Karı 254.085.788 265.494.008 1.529.903.884 1.232.542.729 2.095.966.403
SSAAT,2023,12,CFO,2095966403.0,,OKUNDU,1623456,EK 3 - Konsolide Finansal Tablolar ve Özel Bağımsız Denetim Raporu.pdf,13,Dönem Karı 254.085.788 265.494.008 1.529.903.884 1.232.542.729 2.095.966.403
SSAAT,2026,3,MDV+MODV,-47918222.0,,OKUNDU,1623456,EK 3 - Konsolide Finansal Tablolar ve Özel Bağımsız Denetim Raporu.pdf,13,Maddi ve Maddi Olmayan Duran Varlıkların Alımından Nakit Çıkışları 15- 16 (47.918.222) (50.985.573) (276.588.410) (191.811.494) (116.427.017)
SSAAT,2025,3,MDV+MODV,-50985573.0,,OKUNDU,1623456,EK 3 - Konsolide Finansal Tablolar ve Özel Bağımsız Denetim Raporu.pdf,13,Maddi ve Maddi Olmayan Duran Varlıkların Alımından Nakit Çıkışları 15- 16 (47.918.222) (50.985.573) (276.588.410) (191.811.494) (116.427.017)
SSAAT,2025,12,MDV+MODV,-276588410.0,,OKUNDU,1623456,EK 3 - Konsolide Finansal Tablolar ve Özel Bağımsız Denetim Raporu.pdf,13,Maddi ve Maddi Olmayan Duran Varlıkların Alımından Nakit Çıkışları 15- 16 (47.918.222) (50.985.573) (276.588.410) (191.811.494) (116.427.017)
SSAAT,2024,12,MDV+MODV,-191811494.0,,OKUNDU,1623456,EK 3 - Konsolide Finansal Tablolar ve Özel Bağımsız Denetim Raporu.pdf,13,Maddi ve Maddi Olmayan Duran Varlıkların Alımından Nakit Çıkışları 15- 16 (47.918.222) (50.985.573) (276.588.410) (191.811.494) (116.427.017)
SSAAT,2023,12,MDV+MODV,-116427017.0,,OKUNDU,1623456,EK 3 - Konsolide Finansal Tablolar ve Özel Bağımsız Denetim Raporu.pdf,13,Maddi ve Maddi Olmayan Duran Varlıkların Alımından Nakit Çıkışları 15- 16 (47.918.222) (50.985.573) (276.588.410) (191.811.494) (116.427.017)
SSAAT,2026,3,YAGM,0.0,,SATIR_YOK,1623456,EK 3 - Konsolide Finansal Tablolar ve Özel Bağımsız Denetim Raporu.pdf,13,
SSAAT,2025,3,YAGM,0.0,,SATIR_YOK,1623456,EK 3 - Konsolide Finansal Tablolar ve Özel Bağımsız Denetim Raporu.pdf,13,
SSAAT,2025,12,YAGM,0.0,,SATIR_YOK,1623456,EK 3 - Konsolide Finansal Tablolar ve Özel Bağımsız Denetim Raporu.pdf,13,
SSAAT,2024,12,YAGM,0.0,,SATIR_YOK,1623456,EK 3 - Konsolide Finansal Tablolar ve Özel Bağımsız Denetim Raporu.pdf,13,
SSAAT,2023,12,YAGM,0.0,,SATIR_YOK,1623456,EK 3 - Konsolide Finansal Tablolar ve Özel Bağımsız Denetim Raporu.pdf,13,
SSAAT,2026,3,KIRA,-108779692.0,,OKUNDU,1623456,EK 3 - Konsolide Finansal Tablolar ve Özel Bağımsız Denetim Raporu.pdf,13,Kira Sözleşmelerinden Kaynaklanan Borç Ödemelerine İlişkin Nakit Çıkışları 13 (108.779.692) (94.836.188) (381.837.221) (308.350.654) (234.345.845)
SSAAT,2025,3,KIRA,-94836188.0,,OKUNDU,1623456,EK 3 - Konsolide Finansal Tablolar ve Özel Bağımsız Denetim Raporu.pdf,13,Kira Sözleşmelerinden Kaynaklanan Borç Ödemelerine İlişkin Nakit Çıkışları 13 (108.779.692) (94.836.188) (381.837.221) (308.350.654) (234.345.845)
SSAAT,2025,12,KIRA,-381837221.0,,OKUNDU,1623456,EK 3 - Konsolide Finansal Tablolar ve Özel Bağımsız Denetim Raporu.pdf,13,Kira Sözleşmelerinden Kaynaklanan Borç Ödemelerine İlişkin Nakit Çıkışları 13 (108.779.692) (94.836.188) (381.837.221) (308.350.654) (234.345.845)
SSAAT,2024,12,KIRA,-308350654.0,,OKUNDU,1623456,EK 3 - Konsolide Finansal Tablolar ve Özel Bağımsız Denetim Raporu.pdf,13,Kira Sözleşmelerinden Kaynaklanan Borç Ödemelerine İlişkin Nakit Çıkışları 13 (108.779.692) (94.836.188) (381.837.221) (308.350.654) (234.345.845)
SSAAT,2023,12,KIRA,-234345845.0,,OKUNDU,1623456,EK 3 - Konsolide Finansal Tablolar ve Özel Bağımsız Denetim Raporu.pdf,13,Kira Sözleşmelerinden Kaynaklanan Borç Ödemelerine İlişkin Nakit Çıkışları 13 (108.779.692) (94.836.188) (381.837.221) (308.350.654) (234.345.845)
NETCD,2025,9,CFO,484953294.0,"(2025, 9)",OKUNDU,1546360,Ek-3 Netcad - 30.09.2025 BDR.pdf,14,Dönem (karı) 484.953.294 328.149.029 582.430.610 266.596.480 275.076.342
NETCD,2024,12,CFO,328149029.0,"(2025, 9)",OKUNDU,1546360,Ek-3 Netcad - 30.09.2025 BDR.pdf,14,Dönem (karı) 484.953.294 328.149.029 582.430.610 266.596.480 275.076.342
NETCD,2024,9,CFO,582430610.0,"(2025, 9)",OKUNDU,1546360,Ek-3 Netcad - 30.09.2025 BDR.pdf,14,Dönem (karı) 484.953.294 328.149.029 582.430.610 266.596.480 275.076.342
NETCD,2023,12,CFO,266596480.0,"(2025, 9)",OKUNDU,1546360,Ek-3 Netcad - 30.09.2025 BDR.pdf,14,Dönem (karı) 484.953.294 328.149.029 582.430.610 266.596.480 275.076.342
NETCD,2022,12,CFO,275076342.0,"(2025, 9)",OKUNDU,1546360,Ek-3 Netcad - 30.09.2025 BDR.pdf,14,Dönem (karı) 484.953.294 328.149.029 582.430.610 266.596.480 275.076.342
NETCD,2025,9,MDV+MODV,-306368823.0,"(2025, 9)",OKUNDU,1546360,Ek-3 Netcad - 30.09.2025 BDR.pdf,14,"14, 15 (306.368.823) (239.972.736) (380.023.629) (217.660.023) (284.257.672)"
NETCD,2024,12,MDV+MODV,-239972736.0,"(2025, 9)",OKUNDU,1546360,Ek-3 Netcad - 30.09.2025 BDR.pdf,14,"14, 15 (306.368.823) (239.972.736) (380.023.629) (217.660.023) (284.257.672)"
NETCD,2024,9,MDV+MODV,-380023629.0,"(2025, 9)",OKUNDU,1546360,Ek-3 Netcad - 30.09.2025 BDR.pdf,14,"14, 15 (306.368.823) (239.972.736) (380.023.629) (217.660.023) (284.257.672)"
NETCD,2023,12,MDV+MODV,-217660023.0,"(2025, 9)",OKUNDU,1546360,Ek-3 Netcad - 30.09.2025 BDR.pdf,14,"14, 15 (306.368.823) (239.972.736) (380.023.629) (217.660.023) (284.257.672)"
NETCD,2022,12,MDV+MODV,-284257672.0,"(2025, 9)",OKUNDU,1546360,Ek-3 Netcad - 30.09.2025 BDR.pdf,14,"14, 15 (306.368.823) (239.972.736) (380.023.629) (217.660.023) (284.257.672)"
NETCD,2025,9,YAGM,0.0,"(2025, 9)",SATIR_YOK,1546360,Ek-3 Netcad - 30.09.2025 BDR.pdf,14,
NETCD,2024,12,YAGM,0.0,"(2025, 9)",SATIR_YOK,1546360,Ek-3 Netcad - 30.09.2025 BDR.pdf,14,
NETCD,2024,9,YAGM,0.0,"(2025, 9)",SATIR_YOK,1546360,Ek-3 Netcad - 30.09.2025 BDR.pdf,14,
NETCD,2023,12,YAGM,0.0,"(2025, 9)",SATIR_YOK,1546360,Ek-3 Netcad - 30.09.2025 BDR.pdf,14,
NETCD,2022,12,YAGM,0.0,"(2025, 9)",SATIR_YOK,1546360,Ek-3 Netcad - 30.09.2025 BDR.pdf,14,
NETCD,2025,9,KIRA,-24928033.0,"(2025, 9)",OKUNDU,1546360,Ek-3 Netcad - 30.09.2025 BDR.pdf,14,16 (24.928.033) (18.788.737) (25.758.714) (16.272.682) (17.226.073)
NETCD,2024,12,KIRA,-18788737.0,"(2025, 9)",OKUNDU,1546360,Ek-3 Netcad - 30.09.2025 BDR.pdf,14,16 (24.928.033) (18.788.737) (25.758.714) (16.272.682) (17.226.073)
NETCD,2024,9,KIRA,-25758714.0,"(2025, 9)",OKUNDU,1546360,Ek-3 Netcad - 30.09.2025 BDR.pdf,14,16 (24.928.033) (18.788.737) (25.758.714) (16.272.682) (17.226.073)
NETCD,2023,12,KIRA,-16272682.0,"(2025, 9)",OKUNDU,1546360,Ek-3 Netcad - 30.09.2025 BDR.pdf,14,16 (24.928.033) (18.788.737) (25.758.714) (16.272.682) (17.226.073)
NETCD,2022,12,KIRA,-17226073.0,"(2025, 9)",OKUNDU,1546360,Ek-3 Netcad - 30.09.2025 BDR.pdf,14,16 (24.928.033) (18.788.737) (25.758.714) (16.272.682) (17.226.073)
KPEKS,2026,3,CFO,78264052.0,"(2026, 3)",OKUNDU,1645061,EK 3 Kapeks 31032026 BDR.pdf,13,A. İşletme Faaliyetlerinden Kaynaklanan Net Nakit Akışı (+/-) 78.264.052 46.150.065 408.111.981 280.685.013 721.407.939
KPEKS,2025,3,CFO,46150065.0,"(2026, 3)",OKUNDU,1645061,EK 3 Kapeks 31032026 BDR.pdf,13,A. İşletme Faaliyetlerinden Kaynaklanan Net Nakit Akışı (+/-) 78.264.052 46.150.065 408.111.981 280.685.013 721.407.939
KPEKS,2025,12,CFO,408111981.0,"(2026, 3)",OKUNDU,1645061,EK 3 Kapeks 31032026 BDR.pdf,13,A. İşletme Faaliyetlerinden Kaynaklanan Net Nakit Akışı (+/-) 78.264.052 46.150.065 408.111.981 280.685.013 721.407.939
KPEKS,2024,12,CFO,280685013.0,"(2026, 3)",OKUNDU,1645061,EK 3 Kapeks 31032026 BDR.pdf,13,A. İşletme Faaliyetlerinden Kaynaklanan Net Nakit Akışı (+/-) 78.264.052 46.150.065 408.111.981 280.685.013 721.407.939
KPEKS,2023,12,CFO,721407939.0,"(2026, 3)",OKUNDU,1645061,EK 3 Kapeks 31032026 BDR.pdf,13,A. İşletme Faaliyetlerinden Kaynaklanan Net Nakit Akışı (+/-) 78.264.052 46.150.065 408.111.981 280.685.013 721.407.939
KPEKS,2026,3,MDV+MODV,-18249980.0,"(2026, 3)",OKUNDU,1645061,EK 3 Kapeks 31032026 BDR.pdf,13,Maddi Duran Varlıkların Alımından Kaynaklanan Nakit Çıkışları (-) 11 (18.222.915) (18.883.175) (220.223.508) (319.010.770) (232.417.453) || Kaynaklanan Nakit Çıkışları (-) 12 (27.065) (179.921) (239.334) (1.110.876) (1.208.574)
KPEKS,2025,3,MDV+MODV,-19063096.0,"(2026, 3)",OKUNDU,1645061,EK 3 Kapeks 31032026 BDR.pdf,13,Maddi Duran Varlıkların Alımından Kaynaklanan Nakit Çıkışları (-) 11 (18.222.915) (18.883.175) (220.223.508) (319.010.770) (232.417.453) || Kaynaklanan Nakit Çıkışları (-) 12 (27.065) (179.921) (239.334) (1.110.876) (1.208.574)
KPEKS,2025,12,MDV+MODV,-220462842.0,"(2026, 3)",OKUNDU,1645061,EK 3 Kapeks 31032026 BDR.pdf,13,Maddi Duran Varlıkların Alımından Kaynaklanan Nakit Çıkışları (-) 11 (18.222.915) (18.883.175) (220.223.508) (319.010.770) (232.417.453) || Kaynaklanan Nakit Çıkışları (-) 12 (27.065) (179.921) (239.334) (1.110.876) (1.208.574)
KPEKS,2024,12,MDV+MODV,-320121646.0,"(2026, 3)",OKUNDU,1645061,EK 3 Kapeks 31032026 BDR.pdf,13,Maddi Duran Varlıkların Alımından Kaynaklanan Nakit Çıkışları (-) 11 (18.222.915) (18.883.175) (220.223.508) (319.010.770) (232.417.453) || Kaynaklanan Nakit Çıkışları (-) 12 (27.065) (179.921) (239.334) (1.110.876) (1.208.574)
KPEKS,2023,12,MDV+MODV,-233626027.0,"(2026, 3)",OKUNDU,1645061,EK 3 Kapeks 31032026 BDR.pdf,13,Maddi Duran Varlıkların Alımından Kaynaklanan Nakit Çıkışları (-) 11 (18.222.915) (18.883.175) (220.223.508) (319.010.770) (232.417.453) || Kaynaklanan Nakit Çıkışları (-) 12 (27.065) (179.921) (239.334) (1.110.876) (1.208.574)
KPEKS,2026,3,YAGM,0.0,"(2026, 3)",SATIR_YOK,1645061,EK 3 Kapeks 31032026 BDR.pdf,13,
KPEKS,2025,3,YAGM,0.0,"(2026, 3)",SATIR_YOK,1645061,EK 3 Kapeks 31032026 BDR.pdf,13,
KPEKS,2025,12,YAGM,0.0,"(2026, 3)",SATIR_YOK,1645061,EK 3 Kapeks 31032026 BDR.pdf,13,
KPEKS,2024,12,YAGM,0.0,"(2026, 3)",SATIR_YOK,1645061,EK 3 Kapeks 31032026 BDR.pdf,13,
KPEKS,2023,12,YAGM,0.0,"(2026, 3)",SATIR_YOK,1645061,EK 3 Kapeks 31032026 BDR.pdf,13,
KPEKS,2026,3,KIRA,-9756875.0,"(2026, 3)",OKUNDU,1645061,EK 3 Kapeks 31032026 BDR.pdf,13,Kiralama Yükümlülükleriyle İlgili Nakit Çıkışları (-) 13 (9.756.875) - (7.711.019) (5.885.317) (20.016.730)
KPEKS,2025,3,KIRA,0.0,"(2026, 3)",OKUNDU,1645061,EK 3 Kapeks 31032026 BDR.pdf,13,Kiralama Yükümlülükleriyle İlgili Nakit Çıkışları (-) 13 (9.756.875) - (7.711.019) (5.885.317) (20.016.730)
KPEKS,2025,12,KIRA,-7711019.0,"(2026, 3)",OKUNDU,1645061,EK 3 Kapeks 31032026 BDR.pdf,13,Kiralama Yükümlülükleriyle İlgili Nakit Çıkışları (-) 13 (9.756.875) - (7.711.019) (5.885.317) (20.016.730)
KPEKS,2024,12,KIRA,-5885317.0,"(2026, 3)",OKUNDU,1645061,EK 3 Kapeks 31032026 BDR.pdf,13,Kiralama Yükümlülükleriyle İlgili Nakit Çıkışları (-) 13 (9.756.875) - (7.711.019) (5.885.317) (20.016.730)
KPEKS,2023,12,KIRA,-20016730.0,"(2026, 3)",OKUNDU,1645061,EK 3 Kapeks 31032026 BDR.pdf,13,Kiralama Yükümlülükleriyle İlgili Nakit Çıkışları (-) 13 (9.756.875) - (7.711.019) (5.885.317) (20.016.730)
METEN,2026,3,MDV+MODV,0.0,"(2026, 3)",SATIR_YOK,1634675,Ek-3 Metgün Enerji - 31.03.2026 BDR.pdf,11,
METEN,2025,3,MDV+MODV,0.0,"(2026, 3)",SATIR_YOK,1634675,Ek-3 Metgün Enerji - 31.03.2026 BDR.pdf,11,
METEN,2025,12,MDV+MODV,0.0,"(2026, 3)",SATIR_YOK,1634675,Ek-3 Metgün Enerji - 31.03.2026 BDR.pdf,11,
METEN,2024,12,MDV+MODV,0.0,"(2026, 3)",SATIR_YOK,1634675,Ek-3 Metgün Enerji - 31.03.2026 BDR.pdf,11,
METEN,2023,12,MDV+MODV,0.0,"(2026, 3)",SATIR_YOK,1634675,Ek-3 Metgün Enerji - 31.03.2026 BDR.pdf,11,
METEN,2026,3,YAGM,0.0,"(2026, 3)",SATIR_YOK,1634675,Ek-3 Metgün Enerji - 31.03.2026 BDR.pdf,11,
METEN,2025,3,YAGM,0.0,"(2026, 3)",SATIR_YOK,1634675,Ek-3 Metgün Enerji - 31.03.2026 BDR.pdf,11,
METEN,2025,12,YAGM,0.0,"(2026, 3)",SATIR_YOK,1634675,Ek-3 Metgün Enerji - 31.03.2026 BDR.pdf,11,
METEN,2024,12,YAGM,0.0,"(2026, 3)",SATIR_YOK,1634675,Ek-3 Metgün Enerji - 31.03.2026 BDR.pdf,11,
METEN,2023,12,YAGM,0.0,"(2026, 3)",SATIR_YOK,1634675,Ek-3 Metgün Enerji - 31.03.2026 BDR.pdf,11,
METEN,2026,3,KIRA,0.0,"(2026, 3)",SATIR_YOK,1634675,Ek-3 Metgün Enerji - 31.03.2026 BDR.pdf,11,
METEN,2025,3,KIRA,0.0,"(2026, 3)",SATIR_YOK,1634675,Ek-3 Metgün Enerji - 31.03.2026 BDR.pdf,11,
METEN,2025,12,KIRA,0.0,"(2026, 3)",SATIR_YOK,1634675,Ek-3 Metgün Enerji - 31.03.2026 BDR.pdf,11,
METEN,2024,12,KIRA,0.0,"(2026, 3)",SATIR_YOK,1634675,Ek-3 Metgün Enerji - 31.03.2026 BDR.pdf,11,
METEN,2023,12,KIRA,0.0,"(2026, 3)",SATIR_YOK,1634675,Ek-3 Metgün Enerji - 31.03.2026 BDR.pdf,11,
SOHOE,2026,3,MDV+MODV,0.0,"(2026, 3)",SATIR_YOK,1620778,Ek 3- Soho Giyim Enerji Konsolide Finansal Tablolar.pdf,11,
SOHOE,2025,3,MDV+MODV,0.0,"(2026, 3)",SATIR_YOK,1620778,Ek 3- Soho Giyim Enerji Konsolide Finansal Tablolar.pdf,11,
SOHOE,2025,12,MDV+MODV,0.0,"(2026, 3)",SATIR_YOK,1620778,Ek 3- Soho Giyim Enerji Konsolide Finansal Tablolar.pdf,11,
SOHOE,2024,12,MDV+MODV,0.0,"(2026, 3)",SATIR_YOK,1620778,Ek 3- Soho Giyim Enerji Konsolide Finansal Tablolar.pdf,11,
SOHOE,2023,12,MDV+MODV,0.0,"(2026, 3)",SATIR_YOK,1620778,Ek 3- Soho Giyim Enerji Konsolide Finansal Tablolar.pdf,11,
SOHOE,2026,3,YAGM,0.0,"(2026, 3)",SATIR_YOK,1620778,Ek 3- Soho Giyim Enerji Konsolide Finansal Tablolar.pdf,11,
SOHOE,2025,3,YAGM,0.0,"(2026, 3)",SATIR_YOK,1620778,Ek 3- Soho Giyim Enerji Konsolide Finansal Tablolar.pdf,11,
SOHOE,2025,12,YAGM,0.0,"(2026, 3)",SATIR_YOK,1620778,Ek 3- Soho Giyim Enerji Konsolide Finansal Tablolar.pdf,11,
SOHOE,2024,12,YAGM,0.0,"(2026, 3)",SATIR_YOK,1620778,Ek 3- Soho Giyim Enerji Konsolide Finansal Tablolar.pdf,11,
SOHOE,2023,12,YAGM,0.0,"(2026, 3)",SATIR_YOK,1620778,Ek 3- Soho Giyim Enerji Konsolide Finansal Tablolar.pdf,11,
SOHOE,2026,3,KIRA,0.0,"(2026, 3)",SATIR_YOK,1620778,Ek 3- Soho Giyim Enerji Konsolide Finansal Tablolar.pdf,11,
SOHOE,2025,3,KIRA,0.0,"(2026, 3)",SATIR_YOK,1620778,Ek 3- Soho Giyim Enerji Konsolide Finansal Tablolar.pdf,11,
SOHOE,2025,12,KIRA,0.0,"(2026, 3)",SATIR_YOK,1620778,Ek 3- Soho Giyim Enerji Konsolide Finansal Tablolar.pdf,11,
SOHOE,2024,12,KIRA,0.0,"(2026, 3)",SATIR_YOK,1620778,Ek 3- Soho Giyim Enerji Konsolide Finansal Tablolar.pdf,11,
SOHOE,2023,12,KIRA,0.0,"(2026, 3)",SATIR_YOK,1620778,Ek 3- Soho Giyim Enerji Konsolide Finansal Tablolar.pdf,11,
