Kod,Dönem,V7_artik,Esik,Siniflanmayan,Kapandi,CAPEX_belge_ttm,Capex_ek,CAPEX_master,Dokum,Sorun
AEFES,2025/03,-37297.601,14362.2,0.0,True,28.7,-0.0,28724.300085,iştirak/bağlı ortaklık (M&A) ✗ -37.0; duran varlık satışı ✗ +0.6,
AEFES,2025/06,-35347.92,13748.7,0.0,True,27.5,-0.0,27497.3504697,iştirak/bağlı ortaklık (M&A) ✗ -35.2; duran varlık satışı ✗ +0.2,
AEFES,2025/09,-35351.154,12478.6,0.0,True,25.0,-0.0,24957.2042586,iştirak/bağlı ortaklık (M&A) ✗ -35.3; duran varlık satışı ✗ -0.1,
AEFES,2025/12,-33848.81,11252.6,0.0,True,22.5,-0.0,22505.2007424,iştirak/bağlı ortaklık (M&A) ✗ -33.8; duran varlık satışı ✗ +0.9,
AGHOL,2025/03,-37297.601,22625.4,0.0,True,45.3,-0.0,45250.8359394,iştirak/bağlı ortaklık (M&A) ✗ -42.7; duran varlık satışı ✗ +2.2,
AGHOL,2025/06,-35347.92,22394.8,0.0,True,44.8,-0.0,44789.5479527,iştirak/bağlı ortaklık (M&A) ✗ -40.1; duran varlık satışı ✗ +2.0,
AGHOL,2025/09,-35351.154,21591.1,0.0,True,43.2,-0.0,43182.2193634,iştirak/bağlı ortaklık (M&A) ✗ -36.1; duran varlık satışı ✗ +0.3,
AGHOL,2025/12,-33848.81,20664.4,0.0,True,41.3,-0.0,41328.8011264,iştirak/bağlı ortaklık (M&A) ✗ -36.4; duran varlık satışı ✗ +1.2,
AGROT,2025/03,-295.507,151.2,0.0,True,302.3,-0.0,302.3220924,iştirak/bağlı ortaklık (M&A) ✗ -285.4; duran varlık satışı ✗ +199.8; menkul kıymet/fon/türev ✗ -30.1; kur farkı (nakit dışı sunum) ✗ -10.1,
ALCAR,2025/06,88.677,170.9,0.0,True,120.7,-0.0,120.7411837,"duran varlık satışı ✗ +1,416.7",
ALCAR,2025/09,88.677,160.4,0.0,True,41.0,-0.0,40.9963077,"duran varlık satışı ✗ +1,380.3",
ALKIM,2025/09,645.618,622.5,250.5,True,1245.1,-0.0,1245.087004,menkul kıymet/fon/türev ✗ +395.2; SINIFLANMADI +250.5; alınan faiz ✗ +33.6; duran varlık satışı ✗ -31.4,
ARASE,2025/03,-4759.663,777.1,0.0,True,16.8,4759.696,20.6762664,"capex (dipnot: Diğer içindeki yatırım harcaması → CAPEX’e eklendi) -4,759.7; duran varlık satışı ✗ -3.9",
ARASE,2025/06,-4910.011,989.5,0.0,True,21.5,4910.049,21.5479695,"capex (dipnot: Diğer içindeki yatırım harcaması → CAPEX’e eklendi) -4,910.0",
ARASE,2025/09,-4465.338,683.4,0.0,True,22.7,4465.375,22.6814199,"capex (dipnot: Diğer içindeki yatırım harcaması → CAPEX’e eklendi) -4,465.4",
ARASE,2025/12,-4443.594,701.6,0.0,True,21.3,4443.598,21.2815872,"capex (dipnot: Diğer içindeki yatırım harcaması → CAPEX’e eklendi) -4,443.6",
ARASE,2026/03,-4372.706,786.2,0.0,True,25.1,4372.712,25.1093349,"capex (dipnot: Diğer içindeki yatırım harcaması → CAPEX’e eklendi) -4,372.7",
ARASE,2026/06,-4257.716,708.3,0.0,True,29.3,4257.72,29.3325872,"capex (dipnot: Diğer içindeki yatırım harcaması → CAPEX’e eklendi) -4,257.7",
ARSAN,2025/06,227.69,116.9,0.0,True,64.0,-0.0,63.9815158,menkul kıymet/fon/türev ✗ +436.1; iştirak/bağlı ortaklık (M&A) ✗ -15.6; TMS 29 enflasyon etkisi ✗ +15.3; duran varlık satışı ✗ -9.6,
ASTOR,2025/03,-3971.889,2285.9,-1213.0,True,4571.7,-0.0,4571.7686514,"menkul kıymet/fon/türev ✗ -2,733.7; duran varlık satışı ✗ +2,577.9; SINIFLANMADI -1,213.0",C: 2024/03 raporunun cari sütunu (karşılaştırmalı sütunda Diğer ayrışmadı)
ASTOR,2025/06,-4890.932000000001,2726.6,0.0,True,5453.1,-0.0,5453.1104514,"menkul kıymet/fon/türev ✗ -3,661.4; duran varlık satışı ✗ +3,107.7; iştirak/bağlı ortaklık (M&A) ✗ -367.1",
ASTOR,2025/09,-2758.869,2746.9,0.0,True,5493.7,-0.0,5493.7426827,"menkul kıymet/fon/türev ✗ -6,531.5; duran varlık satışı ✗ +3,889.5; iştirak/bağlı ortaklık (M&A) ✗ -341.8",
ASTOR,2025/12,-5376.72,2683.2,0.0,True,5366.3,-0.0,5366.3302656,"menkul kıymet/fon/türev ✗ -5,376.7; duran varlık satışı ✗ +2,507.3",
ASTOR,2026/03,-5549.19,2887.0,0.0,True,5774.0,-0.0,5773.9805802,"menkul kıymet/fon/türev ✗ -5,549.2; duran varlık satışı ✗ +1,695.4",
ASTOR,2026/06,-6927.429,3548.6,0.0,True,7097.2,-0.0,7097.1672656,"menkul kıymet/fon/türev ✗ -6,927.4; duran varlık satışı ✗ +1,318.8; iştirak/bağlı ortaklık (M&A) ✗ +367.1",
ASUZU,2025/09,1826.618,939.7,1826.6,False,1879.5,-0.0,1879.4379902,"SINIFLANMADI +1,826.6; duran varlık satışı ✗ +26.7",C: 2024/09 raporunun cari sütunu (karşılaştırmalı sütunda Diğer ayrışmadı)
ATATP,2025/06,-2378.572,417.8,0.0,True,835.5,-0.0,835.5087235,"menkul kıymet/fon/türev ✗ -2,378.6; duran varlık satışı ✗ +2.6",
ATATP,2025/09,-839.578,486.9,0.0,True,973.7,-0.0,973.7419271,menkul kıymet/fon/türev ✗ -839.6; duran varlık satışı ✗ +6.7,
ATATP,2025/12,-853.158,535.6,0.0,True,1071.2,-0.0,1071.1826432,menkul kıymet/fon/türev ✗ -853.2; duran varlık satışı ✗ +102.0,
ATATP,2026/03,-855.174,509.1,0.0,True,1018.2,-0.0,1018.2191138,menkul kıymet/fon/türev ✗ -855.2; duran varlık satışı ✗ +106.5,
ATATP,2026/06,1504.512,512.8,0.0,True,1025.6,-0.0,1025.5836432,"menkul kıymet/fon/türev ✗ +1,504.5; duran varlık satışı ✗ +106.7",
BESLR,2025/09,1220.533,353.0,0.0,True,705.9,-0.0,705.9089588,"alınan faiz ✗ +3,886.5; kur farkı (nakit dışı sunum) ✗ +1,220.5; duran varlık satışı ✗ +36.9",
BESLR,2025/12,1305.403,433.5,0.0,True,867.0,-0.0,866.9620736,"alınan faiz ✗ +3,412.1; kur farkı (nakit dışı sunum) ✗ +1,305.4; duran varlık satışı ✗ +34.8",
BESLR,2026/03,1396.071,466.2,0.0,True,932.4,-0.0,932.4307916,"alınan faiz ✗ +2,931.7; kur farkı (nakit dışı sunum) ✗ +1,396.1; duran varlık satışı ✗ +21.6",
BESLR,2026/06,1307.426,527.3,0.0,True,1054.6,-0.0,1054.5980736,"alınan faiz ✗ +2,512.7; kur farkı (nakit dışı sunum) ✗ +1,307.4; duran varlık satışı ✗ +9.3",
BIENY,2025/03,2486.471,1653.1,0.0,True,3306.2,-0.0,3306.2436744,"menkul kıymet/fon/türev ✗ +2,486.6; duran varlık satışı ✗ +5.8; alınan faiz ✗ -3.6",
BIENY,2025/06,4233.811,2054.9,5.8,True,4109.9,-0.0,4109.8618928,"menkul kıymet/fon/türev ✗ +1,499.9; duran varlık satışı ✗ +74.2; SINIFLANMADI +5.8; alınan faiz ✗ -4.7",
BIENY,2025/09,3789.632,2114.3,9.4,True,4228.6,-0.0,4228.5630758,menkul kıymet/fon/türev ✗ +760.0; alınan faiz ✗ -201.4; duran varlık satışı ✗ -10.4; SINIFLANMADI +9.4,C: 2024/09 raporunun cari sütunu (karşılaştırmalı sütunda Diğer ayrışmadı)
BOBET,2025/03,-1493.489,1357.2,0.0,True,2714.3,-0.0,2714.3483832,"menkul kıymet/fon/türev ✗ -2,757.7; duran varlık satışı ✗ +1,112.3",
BOBET,2025/06,-1687.951,1401.4,0.0,True,2802.9,-0.0,2802.8950392,"menkul kıymet/fon/türev ✗ -1,688.0; duran varlık satışı ✗ +1,507.5",
BOBET,2025/09,-1687.951,1472.9,0.0,True,2945.9,-0.0,2945.8658914,"menkul kıymet/fon/türev ✗ -1,688.0; duran varlık satışı ✗ +1,293.1",
BOBET,2025/12,-3058.172,1512.1,0.0,True,3024.2,-0.0,3024.1969152,"menkul kıymet/fon/türev ✗ -3,058.2; duran varlık satışı ✗ +1,857.4",
BOBET,2026/03,-3058.172,1875.1,0.0,True,3750.1,-0.0,3750.1163718,"menkul kıymet/fon/türev ✗ -3,058.2; duran varlık satışı ✗ +2,085.4",
BOBET,2026/06,-3058.172,1997.5,0.0,True,3994.9,-0.0,3994.9029152,"menkul kıymet/fon/türev ✗ -3,058.2; duran varlık satışı ✗ +1,568.0; TMS 29 enflasyon etkisi ✗ +1,307.9",
BRLSM,2026/03,-379.126,15.7,0.0,True,11.1,-0.0,11.1120143,menkul kıymet/fon/türev ✗ -379.1; duran varlık satışı ✗ +188.9; alınan faiz ✗ +44.8,
CEMTS,2025/12,-295.32,167.4,0.0,True,334.8,-0.0,334.7881472,menkul kıymet/fon/türev ✗ -295.3; alınan faiz ✗ +287.5; duran varlık satışı ✗ +2.2; iştirak/bağlı ortaklık (M&A) ✗ -0.9,
CEMTS,2026/03,-240.851,149.3,0.0,True,298.6,-0.0,298.6144868,menkul kıymet/fon/türev ✗ -240.9; alınan faiz ✗ +201.0; duran varlık satışı ✗ +5.2; iştirak/bağlı ortaklık (M&A) ✗ -0.9,
CIMSA,2025/03,-4009.245,3378.9,-3.1,True,6.8,-0.0,6757.8195834,iştirak/bağlı ortaklık (M&A) ✗ -14.2; SINIFLANMADI -3.1; alınan temettü (FCF_HLD’de) +0.2; duran varlık satışı ✗ -0.1,
CIMSA,2025/06,-4816.805,3700.6,-4.8,True,7.1,-0.0,7401.2529083,iştirak/bağlı ortaklık (M&A) ✗ -14.2; SINIFLANMADI -4.8; verilen avans/borç ✗ +0.4; alınan temettü (FCF_HLD’de) +0.1,
CIMSA,2025/09,-4752.799,3860.8,-1701.0,True,1833.8,-0.0,7721.6147208,"SINIFLANMADI -1,701.0; duran varlık satışı ✗ -251.1; verilen avans/borç ✗ +155.6; alınan temettü (FCF_HLD’de) -41.2; iştirak/bağlı ortaklık (M&A) ✗ -14.2",
CWENE,2025/03,4268.895,1329.8,1080.7,True,2659.5,-0.0,2659.5486648,"menkul kıymet/fon/türev ✗ +3,188.0; SINIFLANMADI +1,080.7; duran varlık satışı ✗ +274.6",
CWENE,2025/06,4059.882,3006.0,1080.7,True,6012.0,-0.0,6011.9633091,"menkul kıymet/fon/türev ✗ +2,979.1; SINIFLANMADI +1,080.7; duran varlık satışı ✗ +220.1",
DGNMO,2025/06,561.4350000000001,538.0,0.0,True,1076.0,-0.0,1076.0021647,menkul kıymet/fon/türev ✗ +561.2; duran varlık satışı ✗ +65.6; alınan faiz ✗ -17.0,
DGNMO,2025/09,561.206,350.9,0.0,True,701.7,-0.0,701.7087036,menkul kıymet/fon/türev ✗ +147.8; duran varlık satışı ✗ +83.2; alınan faiz ✗ -50.5,
DOFER,2025/06,-78.627,31.5,0.0,True,29.1,-0.0,29.1236495,menkul kıymet/fon/türev ✗ -78.6; duran varlık satışı ✗ -8.7,
DOFER,2025/09,-67.299,62.9,0.0,True,56.4,-0.0,56.418799,menkul kıymet/fon/türev ✗ -44.0; duran varlık satışı ✗ +4.9,
DOFER,2025/12,-134.478,75.8,0.0,True,151.5,-0.0,151.5488768,menkul kıymet/fon/türev ✗ -134.5; duran varlık satışı ✗ +9.0,
DOFER,2026/03,-134.478,97.1,0.0,True,194.3,-0.0,194.2554977,menkul kıymet/fon/türev ✗ -134.5; duran varlık satışı ✗ +22.8,
ECILC,2025/12,4113.996,194.6,0.0,True,389.2,-0.0,389.2285952,"menkul kıymet/fon/türev ✗ +4,114.0; alınan temettü (FCF_HLD’de) +953.5; duran varlık satışı ✗ +343.0",
EGEEN,2025/12,617.905,242.6,0.6,True,0.5,-0.0,485.106432,SINIFLANMADI +0.6; alınan faiz ✗ +0.3; verilen avans/borç ✗ -0.1; duran varlık satışı ✗ +0.1; alınan temettü (FCF_HLD’de) +0.1,
EGEEN,2026/03,634.266,218.3,0.6,True,0.4,-0.0,436.641603,SINIFLANMADI +0.6; alınan faiz ✗ +0.3; verilen avans/borç ✗ -0.1,
EGEEN,2026/06,617.905,176.8,0.6,True,0.4,-0.0,353.593432,SINIFLANMADI +0.6; alınan faiz ✗ +0.3; menkul kıymet/fon/türev ✗ -0.2; verilen avans/borç ✗ -0.2,
ENDAE,2025/03,751.066,30.5,0.0,True,61.1,-0.0,61.0650468,menkul kıymet/fon/türev ✗ +751.1; verilen avans/borç ✗ -353.2; iştirak/bağlı ortaklık (M&A) ✗ -321.1; duran varlık satışı ✗ -0.3,
ENDAE,2026/06,107.336,74.5,138.8,False,149.0,-0.0,148.9572032,verilen avans/borç ✗ -192.1; SINIFLANMADI +138.8; menkul kıymet/fon/türev ✗ -31.5; duran varlık satışı ✗ -1.5,C: 2025/06 raporunun cari sütunu (karşılaştırmalı sütunda Diğer ayrışmadı)
ESEN,2025/06,-214.038,197.2,0.0,True,111.2,-0.0,111.1968843,iştirak/bağlı ortaklık (M&A) ✗ -393.8; geri alınan paylar (finansman niteliğinde) ✗ -220.4; duran varlık satışı ✗ +118.5; alınan faiz ✗ +58.4; alınan temettü (FCF_HLD’de) +16.2,
ESEN,2025/09,-206.405,72.2,0.0,True,45.3,-0.0,45.2859707,iştirak/bağlı ortaklık (M&A) ✗ -393.8; alınan faiz ✗ +265.9; geri alınan paylar (finansman niteliğinde) ✗ -206.4; duran varlık satışı ✗ +46.5; alınan temettü (FCF_HLD’de) +16.2,
ESEN,2026/03,-109.587,73.8,0.0,True,114.6,-0.0,114.6037772,iştirak/bağlı ortaklık (M&A) ✗ +141.1; geri alınan paylar (finansman niteliğinde) ✗ -109.6; duran varlık satışı ✗ +18.6; alınan faiz ✗ -6.0,
GENIL,2025/09,-579.693,416.8,0.0,True,571.9,-0.0,833.618029,"menkul kıymet/fon/türev ✗ -1,681.8; duran varlık satışı ✗ +887.7; alınan faiz ✗ +482.3; iştirak/bağlı ortaklık (M&A) ✗ -47.3",
GENIL,2025/12,-2728.629,579.6,0.0,True,1159.3,-0.0,1159.2518144,"menkul kıymet/fon/türev ✗ -2,728.6; alınan faiz ✗ +642.1",
GENIL,2026/03,-2727.668,583.3,0.0,True,1166.6,-0.0,1166.6108921,"menkul kıymet/fon/türev ✗ -2,594.9; alınan faiz ✗ +642.1; iştirak/bağlı ortaklık (M&A) ✗ -141.4; duran varlık satışı ✗ +0.7",
GENIL,2026/06,-2728.896,550.6,0.0,True,1101.2,-0.0,1101.2358144,"menkul kıymet/fon/türev ✗ -2,545.3; alınan faiz ✗ +563.7; iştirak/bağlı ortaklık (M&A) ✗ -437.2; duran varlık satışı ✗ +25.8",
GIPTA,2025/06,-79.67399999999999,23.1,0.0,True,46.3,-0.0,46.2632459,alınan faiz ✗ +647.2; menkul kıymet/fon/türev ✗ +23.5; duran varlık satışı ✗ +13.1,
GIPTA,2025/09,-635.482,63.6,0.0,True,63.2,-0.0,63.1806552,alınan faiz ✗ +652.2; menkul kıymet/fon/türev ✗ -532.3; duran varlık satışı ✗ +10.2,
GIPTA,2026/06,59.97499999999999,20.0,0.0,True,40.1,-0.0,40.0700752,alınan faiz ✗ +520.1; menkul kıymet/fon/türev ✗ +192.3; duran varlık satışı ✗ +15.2,
GOKNR,2025/06,-1042.659,268.1,0.0,True,536.2,-0.0,536.1667416,"menkul kıymet/fon/türev ✗ -1,775.6; duran varlık satışı ✗ +263.4; alınan faiz ✗ +112.3; TMS 29 enflasyon etkisi ✗ +91.6",
GOKNR,2025/09,1089.981,191.8,0.0,True,383.7,-0.0,383.6995764,menkul kıymet/fon/türev ✗ +448.7; TMS 29 enflasyon etkisi ✗ -130.0; alınan faiz ✗ +113.6; duran varlık satışı ✗ +3.7,
GOKNR,2026/06,1577.975,268.9,0.0,True,599.2,-0.0,537.740072,"menkul kıymet/fon/türev ✗ +2,031.9; alınan faiz ✗ +281.3; duran varlık satışı ✗ +119.2; TMS 29 enflasyon etkisi ✗ +59.7",C: 2025/06 raporunun cari sütunu (karşılaştırmalı sütunda Diğer ayrışmadı)
GUBRF,2025/06,1541.88,1410.7,1041.8,True,2821.4,-0.0,2821.4227629,"SINIFLANMADI +1,041.8; duran varlık satışı ✗ +176.3",
GUBRF,2026/03,-1515.389,1208.4,-1515.3,False,2272.6,-0.0,2272.5599258,"SINIFLANMADI -1,515.3; duran varlık satışı ✗ +16.7",
GZNMI,2025/03,-105.028,19.8,0.0,True,39.6,-0.0,39.5561406,alınan faiz ✗ +98.8; menkul kıymet/fon/türev ✗ -73.6; duran varlık satışı ✗ +2.4,
HEKTS,2025/12,886.637,636.1,886.6,False,1272.2,-0.0,1272.1836544,"verilen avans/borç ✗ -1,264.9; SINIFLANMADI +886.6; duran varlık satışı ✗ +11.7",
HEKTS,2026/03,973.684,752.0,973.7,False,1504.0,-0.0,1504.0036978,"iştirak/bağlı ortaklık (M&A) ✗ +1,158.3; SINIFLANMADI +973.7; verilen avans/borç ✗ -417.0; duran varlık satışı ✗ +27.2",
KCHOL,2025/03,73270.845,73195.1,0.1,True,0.1,-0.0,146390.295,SINIFLANMADI +0.1,
KCHOL,2025/12,-124809.014,60591.1,-0.1,True,0.1,-0.0,121182.1056,SINIFLANMADI -0.1,
KCHOL,2026/03,-202222.508,58578.7,-0.2,True,0.1,-0.0,117157.4595,SINIFLANMADI -0.2,C: 2025/03 raporunun cari sütunu (karşılaştırmalı sütunda Diğer ayrışmadı)
KCHOL,2026/06,-112022.014,59288.6,-0.1,True,0.1,-0.0,118577.1056,SINIFLANMADI -0.1,C: 2025/06 raporunun cari sütunu (karşılaştırmalı sütunda Diğer ayrışmadı)
MAGEN,2025/03,240.411,52.7,0.0,True,105.5,-0.0,105.4748754,geri alınan paylar (finansman niteliğinde) ✗ +240.4; duran varlık satışı ✗ +49.3; alınan faiz ✗ +22.9; alınan temettü (FCF_HLD’de) +16.2,
MAGEN,2025/09,-107.174,68.4,0.0,True,41.0,-0.0,41.0312633,iştirak/bağlı ortaklık (M&A) ✗ -393.8; geri alınan paylar (finansman niteliğinde) ✗ -107.2; alınan faiz ✗ +54.3; duran varlık satışı ✗ +51.4; alınan temettü (FCF_HLD’de) +16.2,
MAKIM,2026/03,-39.582,38.4,0.0,True,76.7,-0.0,76.7016719,menkul kıymet/fon/türev ✗ -39.6; duran varlık satışı ✗ +6.6; iştirak/bağlı ortaklık (M&A) ✗ -0.7,
MEGMT,2025/06,-128.656,95.0,-6.3,True,-85.2,-0.0,190.013,duran varlık satışı ✗ -207.1; SINIFLANMADI -6.3; menkul kıymet/fon/türev ✗ -3.9,
NATEN,2026/03,-126.423,72.4,0.0,True,144.7,-0.0,144.7294814,alınan faiz ✗ +267.7; iştirak/bağlı ortaklık (M&A) ✗ +141.1; geri alınan paylar (finansman niteliğinde) ✗ -126.4; duran varlık satışı ✗ +72.3,
NETAS,2025/12,-10.223,8.4,0.0,True,12.2,-0.0,12.163,kur farkı (nakit dışı sunum) ✗ -10.2; duran varlık satışı ✗ +3.0,
OYAKC,2026/06,4615.512,4023.9,0.0,True,8235.6,-0.0,8047.754448,"menkul kıymet/fon/türev ✗ +2,630.2; alınan faiz ✗ +852.4; duran varlık satışı ✗ +19.5; alınan temettü (FCF_HLD’de) +4.0",
PGSUS,2026/03,6251.714,3415.7,-1061.7,True,2299.7,-0.0,3205.517,"verilen avans/borç ✗ -12,082.0; menkul kıymet/fon/türev ✗ -2,295.6; alınan faiz ✗ +2,133.1; SINIFLANMADI -1,061.7",
PKART,2025/03,696.512,49.7,0.0,True,99.4,-0.0,99.3576216,menkul kıymet/fon/türev ✗ +696.5; duran varlık satışı ✗ +1.7,
PKART,2025/06,192.687,32.9,0.0,True,65.8,-0.0,65.7646763,menkul kıymet/fon/türev ✗ +192.7; duran varlık satışı ✗ +1.7,
PKART,2025/09,116.237,18.6,0.0,True,33.8,-0.0,33.8428592,menkul kıymet/fon/türev ✗ +116.2; duran varlık satışı ✗ +0.6,
PNLSN,2025/06,439.88,205.9,0.0,True,411.8,-0.0,411.8014288,menkul kıymet/fon/türev ✗ +439.4; duran varlık satışı ✗ +5.0,
PNLSN,2025/09,355.431,176.8,0.0,True,353.7,-0.0,353.6613889,menkul kıymet/fon/türev ✗ +355.3; duran varlık satışı ✗ +4.2,
PNLSN,2025/12,325.516,116.0,0.0,True,231.9,-0.0,231.9024128,duran varlık satışı ✗ +23.2; iştirak/bağlı ortaklık (M&A) ✗ -7.4,KAP 1561484: XBRL satır toplamı yatırım toplamını tutmuyor
PNLSN,2026/03,300.791,98.8,0.0,True,197.7,-0.0,197.6838251,duran varlık satışı ✗ +47.1; menkul kıymet/fon/türev ✗ -24.7; iştirak/bağlı ortaklık (M&A) ✗ -15.9,KAP 1561484: XBRL satır toplamı yatırım toplamını tutmuyor
PNLSN,2026/06,146.661,30.2,0.0,True,60.3,-0.0,60.3134128,menkul kıymet/fon/türev ✗ -178.9; duran varlık satışı ✗ +32.1; iştirak/bağlı ortaklık (M&A) ✗ -16.7,KAP 1561484: XBRL satır toplamı yatırım toplamını tutmuyor
PRKAB,2025/09,364.977,139.5,233.5,False,85.7,-0.0,85.6874888,SINIFLANMADI +233.5; alınan faiz ✗ +160.7; menkul kıymet/fon/türev ✗ +131.5; duran varlık satışı ✗ +2.9,C: 2024/09 raporunun cari sütunu (karşılaştırmalı sütunda Diğer ayrışmadı)
PRKAB,2026/03,142.475,32.6,0.0,True,-77.3,-0.0,65.2200838,alınan faiz ✗ +161.9; duran varlık satışı ✗ +10.8,C: 2025/03 raporunun cari sütunu (karşılaştırmalı sütunda Diğer ayrışmadı)
PSDTC,2025/03,69.178,0.9,-4.8,False,1.8,-0.0,1.785015,menkul kıymet/fon/türev ✗ +72.5; SINIFLANMADI -4.8,
PSDTC,2025/06,69.09700000000001,0.2,-4.9,False,0.3,-0.0,0.349558,menkul kıymet/fon/türev ✗ +75.2; SINIFLANMADI -4.9,
QUAGR,2025/09,-497.336,337.2,-128.9,True,-74.0,-0.0,0.0,"duran varlık satışı ✗ -1,970.3; menkul kıymet/fon/türev ✗ +929.4; alınan faiz ✗ +697.8; SINIFLANMADI -128.9",
QUAGR,2025/12,-225.142,109.1,-225.1,False,177.3,-0.0,177.3277184,menkul kıymet/fon/türev ✗ +441.2; alınan faiz ✗ +400.4; SINIFLANMADI -225.1; duran varlık satışı ✗ +27.8,
QUAGR,2026/03,-225.142,145.3,-225.1,False,155.6,-0.0,155.643212,menkul kıymet/fon/türev ✗ +296.2; SINIFLANMADI -225.1; alınan faiz ✗ +128.0; duran varlık satışı ✗ +23.7,
QUAGR,2026/06,-80.317,57.3,-80.3,False,114.6,-0.0,114.5787184,duran varlık satışı ✗ +230.4; menkul kıymet/fon/türev ✗ +130.4; SINIFLANMADI -80.3; alınan faiz ✗ +59.5,
SAHOL,2025/03,-337544.745,21444.9,0.0,True,42.9,-0.0,42889.7309214,menkul kıymet/fon/türev ✗ +70.9; iştirak/bağlı ortaklık (M&A) ✗ -16.2; alınan temettü (FCF_HLD’de) +11.2; duran varlık satışı ✗ +1.4,
SAHOL,2025/06,-472843.114,21649.1,0.0,True,43.3,-0.0,43298.2201859,iştirak/bağlı ortaklık (M&A) ✗ -18.2; menkul kıymet/fon/türev ✗ -15.5; alınan temettü (FCF_HLD’de) +7.2; duran varlık satışı ✗ +1.6,
SAHOL,2025/09,-353420.249,19882.8,-98.9,True,39.8,-0.0,39765.5184303,SINIFLANMADI -98.9; menkul kıymet/fon/türev ✗ +67.0; iştirak/bağlı ortaklık (M&A) ✗ -15.9; alınan temettü (FCF_HLD’de) +6.6; duran varlık satışı ✗ +2.5,C: 2024/09 raporunun cari sütunu (karşılaştırmalı sütunda Diğer ayrışmadı)
SAHOL,2025/12,-258642.26,20869.8,0.0,True,41.7,-0.0,41739.6504576,menkul kıymet/fon/türev ✗ -258.6; alınan temettü (FCF_HLD’de) +5.3; duran varlık satışı ✗ +2.2; iştirak/bağlı ortaklık (M&A) ✗ -1.8,
SAHOL,2026/03,-186875.519,21613.4,0.0,True,43.2,-0.0,43226.8162761,menkul kıymet/fon/türev ✗ -186.9; duran varlık satışı ✗ +2.4; iştirak/bağlı ortaklık (M&A) ✗ -1.8; alınan temettü (FCF_HLD’de) +0.9,
SAHOL,2026/06,-158717.068,20573.5,0.0,True,41.1,-0.0,41146.9644576,menkul kıymet/fon/türev ✗ -158.7; iştirak/bağlı ortaklık (M&A) ✗ +18.8; alınan temettü (FCF_HLD’de) +3.9; duran varlık satışı ✗ +3.5,
SAYAS,2025/06,341.385,206.6,0.0,True,413.2,-0.0,413.22593,menkul kıymet/fon/türev ✗ +242.8; alınan faiz ✗ +46.5; duran varlık satışı ✗ +5.4,
SAYAS,2025/09,330.956,132.7,0.0,True,265.5,-0.0,265.4743744,menkul kıymet/fon/türev ✗ +232.4; alınan faiz ✗ +46.5; duran varlık satışı ✗ +6.7,
SAYAS,2025/12,256.41,98.7,0.0,True,197.4,-0.0,197.4046208,menkul kıymet/fon/türev ✗ +256.4; duran varlık satışı ✗ +5.2,
SAYAS,2026/03,236.419,27.5,0.0,True,24.1,-0.0,24.1490102,menkul kıymet/fon/türev ✗ +236.4; duran varlık satışı ✗ +2.3,
SAYAS,2026/06,-85.692,20.4,0.0,True,19.2,-0.0,19.1686208,menkul kıymet/fon/türev ✗ -85.7; duran varlık satışı ✗ +2.3,
SDTTR,2025/09,-309.676,140.9,0.0,True,281.7,-0.0,281.7027357,iştirak/bağlı ortaklık (M&A) ✗ -309.7; duran varlık satışı ✗ +0.2,
SDTTR,2025/12,-354.389,206.1,0.0,True,412.2,-0.0,412.1917952,iştirak/bağlı ortaklık (M&A) ✗ -354.4; duran varlık satışı ✗ +37.5,
SDTTR,2026/03,-354.389,335.4,0.0,True,670.7,-0.0,670.7054831,iştirak/bağlı ortaklık (M&A) ✗ -354.4; duran varlık satışı ✗ +37.4,
SNPAM,2025/03,214.449,32.3,0.0,True,58.9,-0.0,58.929465,iştirak/bağlı ortaklık (M&A) ✗ -172.2; duran varlık satışı ✗ +17.5,
SNPAM,2026/03,-189.366,61.2,0.0,True,112.9,-0.0,112.9296013,iştirak/bağlı ortaklık (M&A) ✗ -352.8; menkul kıymet/fon/türev ✗ -189.4; alınan faiz ✗ +29.3; duran varlık satışı ✗ +0.8,
SONME,2026/03,105.049,1.5,0.0,True,0.3,-0.0,0.3060048,iştirak/bağlı ortaklık (M&A) ✗ -47.4; alınan faiz ✗ +43.8; menkul kıymet/fon/türev ✗ +25.1,
SONME,2026/06,23.491,10.9,0.0,True,0.2,-0.0,0.1539104,iştirak/bağlı ortaklık (M&A) ✗ -127.4; alınan faiz ✗ +43.8; menkul kıymet/fon/türev ✗ +23.5,
SUNTK,2025/09,667.684,655.7,-14.3,True,1311.4,-0.0,1311.3635922,menkul kıymet/fon/türev ✗ +667.7; duran varlık satışı ✗ +37.5; SINIFLANMADI -14.3; verilen avans/borç ✗ -7.2,
SUNTK,2025/12,727.655,644.0,0.0,True,1288.0,-0.0,1287.9623168,menkul kıymet/fon/türev ✗ +714.9; verilen avans/borç ✗ +94.6; duran varlık satışı ✗ +12.9,
SUNTK,2026/03,756.78,567.7,0.0,True,1135.4,-0.0,1135.4463143,menkul kıymet/fon/türev ✗ +756.8; verilen avans/borç ✗ +65.8; duran varlık satışı ✗ +15.9,
SUNTK,2026/06,728.652,504.3,0.0,True,1008.6,-0.0,1008.6313168,menkul kıymet/fon/türev ✗ +728.7; verilen avans/borç ✗ +94.6; duran varlık satışı ✗ +42.4,
TEZOL,2025/03,-467.13,121.9,0.0,True,498.6,-0.0,243.8376042,menkul kıymet/fon/türev ✗ -466.2; verilen avans/borç ✗ +369.7; alınan faiz ✗ +195.4; duran varlık satışı ✗ +4.7,
TEZOL,2025/06,-467.13,147.0,0.0,True,190.6,-0.0,190.5943242,menkul kıymet/fon/türev ✗ +268.3; alınan faiz ✗ +204.4; duran varlık satışı ✗ +103.9; verilen avans/borç ✗ +47.4,
TEZOL,2025/09,-467.13,120.3,0.0,True,498.5,-0.0,118.8641333,menkul kıymet/fon/türev ✗ -466.6; verilen avans/borç ✗ +369.5; alınan faiz ✗ +195.5; duran varlık satışı ✗ +4.8,
TEZOL,2025/12,366.8,110.0,0.4,True,0.1,-0.0,102.8645376,SINIFLANMADI +0.4; alınan faiz ✗ +0.4; duran varlık satışı ✗ +0.1,
TEZOL,2026/03,366.8,79.9,0.4,True,0.1,-0.0,77.9718714,alınan faiz ✗ +0.4; SINIFLANMADI +0.4; menkul kıymet/fon/türev ✗ -0.2; duran varlık satışı ✗ +0.1; verilen avans/borç ✗ -0.1,
TEZOL,2026/06,366.8,63.7,0.4,True,0.1,-0.0,127.4685376,alınan faiz ✗ +0.4; SINIFLANMADI +0.4; menkul kıymet/fon/türev ✗ -0.2; verilen avans/borç ✗ -0.1,
TRALT,2025/03,5591.519,4553.4,5.5,True,9.1,-0.0,9106.7962056,SINIFLANMADI +5.5; alınan faiz ✗ +1.7; verilen avans/borç ✗ +0.9; menkul kıymet/fon/türev ✗ -0.9; duran varlık satışı ✗ +0.1,
TRALT,2025/06,5391.348,3630.0,5.5,True,7.3,-0.0,7259.9472583,SINIFLANMADI +5.5; alınan faiz ✗ +1.7; verilen avans/borç ✗ +0.7; menkul kıymet/fon/türev ✗ -0.1; duran varlık satışı ✗ +0.1,
ULUSE,2026/03,-158.363,130.1,-158.4,False,228.9,-0.0,228.8651659,SINIFLANMADI -158.4; duran varlık satışı ✗ -38.7; verilen avans/borç ✗ -31.5,
UNLU,2025/03,-60.207,20.5,0.0,True,26.1,60.207,26.1141834,capex (dipnot: Diğer içindeki yatırım harcaması → CAPEX’e eklendi) -60.2; alınan temettü (FCF_HLD’de) +5.3,
UNLU,2025/09,-75.621,39.9,0.0,True,23.9,75.622,23.9145438,capex (dipnot: Diğer içindeki yatırım harcaması → CAPEX’e eklendi) -75.6; alınan temettü (FCF_HLD’de) +4.5,
UNLU,2025/12,-74.755,23.1,0.0,True,25.6,74.755,25.5998464,alınan faiz ✗ +337.3; capex (dipnot: Diğer içindeki yatırım harcaması → CAPEX’e eklendi) -74.8; duran varlık satışı ✗ +4.7; alınan temettü (FCF_HLD’de) +1.3,
VAKKO,2025/12,-732.278,475.8,0.0,True,711.7,-0.0,711.7426176,menkul kıymet/fon/türev ✗ -732.3; duran varlık satışı ✗ +0.6,
VAKKO,2026/06,474.844,466.5,0.0,True,856.9,-0.0,856.9036176,menkul kıymet/fon/türev ✗ +474.8; duran varlık satışı ✗ +0.3,
VANGD,2025/09,0.733,0.5,0.0,True,1.0,-0.0,0.969642600000002,menkul kıymet/fon/türev ✗ +4.5; duran varlık satışı ✗ +0.1,
VANGD,2026/06,-8.107999999999999,0.5,0.0,True,0.9,-0.0,0.947968,menkul kıymet/fon/türev ✗ -8.1; duran varlık satışı ✗ +0.3,
YAYLA,2025/03,7.558,3.7,0.0,True,-54.8,-0.0,0.0,verilen avans/borç ✗ -116.0; yatırım amaçlı gayrimenkul kira geliri ✗ +7.6; duran varlık satışı ✗ +2.7,
YAYLA,2025/06,64.607,1.1,0.0,True,-53.3,-0.0,0.0,verilen avans/borç ✗ -51.4; duran varlık satışı ✗ +4.4,
YAYLA,2025/09,7.401,4.5,0.0,True,-42.1,-0.0,0.0,verilen avans/borç ✗ -108.6; duran varlık satışı ✗ +12.3,
YAYLA,2025/12,19.878,1.7,0.0,True,0.8,-0.0,0.8349184,verilen avans/borç ✗ +19.9; duran varlık satışı ✗ +12.3,
YAYLA,2026/03,14.111,0.6,0.0,True,0.6,-0.0,0.5984263,verilen avans/borç ✗ +14.1; duran varlık satışı ✗ +11.7,
YAYLA,2026/06,1.521,0.8,0.0,True,0.8,-0.0,0.7829184,duran varlık satışı ✗ +14.6; verilen avans/borç ✗ +1.5,
