Kod,Dönem,V7 statü,Önerilen statü,CFO_TTM,Yeni kod,Öneri,Gerekçe
IPEKE,2025/03,NULL,NULL,,TRENJ,ÇIKAR (eski/geçersiz kod),"KAP/Evo'da IPEKE yok; TRENJ tüm dönemler Evo'da, V7'de dolu"
IPEKE,2025/06,NULL,NULL,,TRENJ,ÇIKAR (eski/geçersiz kod),"KAP/Evo'da IPEKE yok; TRENJ tüm dönemler Evo'da, V7'de dolu"
IPEKE,2025/09,NULL,NULL,,TRENJ,ÇIKAR (eski/geçersiz kod),"KAP/Evo'da IPEKE yok; TRENJ tüm dönemler Evo'da, V7'de dolu"
IPEKE,2025/12,NULL,NULL,,TRENJ,ÇIKAR (eski/geçersiz kod),"KAP/Evo'da IPEKE yok; TRENJ tüm dönemler Evo'da, V7'de dolu"
IPEKE,2026/03,NULL,NULL,,TRENJ,ÇIKAR (eski/geçersiz kod),"KAP/Evo'da IPEKE yok; TRENJ tüm dönemler Evo'da, V7'de dolu"
IPEKE,2026/06,NULL,NULL,,TRENJ,ÇIKAR (eski/geçersiz kod),"KAP/Evo'da IPEKE yok; TRENJ tüm dönemler Evo'da, V7'de dolu"
KOZAA,2025/03,NULL,NULL,,TRMET,ÇIKAR (eski/geçersiz kod),"KAP/Evo'da KOZAA yok; TRMET tüm dönemler Evo'da, V7'de dolu"
KOZAA,2025/06,NULL,NULL,,TRMET,ÇIKAR (eski/geçersiz kod),"KAP/Evo'da KOZAA yok; TRMET tüm dönemler Evo'da, V7'de dolu"
KOZAA,2025/09,NULL,NULL,,TRMET,ÇIKAR (eski/geçersiz kod),"KAP/Evo'da KOZAA yok; TRMET tüm dönemler Evo'da, V7'de dolu"
KOZAA,2025/12,NULL,NULL,,TRMET,ÇIKAR (eski/geçersiz kod),"KAP/Evo'da KOZAA yok; TRMET tüm dönemler Evo'da, V7'de dolu"
KOZAA,2026/03,NULL,NULL,,TRMET,ÇIKAR (eski/geçersiz kod),"KAP/Evo'da KOZAA yok; TRMET tüm dönemler Evo'da, V7'de dolu"
KOZAA,2026/06,NULL,NULL,,TRMET,ÇIKAR (eski/geçersiz kod),"KAP/Evo'da KOZAA yok; TRMET tüm dönemler Evo'da, V7'de dolu"
KOZAL,2025/03,NULL,NULL,,TRALT,ÇIKAR (eski/geçersiz kod),"KAP/Evo'da KOZAL yok; TRALT 2024/03–2026/06 tüm dönemler Evo'da, V7'de dolu"
KOZAL,2025/06,NULL,NULL,,TRALT,ÇIKAR (eski/geçersiz kod),"KAP/Evo'da KOZAL yok; TRALT 2024/03–2026/06 tüm dönemler Evo'da, V7'de dolu"
KOZAL,2025/09,NULL,NULL,,TRALT,ÇIKAR (eski/geçersiz kod),"KAP/Evo'da KOZAL yok; TRALT 2024/03–2026/06 tüm dönemler Evo'da, V7'de dolu"
KOZAL,2025/12,NULL,NULL,,TRALT,ÇIKAR (eski/geçersiz kod),"KAP/Evo'da KOZAL yok; TRALT 2024/03–2026/06 tüm dönemler Evo'da, V7'de dolu"
KOZAL,2026/03,NULL,NULL,,TRALT,ÇIKAR (eski/geçersiz kod),"KAP/Evo'da KOZAL yok; TRALT 2024/03–2026/06 tüm dönemler Evo'da, V7'de dolu"
KOZAL,2026/06,NULL,NULL,,TRALT,ÇIKAR (eski/geçersiz kod),"KAP/Evo'da KOZAL yok; TRALT 2024/03–2026/06 tüm dönemler Evo'da, V7'de dolu"
MARKA,2025/03,NULL,NULL,,USHOL,ÇIKAR (eski/geçersiz kod),"KAP'ta USHOL kodlu raporların unvanı 'MARKA YATIRIM HOLDİNG A.Ş.'; Evo'da USHOL = US Yatırım Holding, MARKA yok. V7 MARKA 2025/12 TÜRETİLMİŞ (−1,49) kaynaksız; USHOL 2025/12 KESİN (−1,76)"
MARKA,2025/06,NULL,NULL,,USHOL,ÇIKAR (eski/geçersiz kod),"KAP'ta USHOL kodlu raporların unvanı 'MARKA YATIRIM HOLDİNG A.Ş.'; Evo'da USHOL = US Yatırım Holding, MARKA yok. V7 MARKA 2025/12 TÜRETİLMİŞ (−1,49) kaynaksız; USHOL 2025/12 KESİN (−1,76)"
MARKA,2025/09,NULL,NULL,,USHOL,ÇIKAR (eski/geçersiz kod),"KAP'ta USHOL kodlu raporların unvanı 'MARKA YATIRIM HOLDİNG A.Ş.'; Evo'da USHOL = US Yatırım Holding, MARKA yok. V7 MARKA 2025/12 TÜRETİLMİŞ (−1,49) kaynaksız; USHOL 2025/12 KESİN (−1,76)"
MARKA,2025/12,TÜRETİLMİŞ,TÜRETİLMİŞ,-1.493434,USHOL,ÇIKAR (eski/geçersiz kod),"KAP'ta USHOL kodlu raporların unvanı 'MARKA YATIRIM HOLDİNG A.Ş.'; Evo'da USHOL = US Yatırım Holding, MARKA yok. V7 MARKA 2025/12 TÜRETİLMİŞ (−1,49) kaynaksız; USHOL 2025/12 KESİN (−1,76)"
MARKA,2026/03,NULL,NULL,,USHOL,ÇIKAR (eski/geçersiz kod),"KAP'ta USHOL kodlu raporların unvanı 'MARKA YATIRIM HOLDİNG A.Ş.'; Evo'da USHOL = US Yatırım Holding, MARKA yok. V7 MARKA 2025/12 TÜRETİLMİŞ (−1,49) kaynaksız; USHOL 2025/12 KESİN (−1,76)"
MARKA,2026/06,NULL,NULL,,USHOL,ÇIKAR (eski/geçersiz kod),"KAP'ta USHOL kodlu raporların unvanı 'MARKA YATIRIM HOLDİNG A.Ş.'; Evo'da USHOL = US Yatırım Holding, MARKA yok. V7 MARKA 2025/12 TÜRETİLMİŞ (−1,49) kaynaksız; USHOL 2025/12 KESİN (−1,76)"
SNKRN,2025/03,NULL,NULL,,—,ÇIKAR (eski/geçersiz kod),"KAP'ta rapor yok, Evo'da kod yok, Yahoo verisi yok; V7'de 6 dönem NULL, veri yok"
SNKRN,2025/06,NULL,NULL,,—,ÇIKAR (eski/geçersiz kod),"KAP'ta rapor yok, Evo'da kod yok, Yahoo verisi yok; V7'de 6 dönem NULL, veri yok"
SNKRN,2025/09,NULL,NULL,,—,ÇIKAR (eski/geçersiz kod),"KAP'ta rapor yok, Evo'da kod yok, Yahoo verisi yok; V7'de 6 dönem NULL, veri yok"
SNKRN,2025/12,NULL,NULL,,—,ÇIKAR (eski/geçersiz kod),"KAP'ta rapor yok, Evo'da kod yok, Yahoo verisi yok; V7'de 6 dönem NULL, veri yok"
SNKRN,2026/03,NULL,NULL,,—,ÇIKAR (eski/geçersiz kod),"KAP'ta rapor yok, Evo'da kod yok, Yahoo verisi yok; V7'de 6 dönem NULL, veri yok"
SNKRN,2026/06,NULL,NULL,,—,ÇIKAR (eski/geçersiz kod),"KAP'ta rapor yok, Evo'da kod yok, Yahoo verisi yok; V7'de 6 dönem NULL, veri yok"
