Kod,Tip,Dönem
ADEL,Standart,2025/09
AEFES,Standart,2025/03
AEFES,Standart,2025/06
AEFES,Standart,2025/09
AEFES,Standart,2025/12
AGHOL,Holding,2025/03
AGHOL,Holding,2025/06
AGHOL,Holding,2025/09
AGHOL,Holding,2025/12
AGROT,Standart,2025/03
ALCAR,Standart,2025/06
ALCAR,Standart,2025/09
ALCAR,Standart,2026/06
ALKIM,Standart,2025/09
ARASE,Standart,2025/03
ARASE,Standart,2025/06
ARASE,Standart,2025/09
ARASE,Standart,2025/12
ARASE,Standart,2026/03
ARASE,Standart,2026/06
ARSAN,Holding,2025/06
ARTMS,Standart,2025/03
ARZUM,Standart,2025/06
ARZUM,Standart,2026/06
ASTOR,Standart,2025/03
ASTOR,Standart,2025/06
ASTOR,Standart,2025/09
ASTOR,Standart,2025/12
ASTOR,Standart,2026/03
ASTOR,Standart,2026/06
ASUZU,Standart,2025/03
ASUZU,Standart,2025/06
ASUZU,Standart,2025/09
ASUZU,Standart,2025/12
ASUZU,Standart,2026/03
ATATP,Standart,2025/03
ATATP,Standart,2025/06
ATATP,Standart,2025/09
ATATP,Standart,2025/12
ATATP,Standart,2026/03
ATATP,Standart,2026/06
AVTUR,Standart,2025/03
AVTUR,Standart,2025/06
AVTUR,Standart,2025/09
AVTUR,Standart,2025/12
AVTUR,Standart,2026/03
AVTUR,Standart,2026/06
AYCES,Standart,2025/03
AYCES,Standart,2025/06
AYCES,Standart,2025/09
AYCES,Standart,2025/12
AYCES,Standart,2026/03
AYGAZ,Standart,2026/06
BAKAB,Standart,2025/03
BAKAB,Standart,2025/06
BAKAB,Standart,2025/09
BAKAB,Standart,2025/12
BAKAB,Standart,2026/03
BAKAB,Standart,2026/06
BALSU,Standart,2025/06
BALSU,Standart,2025/09
BALSU,Standart,2025/12
BALSU,Standart,2026/03
BANVT,Standart,2025/03
BERA,Holding,2026/06
BESLR,Standart,2025/09
BESLR,Standart,2025/12
BESLR,Standart,2026/03
BESLR,Standart,2026/06
BIENY,Standart,2025/03
BIENY,Standart,2025/06
BIENY,Standart,2025/09
BIENY,Standart,2025/12
BIENY,Standart,2026/03
BLCYT,Holding,2025/12
BOBET,Standart,2025/03
BOBET,Standart,2025/06
BOBET,Standart,2025/09
BOBET,Standart,2025/12
BOBET,Standart,2026/03
BOBET,Standart,2026/06
BOSSA,Standart,2026/03
BOSSA,Standart,2026/06
BRKSN,Standart,2025/03
BRKSN,Standart,2025/06
BRKSN,Standart,2025/09
BRLSM,Standart,2026/03
BVSAN,Standart,2025/03
BVSAN,Standart,2026/03
BYDNR,Standart,2025/09
BYDNR,Standart,2025/12
CANTE,Standart,2025/03
CANTE,Standart,2025/06
CANTE,Standart,2025/09
CANTE,Standart,2025/12
CANTE,Standart,2026/03
CANTE,Standart,2026/06
CATES,Standart,2025/03
CELHA,Standart,2025/06
CEMTS,Standart,2025/12
CEMTS,Standart,2026/03
CIMSA,Standart,2025/03
CIMSA,Standart,2025/06
CIMSA,Standart,2025/09
CITAS,Standart,2025/12
CWENE,Standart,2025/03
CWENE,Standart,2025/06
DENGE,Holding,2025/03
DENGE,Holding,2025/09
DENGE,Holding,2026/03
DENGE,Holding,2026/06
DERHL,Standart,2026/06
DGNMO,Standart,2025/06
DGNMO,Standart,2025/09
DGNMO,Standart,2025/12
DGNMO,Standart,2026/03
DGNMO,Standart,2026/06
DITAS,Standart,2025/06
DOFER,Standart,2025/06
DOFER,Standart,2025/09
DOFER,Standart,2025/12
DOFER,Standart,2026/03
DOKTA,Standart,2026/06
DYOBY,Standart,2025/03
DYOBY,Standart,2025/06
DYOBY,Standart,2025/09
ECILC,Standart,2025/12
ECOGR,Standart,2025/12
ECOGR,Standart,2026/03
ECOGR,Standart,2026/06
EGEEN,Standart,2025/12
EGEEN,Standart,2026/03
EGEEN,Standart,2026/06
EGPRO,Standart,2025/03
EGSER,Standart,2025/03
EGSER,Standart,2026/06
EKOS,Standart,2025/06
ELITE,Standart,2025/09
ENDAE,Standart,2025/03
ENDAE,Standart,2026/06
EPLAS,Standart,2025/03
EREGL,Standart,2025/03
EREGL,Standart,2026/03
ESEN,Standart,2025/06
ESEN,Standart,2025/09
ESEN,Standart,2026/03
GENIL,Standart,2025/09
GENIL,Standart,2025/12
GENIL,Standart,2026/03
GENIL,Standart,2026/06
GEREL,Standart,2025/03
GEREL,Standart,2025/06
GEREL,Standart,2025/09
GIPTA,Standart,2025/03
GIPTA,Standart,2025/06
GIPTA,Standart,2025/09
GIPTA,Standart,2026/06
GLYHO,Holding,2026/06
GMTAS,Standart,2025/12
GOKNR,Standart,2025/06
GOKNR,Standart,2025/09
GOKNR,Standart,2026/06
GSDDE,Standart,2025/09
GSDDE,Standart,2026/03
GSDDE,Standart,2026/06
GSDHO,Standart,2025/09
GUBRF,Standart,2025/06
GUBRF,Standart,2026/03
GWIND,Standart,2025/03
GZNMI,Standart,2025/03
HEKTS,Standart,2025/12
HEKTS,Standart,2026/03
HKTM,Standart,2025/03
HKTM,Standart,2025/06
HKTM,Standart,2025/09
HKTM,Standart,2026/06
HOROZ,Standart,2025/03
HOROZ,Standart,2025/09
HUNER,Standart,2025/03
HUNER,Standart,2025/06
HUNER,Standart,2025/09
IEYHO,Holding,2025/12
IEYHO,Holding,2026/03
IMASM,Standart,2025/06
IMASM,Standart,2025/12
IMASM,Standart,2026/03
IMASM,Standart,2026/06
IZENR,Standart,2025/03
IZFAS,Standart,2025/12
IZFAS,Standart,2026/03
IZFAS,Standart,2026/06
IZMDC,Standart,2025/03
KARCL,Standart,2026/03
KARCL,Standart,2026/06
KARTN,Standart,2025/03
KARTN,Standart,2025/06
KARTN,Standart,2025/09
KARTN,Standart,2025/12
KARTN,Standart,2026/03
KARTN,Standart,2026/06
KATMR,Standart,2025/03
KATMR,Standart,2025/06
KATMR,Standart,2025/09
KBORU,Standart,2026/06
KCHOL,Holding,2025/03
KCHOL,Holding,2025/12
KCHOL,Holding,2026/03
KCHOL,Holding,2026/06
KRDMA,Standart,2026/06
KRDMB,Standart,2026/06
KRDMD,Standart,2026/06
KRPLS,Standart,2025/06
KRPLS,Standart,2025/09
KRPLS,Standart,2025/12
KRPLS,Standart,2026/03
KRPLS,Standart,2026/06
KTSKR,Standart,2026/03
KTSKR,Standart,2026/06
KUVVA,Standart,2025/03
LRSHO,Holding,2025/12
LRSHO,Holding,2026/03
LRSHO,Holding,2026/06
MAALT,Standart,2025/09
MAGEN,Standart,2025/03
MAGEN,Standart,2025/09
MAKIM,Standart,2026/03
MAKTK,Standart,2025/12
MAKTK,Standart,2026/03
MANAS,Standart,2025/12
MANAS,Standart,2026/03
MARBL,Standart,2025/03
MARBL,Standart,2025/06
MARBL,Standart,2025/09
MARBL,Standart,2025/12
MARBL,Standart,2026/03
MEGMT,Standart,2025/06
MERCN,Standart,2025/03
MERCN,Standart,2025/06
MERCN,Standart,2025/12
MERCN,Standart,2026/06
MERKO,Standart,2026/03
MTRKS,Standart,2025/06
MZHLD,Holding,2025/03
NATEN,Standart,2026/03
NETAS,Standart,2025/12
NTGAZ,Standart,2025/03
NTGAZ,Standart,2025/06
NTGAZ,Standart,2025/09
NTHOL,Holding,2025/12
NTHOL,Holding,2026/03
NTHOL,Holding,2026/06
NUHCM,Standart,2025/06
NUHCM,Standart,2025/09
OBAMS,Standart,2025/03
OBAMS,Standart,2025/06
OBAMS,Standart,2025/09
ODAS,Standart,2025/03
ODAS,Standart,2025/06
ODAS,Standart,2025/09
ODAS,Standart,2025/12
ODAS,Standart,2026/03
ODAS,Standart,2026/06
ODINE,Standart,2025/09
ONCSM,Standart,2025/12
ONCSM,Standart,2026/03
OTTO,Holding,2025/09
OTTO,Holding,2025/12
OYAKC,Standart,2026/06
OYLUM,Standart,2025/03
OZRDN,Standart,2025/03
OZRDN,Standart,2025/06
PETUN,Standart,2025/06
PETUN,Standart,2025/09
PETUN,Standart,2025/12
PETUN,Standart,2026/03
PGSUS,Standart,2025/03
PGSUS,Standart,2025/06
PGSUS,Standart,2025/09
PGSUS,Standart,2025/12
PGSUS,Standart,2026/03
PGSUS,Standart,2026/06
PINSU,Standart,2025/09
PKART,Standart,2025/03
PKART,Standart,2025/06
PKART,Standart,2025/09
PKENT,Standart,2025/03
PKENT,Standart,2025/06
PLTUR,Standart,2025/12
PLTUR,Standart,2026/03
PLTUR,Standart,2026/06
PNLSN,Standart,2025/06
PNLSN,Standart,2025/09
PNLSN,Standart,2025/12
PNLSN,Standart,2026/03
PNLSN,Standart,2026/06
PNSUT,Standart,2026/03
PNSUT,Standart,2026/06
POLHO,Holding,2025/09
PRKAB,Standart,2025/09
PRKAB,Standart,2026/03
PRZMA,Standart,2025/12
PSDTC,Standart,2025/03
PSDTC,Standart,2025/06
QUAGR,Standart,2025/09
QUAGR,Standart,2025/12
QUAGR,Standart,2026/03
QUAGR,Standart,2026/06
RTALB,Standart,2025/09
RTALB,Standart,2025/12
RTALB,Standart,2026/03
RTALB,Standart,2026/06
SAHOL,Holding,2025/03
SAHOL,Holding,2025/06
SAHOL,Holding,2025/09
SAHOL,Holding,2025/12
SAHOL,Holding,2026/03
SAHOL,Holding,2026/06
SANFM,Standart,2026/03
SASA,Standart,2025/09
SASA,Standart,2025/12
SASA,Standart,2026/03
SASA,Standart,2026/06
SAYAS,Standart,2025/06
SAYAS,Standart,2025/09
SAYAS,Standart,2025/12
SAYAS,Standart,2026/03
SAYAS,Standart,2026/06
SDTTR,Standart,2025/09
SDTTR,Standart,2025/12
SDTTR,Standart,2026/03
SELVA,Standart,2025/03
SELVA,Standart,2025/06
SELVA,Standart,2025/09
SELVA,Standart,2025/12
SELVA,Standart,2026/03
SELVA,Standart,2026/06
SILVR,Standart,2025/03
SILVR,Standart,2025/06
SILVR,Standart,2025/09
SILVR,Standart,2025/12
SILVR,Standart,2026/03
SILVR,Standart,2026/06
SMART,Standart,2025/09
SNICA,Standart,2025/06
SNPAM,Standart,2025/03
SNPAM,Standart,2025/06
SNPAM,Standart,2025/09
SNPAM,Standart,2026/03
SONME,Standart,2026/03
SONME,Standart,2026/06
SUNTK,Standart,2025/09
SUNTK,Standart,2025/12
SUNTK,Standart,2026/03
SUNTK,Standart,2026/06
TAVHL,Standart,2025/03
TBORG,Standart,2025/03
TBORG,Standart,2025/06
TBORG,Standart,2025/09
TCKRC,Standart,2026/03
TCKRC,Standart,2026/06
TEHOL,Holding,2025/03
TEHOL,Holding,2025/06
TEHOL,Holding,2025/09
TEHOL,Holding,2025/12
TEKTU,Standart,2025/03
TEKTU,Standart,2025/06
TEKTU,Standart,2025/09
TEZOL,Standart,2025/03
TEZOL,Standart,2025/06
TEZOL,Standart,2025/09
TEZOL,Standart,2025/12
TEZOL,Standart,2026/03
TEZOL,Standart,2026/06
TMSN,Standart,2026/06
TRALT,Standart,2025/03
TRALT,Standart,2025/06
TRMET,Standart,2025/12
TRMET,Standart,2026/03
TTRAK,Standart,2025/06
TUREX,Standart,2025/06
TUREX,Standart,2025/09
TUREX,Standart,2025/12
TUREX,Standart,2026/03
TUREX,Standart,2026/06
ULUSE,Standart,2025/03
ULUSE,Standart,2025/09
ULUSE,Standart,2026/03
UNLU,Holding,2025/03
UNLU,Holding,2025/09
UNLU,Holding,2025/12
USHOL,Holding,2025/03
USHOL,Holding,2025/06
USHOL,Holding,2025/09
VAKKO,Standart,2025/12
VAKKO,Standart,2026/06
VANGD,Standart,2025/09
VANGD,Standart,2026/06
YAYLA,Standart,2025/03
YAYLA,Standart,2025/06
YAYLA,Standart,2025/09
YAYLA,Standart,2025/12
YAYLA,Standart,2026/03
YAYLA,Standart,2026/06
YKSLN,Standart,2026/03
ZOREN,Standart,2025/12
