kod,yil,ay,idx,role,nitelik,kalem,sutun,deger_tl,kaynak,durum,pdf_birim,pdf_sayfa,pdf_satir,tms29,not_
ARFYE,2025,12,1562182,520003.0,Konsolide Olmayan,CFO,cari,635102532.0,XBRL,PDF_YOK,,,,,
ARFYE,2025,12,1562182,520003.0,Konsolide Olmayan,CFO,onceki,-21194744.0,XBRL,PDF_YOK,,,,,
ARFYE,2025,12,1562182,520003.0,Konsolide Olmayan,MDV+MODV,cari,-5520769.0,XBRL,PDF_YOK,,,,,
ARFYE,2025,12,1562182,520003.0,Konsolide Olmayan,MDV+MODV,onceki,-7363250.0,XBRL,PDF_YOK,,,,,
ARFYE,2025,12,1562182,520003.0,Konsolide Olmayan,YAGM,cari,,XBRL,PDF_YOK,,,,,
ARFYE,2025,12,1562182,520003.0,Konsolide Olmayan,YAGM,onceki,,XBRL,PDF_YOK,,,,,
ARFYE,2025,12,1562182,520003.0,Konsolide Olmayan,KIRA,cari,-1259390.0,XBRL,PDF_YOK,,,,,
ARFYE,2025,12,1562182,520003.0,Konsolide Olmayan,KIRA,onceki,-444065.0,XBRL,PDF_YOK,,,,,
ARFYE,2026,6,1645491,520003.0,Konsolide Olmayan,CFO,cari,-482736862.0,XBRL,PDF_YOK,,,,,
ARFYE,2026,6,1645491,520003.0,Konsolide Olmayan,CFO,onceki,127860174.0,XBRL,PDF_YOK,,,,,
ARFYE,2026,6,1645491,520003.0,Konsolide Olmayan,MDV+MODV,cari,-10721482.0,XBRL,PDF_YOK,,,,,
ARFYE,2026,6,1645491,520003.0,Konsolide Olmayan,MDV+MODV,onceki,-2702286.0,XBRL,PDF_YOK,,,,,
ARFYE,2026,6,1645491,520003.0,Konsolide Olmayan,YAGM,cari,,XBRL,PDF_YOK,,,,,
ARFYE,2026,6,1645491,520003.0,Konsolide Olmayan,YAGM,onceki,,XBRL,PDF_YOK,,,,,
ARFYE,2026,6,1645491,520003.0,Konsolide Olmayan,KIRA,cari,-384463.0,XBRL,PDF_YOK,,,,,
ARFYE,2026,6,1645491,520003.0,Konsolide Olmayan,KIRA,onceki,-257734.0,XBRL,PDF_YOK,,,,,
DERIM,2025,3,1432382,520003.0,Konsolide Olmayan,CFO,cari,153588155.0,XBRL,PDF_YOK,,,,False,
DERIM,2025,3,1432382,520003.0,Konsolide Olmayan,CFO,onceki,41375533.0,XBRL,PDF_YOK,,,,False,
DERIM,2025,3,1432382,520003.0,Konsolide Olmayan,MDV+MODV,cari,-404459.0,XBRL,PDF_YOK,,,,False,
DERIM,2025,3,1432382,520003.0,Konsolide Olmayan,MDV+MODV,onceki,-165225.0,XBRL,PDF_YOK,,,,False,
DERIM,2025,3,1432382,520003.0,Konsolide Olmayan,YAGM,cari,,XBRL,PDF_YOK,,,,False,
DERIM,2025,3,1432382,520003.0,Konsolide Olmayan,YAGM,onceki,,XBRL,PDF_YOK,,,,False,
DERIM,2025,3,1432382,520003.0,Konsolide Olmayan,KIRA,cari,,XBRL,PDF_YOK,,,,False,
DERIM,2025,3,1432382,520003.0,Konsolide Olmayan,KIRA,onceki,-5235540.0,XBRL,PDF_YOK,,,,False,
FRIGO,2024,12,1398682,520003.0,Konsolide,CFO,cari,-33013252.0,XBRL,PDF_YOK,,,,,
FRIGO,2024,12,1398682,520003.0,Konsolide,CFO,onceki,-120857613.0,XBRL,PDF_YOK,,,,,
FRIGO,2024,12,1398682,520003.0,Konsolide,MDV+MODV,cari,-118371440.0,XBRL,PDF_YOK,,,,,
FRIGO,2024,12,1398682,520003.0,Konsolide,MDV+MODV,onceki,-47384098.0,XBRL,PDF_YOK,,,,,
FRIGO,2024,12,1398682,520003.0,Konsolide,YAGM,cari,,XBRL,PDF_YOK,,,,,
FRIGO,2024,12,1398682,520003.0,Konsolide,YAGM,onceki,,XBRL,PDF_YOK,,,,,
FRIGO,2024,12,1398682,520003.0,Konsolide,KIRA,cari,,XBRL,PDF_YOK,,,,,
FRIGO,2024,12,1398682,520003.0,Konsolide,KIRA,onceki,,XBRL,PDF_YOK,,,,,
GRTHO,2024,12,1399080,520003.0,Konsolide,CFO,cari,70617553.0,XBRL,PDF_YOK,,,,,
GRTHO,2024,12,1399080,520003.0,Konsolide,CFO,onceki,-65235278.0,XBRL,PDF_YOK,,,,,
GRTHO,2024,12,1399080,520003.0,Konsolide,MDV+MODV,cari,-62037993.0,XBRL,PDF_YOK,,,,,
GRTHO,2024,12,1399080,520003.0,Konsolide,MDV+MODV,onceki,-363202303.0,XBRL,PDF_YOK,,,,,
GRTHO,2024,12,1399080,520003.0,Konsolide,YAGM,cari,-214622875.0,XBRL,PDF_YOK,,,,,
GRTHO,2024,12,1399080,520003.0,Konsolide,YAGM,onceki,,XBRL,PDF_YOK,,,,,
GRTHO,2024,12,1399080,520003.0,Konsolide,KIRA,cari,-348905.0,XBRL,PDF_YOK,,,,,
GRTHO,2024,12,1399080,520003.0,Konsolide,KIRA,onceki,-568191.0,XBRL,PDF_YOK,,,,,
KCAER,2024,12,1402609,520003.0,Konsolide,CFO,cari,1912847273.0,XBRL,PDF_YOK,,,,,
KCAER,2024,12,1402609,520003.0,Konsolide,CFO,onceki,787323174.0,XBRL,PDF_YOK,,,,,
KCAER,2024,12,1402609,520003.0,Konsolide,MDV+MODV,cari,-1339801336.0,XBRL,PDF_YOK,,,,,
KCAER,2024,12,1402609,520003.0,Konsolide,MDV+MODV,onceki,-632838149.0,XBRL,PDF_YOK,,,,,
KCAER,2024,12,1402609,520003.0,Konsolide,YAGM,cari,-37425863.0,XBRL,PDF_YOK,,,,,
KCAER,2024,12,1402609,520003.0,Konsolide,YAGM,onceki,-789570.0,XBRL,PDF_YOK,,,,,
KCAER,2024,12,1402609,520003.0,Konsolide,KIRA,cari,,XBRL,PDF_YOK,,,,,
KCAER,2024,12,1402609,520003.0,Konsolide,KIRA,onceki,-648985.0,XBRL,PDF_YOK,,,,,
KCAER,2025,12,1562232,520003.0,Konsolide,CFO,cari,157174890.0,XBRL,PDF_YOK,,,,,
KCAER,2025,12,1562232,520003.0,Konsolide,CFO,onceki,2503770333.0,XBRL,PDF_YOK,,,,,
KCAER,2025,12,1562232,520003.0,Konsolide,MDV+MODV,cari,-1277800165.0,XBRL,PDF_YOK,,,,,
KCAER,2025,12,1562232,520003.0,Konsolide,MDV+MODV,onceki,-1753697167.0,XBRL,PDF_YOK,,,,,
KCAER,2025,12,1562232,520003.0,Konsolide,YAGM,cari,-24769678.0,XBRL,PDF_YOK,,,,,
KCAER,2025,12,1562232,520003.0,Konsolide,YAGM,onceki,-48987584.0,XBRL,PDF_YOK,,,,,
KCAER,2025,12,1562232,520003.0,Konsolide,KIRA,cari,,XBRL,PDF_YOK,,,,,
KCAER,2025,12,1562232,520003.0,Konsolide,KIRA,onceki,,XBRL,PDF_YOK,,,,,
KCAER,2026,6,1643859,520003.0,Konsolide,CFO,cari,-1124504232.0,XBRL,PDF_YOK,,,,,
KCAER,2026,6,1643859,520003.0,Konsolide,CFO,onceki,-1280177358.0,XBRL,PDF_YOK,,,,,
KCAER,2026,6,1643859,520003.0,Konsolide,MDV+MODV,cari,-417452320.0,XBRL,PDF_YOK,,,,,
KCAER,2026,6,1643859,520003.0,Konsolide,MDV+MODV,onceki,-644725216.0,XBRL,PDF_YOK,,,,,
KCAER,2026,6,1643859,520003.0,Konsolide,YAGM,cari,,XBRL,PDF_YOK,,,,,
KCAER,2026,6,1643859,520003.0,Konsolide,YAGM,onceki,,XBRL,PDF_YOK,,,,,
KCAER,2026,6,1643859,520003.0,Konsolide,KIRA,cari,,XBRL,PDF_YOK,,,,,
KCAER,2026,6,1643859,520003.0,Konsolide,KIRA,onceki,,XBRL,PDF_YOK,,,,,
KIMMR,2025,12,1564130,520003.0,Konsolide Olmayan,CFO,cari,1040262085.0,XBRL,PDF_YOK,,,,,
KIMMR,2025,12,1564130,520003.0,Konsolide Olmayan,CFO,onceki,1248467590.0,XBRL,PDF_YOK,,,,,
KIMMR,2025,12,1564130,520003.0,Konsolide Olmayan,MDV+MODV,cari,-144722799.0,XBRL,PDF_YOK,,,,,
KIMMR,2025,12,1564130,520003.0,Konsolide Olmayan,MDV+MODV,onceki,-268600005.0,XBRL,PDF_YOK,,,,,
KIMMR,2025,12,1564130,520003.0,Konsolide Olmayan,YAGM,cari,-522877845.0,XBRL,PDF_YOK,,,,,
KIMMR,2025,12,1564130,520003.0,Konsolide Olmayan,YAGM,onceki,-59668470.0,XBRL,PDF_YOK,,,,,
KIMMR,2025,12,1564130,520003.0,Konsolide Olmayan,KIRA,cari,,XBRL,PDF_YOK,,,,,
KIMMR,2025,12,1564130,520003.0,Konsolide Olmayan,KIRA,onceki,,XBRL,PDF_YOK,,,,,
MEGAP,2024,12,1397704,520003.0,Konsolide,CFO,cari,109287653.0,XBRL,PDF_YOK,,,,,
MEGAP,2024,12,1397704,520003.0,Konsolide,CFO,onceki,-13774082.0,XBRL,PDF_YOK,,,,,
MEGAP,2024,12,1397704,520003.0,Konsolide,MDV+MODV,cari,-122944331.0,XBRL,PDF_YOK,,,,,
MEGAP,2024,12,1397704,520003.0,Konsolide,MDV+MODV,onceki,-292139706.0,XBRL,PDF_YOK,,,,,
MEGAP,2024,12,1397704,520003.0,Konsolide,YAGM,cari,,XBRL,PDF_YOK,,,,,
MEGAP,2024,12,1397704,520003.0,Konsolide,YAGM,onceki,,XBRL,PDF_YOK,,,,,
MEGAP,2024,12,1397704,520003.0,Konsolide,KIRA,cari,956327.0,XBRL,PDF_YOK,,,,,
MEGAP,2024,12,1397704,520003.0,Konsolide,KIRA,onceki,596015.0,XBRL,PDF_YOK,,,,,
MEGAP,2025,12,1593957,520003.0,Konsolide,CFO,cari,-441098017.0,XBRL,PDF_YOK,,,,,
MEGAP,2025,12,1593957,520003.0,Konsolide,CFO,onceki,143158508.0,XBRL,PDF_YOK,,,,,
MEGAP,2025,12,1593957,520003.0,Konsolide,MDV+MODV,cari,780693181.0,XBRL,PDF_YOK,,,,,
MEGAP,2025,12,1593957,520003.0,Konsolide,MDV+MODV,onceki,-160924697.0,XBRL,PDF_YOK,,,,,
MEGAP,2025,12,1593957,520003.0,Konsolide,YAGM,cari,,XBRL,PDF_YOK,,,,,
MEGAP,2025,12,1593957,520003.0,Konsolide,YAGM,onceki,,XBRL,PDF_YOK,,,,,
MEGAP,2025,12,1593957,520003.0,Konsolide,KIRA,cari,-355612160.0,XBRL,PDF_YOK,,,,,
MEGAP,2025,12,1593957,520003.0,Konsolide,KIRA,onceki,1251759.0,XBRL,PDF_YOK,,,,,
ONRYT,2024,12,1415200,520003.0,Konsolide Olmayan,CFO,cari,-31036394.0,XBRL,PDF_YOK,,,,,
ONRYT,2024,12,1415200,520003.0,Konsolide Olmayan,CFO,onceki,99656600.0,XBRL,PDF_YOK,,,,,
ONRYT,2024,12,1415200,520003.0,Konsolide Olmayan,MDV+MODV,cari,-155101241.0,XBRL,PDF_YOK,,,,,
ONRYT,2024,12,1415200,520003.0,Konsolide Olmayan,MDV+MODV,onceki,-69751465.0,XBRL,PDF_YOK,,,,,
ONRYT,2024,12,1415200,520003.0,Konsolide Olmayan,YAGM,cari,,XBRL,PDF_YOK,,,,,
ONRYT,2024,12,1415200,520003.0,Konsolide Olmayan,YAGM,onceki,,XBRL,PDF_YOK,,,,,
ONRYT,2024,12,1415200,520003.0,Konsolide Olmayan,KIRA,cari,-4682076.0,XBRL,PDF_YOK,,,,,
ONRYT,2024,12,1415200,520003.0,Konsolide Olmayan,KIRA,onceki,-3090062.0,XBRL,PDF_YOK,,,,,
ROYAL,2024,12,1443362,520003.0,Konsolide,CFO,cari,-1331805632.0,XBRL,PDF_YOK,,,,,
ROYAL,2024,12,1443362,520003.0,Konsolide,CFO,onceki,-178332721.0,XBRL,PDF_YOK,,,,,
ROYAL,2024,12,1443362,520003.0,Konsolide,MDV+MODV,cari,-858739.0,XBRL,PDF_YOK,,,,,
ROYAL,2024,12,1443362,520003.0,Konsolide,MDV+MODV,onceki,-615719.0,XBRL,PDF_YOK,,,,,
ROYAL,2024,12,1443362,520003.0,Konsolide,YAGM,cari,,XBRL,PDF_YOK,,,,,
ROYAL,2024,12,1443362,520003.0,Konsolide,YAGM,onceki,,XBRL,PDF_YOK,,,,,
ROYAL,2024,12,1443362,520003.0,Konsolide,KIRA,cari,,XBRL,PDF_YOK,,,,,
ROYAL,2024,12,1443362,520003.0,Konsolide,KIRA,onceki,,XBRL,PDF_YOK,,,,,
