Test,Yontem,Egitim_gecis,n,spearman,ust30_isabet,ust30_ort_delta,alt30_ort_delta,taban_isabet
2025/09→2025/12,KURULU YAY v2 (E[Δ] + FCF),1,470,0.312,0.5,10.83,-7.2,0.238
2025/09→2025/12,KURULU YAY (E[Δ]),1,470,0.323,0.467,9.4,-8.17,0.238
2025/09→2025/12,KURULU YAY (P sıçrama),1,470,0.27,0.367,6.73,-6.53,0.238
2025/09→2025/12,Kıyas: eşik yakınlığı,1,470,0.084,0.233,1.23,-2.57,0.238
2025/09→2025/12,Kıyas: düşük puan,1,470,0.266,0.533,9.03,-7.73,0.238
2025/09→2025/12,Kıyas: skor ivmesi,1,451,-0.137,0.233,-5.77,5.2,0.242
2025/09→2025/12,KATEGORİ ATLAMA P(üst kategori),1,401,0.31,0.45,2.7,,0.11
2025/12→2026/03,KURULU YAY v2 (E[Δ] + FCF),2,461,0.327,0.3,8.83,-3.17,0.202
2025/12→2026/03,KURULU YAY (E[Δ]),2,461,0.317,0.233,7.1,-3.97,0.202
2025/12→2026/03,KURULU YAY (P sıçrama),2,461,0.339,0.233,6.07,-4.07,0.202
2025/12→2026/03,Kıyas: eşik yakınlığı,2,461,0.188,0.267,2.5,0.47,0.202
2025/12→2026/03,Kıyas: düşük puan,2,461,0.156,0.233,4.33,-0.43,0.202
2025/12→2026/03,Kıyas: skor ivmesi,2,457,-0.09,0.033,-1.97,1.1,0.197
2025/12→2026/03,KATEGORİ ATLAMA P(üst kategori),2,390,0.448,0.65,2.35,,0.141
2026/03→2026/06,KURULU YAY v2 (E[Δ] + FCF),3,473,0.274,0.167,4.23,-4.23,0.135
2026/03→2026/06,KURULU YAY (E[Δ]),3,473,0.26,0.133,4.9,-5.83,0.135
2026/03→2026/06,KURULU YAY (P sıçrama),3,473,0.262,0.233,5.03,-6.57,0.135
2026/03→2026/06,Kıyas: eşik yakınlığı,3,473,0.157,0.267,3.4,-4.77,0.135
2026/03→2026/06,Kıyas: düşük puan,3,473,0.161,0.0,0.17,-2.63,0.135
2026/03→2026/06,Kıyas: skor ivmesi,3,456,-0.095,0.067,-6.37,2.77,0.136
2026/03→2026/06,KATEGORİ ATLAMA P(üst kategori),3,390,0.352,0.3,-2.2,,0.113
