hafta_tarihi,Hisse,RSI(A)_2025,RSI(H)_2025,kapanis_sinyal_haftasi,getiri_1ay(%),getiri_3ay(%),getiri_6ay(%),getiri_12ay(%),getiri_bugune_kadar(%),xu100_1ay(%),xu100_3ay(%),xu100_6ay(%),xu100_12ay(%),xu100_bugune_kadar(%)
2025-08-11,A1CAP,72.4,74.8,11.04,-20.65,9.06,49.46,-27.36,-24.37,-4.59,-2.8,30.45,30.37,33.93
2025-08-11,ACSEL,56.5,55.3,115.0,2.35,-7.57,-2.26,6.61,6.43,-4.59,-2.8,30.45,30.37,33.93
2025-08-11,ADESE,94.5,98.0,3.378,16.76,-28.95,-64.48,-74.54,-74.54,-4.59,-2.8,30.45,30.37,33.93
2025-08-11,AHGAZ,88.7,78.3,34.9594,-5.77,-26.21,-28.61,-3.31,4.01,-4.59,-2.8,30.45,30.37,33.93
2025-08-11,ANELE,74.1,71.3,21.12,-5.97,-25.24,-21.35,557.2,695.93,-4.59,-2.8,30.45,30.37,33.93
2025-08-11,ARCLK,53.1,59.9,140.0,-11.86,-25.57,-5.43,-31.89,-33.21,-4.59,-2.8,30.45,30.37,33.93
2025-08-11,ARSAN,69.3,66.9,2.7639,-5.57,6.73,65.35,25.55,52.32,-4.59,-2.8,30.45,30.37,33.93
2025-08-11,ATATP,62.4,64.6,105.274,20.25,38.03,48.91,169.53,202.07,-4.59,-2.8,30.45,30.37,33.93
2025-08-11,ATLAS,59.7,61.0,6.119,-5.53,-2.76,69.15,3.45,5.25,-4.59,-2.8,30.45,30.37,33.93
2025-08-11,AVHOL,57.3,63.0,49.68,-11.03,-17.91,-18.76,-22.54,-28.86,-4.59,-2.8,30.45,30.37,33.93
2025-08-11,AYEN,56.7,60.0,26.4234,6.54,-7.45,8.9,26.48,20.42,-4.59,-2.8,30.45,30.37,33.93
2025-08-11,BAGFS,65.5,72.4,39.2,-13.37,-27.09,-23.57,-36.63,-31.58,-4.59,-2.8,30.45,30.37,33.93
2025-08-11,BAKAB,50.4,60.4,40.1,-9.98,-7.13,2.84,13.07,0.45,-4.59,-2.8,30.45,30.37,33.93
2025-08-11,BALAT,74.5,68.2,77.5,-10.58,2.84,40.13,-5.81,-10.32,-4.59,-2.8,30.45,30.37,33.93
2025-08-11,BIGTK,77.5,70.0,436.5,-22.39,-29.84,-30.81,-19.59,-16.32,-4.59,-2.8,30.45,30.37,33.93
2025-08-11,BLUME,90.8,86.8,55.65,-6.02,-17.12,-17.48,-29.56,-23.7,-4.59,-2.8,30.45,30.37,33.93
2025-08-11,BOSSA,58.6,68.4,7.9,-11.9,-13.8,-10.0,-10.13,-16.71,-4.59,-2.8,30.45,30.37,33.93
2025-08-11,BRMEN,82.0,89.3,14.22,17.09,40.37,-31.43,6.89,2.11,-4.59,-2.8,30.45,30.37,33.93
2025-08-11,BRYAT,63.0,62.6,2056.4226,2.38,3.73,11.65,-16.8,-16.94,-4.59,-2.8,30.45,30.37,33.93
2025-08-11,CEMTS,56.3,60.2,12.4872,-16.41,-21.07,-0.47,-28.81,-28.41,-4.59,-2.8,30.45,30.37,33.93
2025-08-11,CEOEM,56.6,58.7,35.8,-1.79,-30.95,-35.59,-32.63,-27.77,-4.59,-2.8,30.45,30.37,33.93
2025-08-11,COSMO,60.1,72.8,135.7,-9.06,22.11,73.91,-12.97,2.06,-4.59,-2.8,30.45,30.37,33.93
2025-08-11,CRDFA,78.8,77.1,6.56,4.67,105.49,271.19,334.15,300.91,-4.59,-2.8,30.45,30.37,33.93
2025-08-11,CUSAN,67.1,74.8,30.24,1.59,-28.57,-5.82,-15.28,-21.56,-4.59,-2.8,30.45,30.37,33.93
2025-08-11,DAPGM,82.0,83.3,15.27,17.88,-21.41,-14.01,-43.48,-44.92,-4.59,-2.8,30.45,30.37,33.93
2025-08-11,DESA,65.4,79.2,14.3349,11.93,-6.25,-14.47,-26.75,-28.98,-4.59,-2.8,30.45,30.37,33.93
2025-08-11,DGATE,78.1,65.7,80.0,-11.94,-8.94,-12.12,38.25,26.0,-4.59,-2.8,30.45,30.37,33.93
2025-08-11,DITAS,70.2,81.2,35.76,-0.17,3.86,21.76,-29.81,-27.4,-4.59,-2.8,30.45,30.37,33.93
2025-08-11,DOCO,77.6,79.9,11154.9287,-3.65,-18.62,-1.52,4.06,4.21,-4.59,-2.8,30.45,30.37,33.93
2025-08-11,DUNYH,76.9,74.7,91.0,-8.79,19.89,19.89,19.89,76.81,-4.59,-2.8,30.45,30.37,33.93
2025-08-11,ECILC,70.9,64.0,53.7299,3.65,66.27,129.72,39.59,43.59,-4.59,-2.8,30.45,30.37,33.93
2025-08-11,EGEPO,69.1,68.0,9.64,-18.57,-21.37,19.29,83.61,70.44,-4.59,-2.8,30.45,30.37,33.93
2025-08-11,EGGUB,79.4,69.4,105.5,8.63,-4.36,-6.26,-3.03,5.59,-4.59,-2.8,30.45,30.37,33.93
2025-08-11,EGPRO,58.5,55.4,21.9591,7.22,12.24,24.4,61.21,89.26,-4.59,-2.8,30.45,30.37,33.93
2025-08-11,EMKEL,94.3,80.2,88.1,29.06,-34.79,-75.26,-79.56,-82.5,-4.59,-2.8,30.45,30.37,33.93
2025-08-11,ENERY,89.8,86.9,10.0212,7.37,-5.38,-6.18,-10.46,-4.5,-4.59,-2.8,30.45,30.37,33.93
2025-08-11,ENKAI,79.2,68.7,70.0606,-6.89,2.18,41.05,25.11,25.25,-4.59,-2.8,30.45,30.37,33.93
2025-08-11,ENSRI,89.1,92.8,15.584,31.78,49.62,94.04,-66.95,-60.6,-4.59,-2.8,30.45,30.37,33.93
2025-08-11,ERBOS,53.6,61.0,183.6,-3.27,2.07,11.87,-16.18,-16.78,-4.59,-2.8,30.45,30.37,33.93
2025-08-11,EREGL,67.4,64.2,27.289,-7.09,-13.59,6.94,36.98,42.11,-4.59,-2.8,30.45,30.37,33.93
2025-08-11,EUREN,47.9,59.3,7.1,11.69,1.97,-21.83,-45.21,-45.07,-4.59,-2.8,30.45,30.37,33.93
2025-08-11,EUYO,55.2,59.8,4.09,9.13,9.05,46.7,36.92,21.03,-4.59,-2.8,30.45,30.37,33.93
2025-08-11,FMIZP,63.5,53.9,309.9978,0.63,3.17,6.19,-3.95,-3.47,-4.59,-2.8,30.45,30.37,33.93
2025-08-11,FROTO,64.0,61.3,95.4431,-4.18,-9.98,30.67,-17.12,-17.39,-4.59,-2.8,30.45,30.37,33.93
2025-08-11,GOZDE,52.6,62.7,23.12,-12.2,-5.1,19.9,-1.73,-1.73,-4.59,-2.8,30.45,30.37,33.93
2025-08-11,GRNYO,73.4,69.3,10.45,56.94,31.87,71.39,39.71,31.0,-4.59,-2.8,30.45,30.37,33.93
2025-08-11,GSDDE,62.3,62.5,9.98,-2.81,-5.21,2.3,32.26,43.89,-4.59,-2.8,30.45,30.37,33.93
2025-08-11,GSDHO,64.5,63.5,4.54,-0.22,-4.19,15.64,5.73,7.93,-4.59,-2.8,30.45,30.37,33.93
2025-08-11,GZNMI,95.2,78.7,282.0,5.23,-45.28,-78.1,-79.68,-79.98,-4.59,-2.8,30.45,30.37,33.93
2025-08-11,HDFGS,64.0,68.9,2.28,1.75,47.37,50.88,9.21,13.6,-4.59,-2.8,30.45,30.37,33.93
2025-08-11,HEDEF,87.5,75.1,9.2274,59.15,286.27,488.03,1612.29,971.81,-4.59,-2.8,30.45,30.37,33.93
2025-08-11,HLGYO,72.0,77.6,3.6588,-10.5,-3.37,20.04,23.54,22.72,-4.59,-2.8,30.45,30.37,33.93
2025-08-11,HTTBT,66.5,65.2,48.66,-5.51,-4.11,-5.71,-23.59,-24.17,-4.59,-2.8,30.45,30.37,33.93
2025-08-11,IEYHO,69.3,63.4,14.66,2.52,241.75,435.47,1118.28,1212.41,-4.59,-2.8,30.45,30.37,33.93
2025-08-11,IHLAS,71.7,69.5,3.7,-7.03,-12.43,-37.3,-71.08,-71.35,-4.59,-2.8,30.45,30.37,33.93
2025-08-11,IHLGM,71.6,72.1,3.0,-7.33,-10.33,-31.33,-47.67,-47.0,-4.59,-2.8,30.45,30.37,33.93
2025-08-11,INDES,57.8,63.5,7.9354,-7.54,-7.54,6.3,31.06,51.22,-4.59,-2.8,30.45,30.37,33.93
2025-08-11,INVEO,67.9,82.8,12.87,-12.98,-22.92,-24.48,-45.14,-46.31,-4.59,-2.8,30.45,30.37,33.93
2025-08-11,ISGSY,83.5,83.5,11.5837,22.76,16.37,46.62,51.85,46.33,-4.59,-2.8,30.45,30.37,33.93
2025-08-11,ISGYO,60.3,62.4,18.7717,2.92,8.33,17.77,43.19,48.73,-4.59,-2.8,30.45,30.37,33.93
2025-08-11,IZENR,61.3,76.6,9.0,-0.56,-1.67,6.67,-5.89,-7.67,-4.59,-2.8,30.45,30.37,33.93
2025-08-11,KATMR,60.5,74.0,3.07,-9.45,13.03,-1.95,-25.08,-30.94,-4.59,-2.8,30.45,30.37,33.93
2025-08-11,KLGYO,63.4,61.0,6.13,0.0,4.08,16.64,-27.57,-17.78,-4.59,-2.8,30.45,30.37,33.93
2025-08-11,KLKIM,66.7,61.8,32.7646,1.98,-6.35,27.4,-19.91,-13.44,-4.59,-2.8,30.45,30.37,33.93
2025-08-11,KLMSN,65.2,67.8,29.32,20.87,1.09,7.91,-0.14,-2.32,-4.59,-2.8,30.45,30.37,33.93
2025-08-11,KLNMA,45.9,68.1,12.68,-13.09,-7.02,-22.71,-29.5,-28.15,-4.59,-2.8,30.45,30.37,33.93
2025-08-11,KNFRT,69.2,71.2,18.03,11.37,-35.27,-28.95,-34.55,-27.23,-4.59,-2.8,30.45,30.37,33.93
2025-08-11,KRSTL,63.9,75.8,9.94,10.76,14.69,23.14,-5.23,-4.53,-4.59,-2.8,30.45,30.37,33.93
2025-08-11,KRTEK,53.9,57.0,30.44,-5.85,-12.29,-10.84,-79.57,-82.39,-4.59,-2.8,30.45,30.37,33.93
2025-08-11,KUTPO,58.6,63.9,94.4,14.41,0.48,19.07,-12.08,-13.61,-4.59,-2.8,30.45,30.37,33.93
2025-08-11,LUKSK,64.3,68.1,106.1,1.79,10.37,4.24,-16.02,-19.18,-4.59,-2.8,30.45,30.37,33.93
2025-08-11,LYDHO,65.7,65.7,132.5,-15.32,34.04,37.96,35.55,25.81,-4.59,-2.8,30.45,30.37,33.93
2025-08-11,MAALT,67.0,75.5,1218.0,-4.84,-17.65,-16.91,-14.37,-17.24,-4.59,-2.8,30.45,30.37,33.93
2025-08-11,MAGEN,80.8,81.2,19.024,9.23,69.37,138.96,87.24,78.93,-4.59,-2.8,30.45,30.37,33.93
2025-08-11,MAKTK,82.8,69.7,17.2,13.43,-24.53,0.35,-43.84,-41.63,-4.59,-2.8,30.45,30.37,33.93
2025-08-11,MARBL,57.7,70.2,17.19,-19.6,-20.59,-20.59,-28.62,-26.0,-4.59,-2.8,30.45,30.37,33.93
2025-08-11,MARTI,59.2,69.3,4.1,-10.73,-25.12,-28.54,-65.61,-64.88,-4.59,-2.8,30.45,30.37,33.93
2025-08-11,MERCN,79.6,86.2,47.7727,-26.56,-63.53,-59.36,-56.67,-61.61,-4.59,-2.8,30.45,30.37,33.93
2025-08-11,METRO,71.0,75.8,4.24,-11.08,21.23,37.03,105.42,108.25,-4.59,-2.8,30.45,30.37,33.93
2025-08-11,MMCAS,87.3,81.1,61.15,24.28,48.0,77.27,-8.42,-18.07,-4.59,-2.8,30.45,30.37,33.93
2025-08-11,MSGYO,72.0,66.8,4.9324,9.02,7.87,17.69,21.24,15.56,-4.59,-2.8,30.45,30.37,33.93
2025-08-11,NUGYO,67.1,80.5,11.5,-10.26,-19.57,-4.7,-22.78,-20.26,-4.59,-2.8,30.45,30.37,33.93
2025-08-11,OBASE,61.6,67.0,40.56,-8.48,-11.93,0.1,-1.87,-7.3,-4.59,-2.8,30.45,30.37,33.93
2025-08-11,OZKGY,62.7,68.5,14.0517,-10.81,1.33,11.73,-9.55,-0.51,-4.59,-2.8,30.45,30.37,33.93
2025-08-11,PCILT,65.5,73.4,18.3821,44.04,13.71,20.64,64.62,91.93,-4.59,-2.8,30.45,30.37,33.93
2025-08-11,PEKGY,72.7,90.4,8.14,-14.0,55.04,48.16,89.19,91.77,-4.59,-2.8,30.45,30.37,33.93
2025-08-11,PENGD,62.5,63.1,10.15,1.18,-15.17,-8.87,-5.62,-9.36,-4.59,-2.8,30.45,30.37,33.93
2025-08-11,PLTUR,61.1,56.0,27.0431,-14.03,-23.2,-12.43,-25.85,-21.01,-4.59,-2.8,30.45,30.37,33.93
2025-08-11,POLHO,76.5,70.9,4.35,2.3,282.3,308.05,413.1,419.54,-4.59,-2.8,30.45,30.37,33.93
2025-08-11,PRKAB,56.8,71.3,36.1,-10.64,1.27,52.63,-7.92,-10.42,-4.59,-2.8,30.45,30.37,33.93
2025-08-11,PRKME,55.4,59.9,20.36,-1.28,-20.97,2.95,-2.26,-9.72,-4.59,-2.8,30.45,30.37,33.93
2025-08-11,PSGYO,68.5,79.3,2.8987,0.0,0.68,-8.84,22.12,16.26,-4.59,-2.8,30.45,30.37,33.93
2025-08-11,RUZYE,71.6,60.7,9.06,8.39,66.78,43.27,-6.84,1.99,-4.59,-2.8,30.45,30.37,33.93
2025-08-11,RYGYO,78.0,75.4,24.66,-21.98,-14.84,20.92,70.64,82.73,-4.59,-2.8,30.45,30.37,33.93
2025-08-11,SANKO,56.2,60.6,23.66,9.13,-9.47,-3.97,-20.96,-19.95,-4.59,-2.8,30.45,30.37,33.93
2025-08-11,SASA,53.7,57.5,3.9,-7.69,-26.41,-30.77,-38.72,-39.23,-4.59,-2.8,30.45,30.37,33.93
2025-08-11,SISE,53.4,60.0,39.4671,-9.2,-10.76,23.91,4.9,1.45,-4.59,-2.8,30.45,30.37,33.93
2025-08-11,SUNTK,72.7,55.9,39.8374,20.11,-6.42,0.06,0.11,-7.42,-4.59,-2.8,30.45,30.37,33.93
2025-08-11,TABGD,71.4,75.4,209.8668,0.19,4.35,26.93,24.84,17.17,-4.59,-2.8,30.45,30.37,33.93
2025-08-11,TEHOL,86.0,76.2,27.74,19.68,16.8,-49.39,84.93,21.49,-4.59,-2.8,30.45,30.37,33.93
2025-08-11,TEKTU,93.2,91.9,26.48,6.12,-58.31,-61.29,-70.96,-70.17,-4.59,-2.8,30.45,30.37,33.93
2025-08-11,TERA,99.4,83.1,130.5,11.81,122.22,71.72,36.78,41.38,-4.59,-2.8,30.45,30.37,33.93
2025-08-11,TGSAS,87.7,92.3,207.6914,-6.25,-15.58,-20.87,-3.85,16.47,-4.59,-2.8,30.45,30.37,33.93
2025-08-11,THYAO,67.4,63.1,327.6243,-4.16,-17.89,6.14,-6.83,-7.06,-4.59,-2.8,30.45,30.37,33.93
2025-08-11,TKNSA,52.0,56.7,27.42,-9.19,-10.21,-9.12,-34.54,-29.32,-4.59,-2.8,30.45,30.37,33.93
2025-08-11,TMPOL,66.0,69.3,111.9,49.96,150.22,291.2,420.55,318.23,-4.59,-2.8,30.45,30.37,33.93
2025-08-11,TMSN,60.1,65.6,132.7,-16.73,-23.81,-10.25,-41.56,-42.73,-4.59,-2.8,30.45,30.37,33.93
2025-08-11,TOASO,59.1,63.7,220.3187,2.12,-1.27,43.74,21.87,23.12,-4.59,-2.8,30.45,30.37,33.93
2025-08-11,TRHOL,89.7,62.6,272.5,-15.19,100.92,168.44,727.52,871.56,-4.59,-2.8,30.45,30.37,33.93
2025-08-11,TSPOR,48.6,54.7,1.13,6.19,9.73,-1.77,-9.73,8.85,-4.59,-2.8,30.45,30.37,33.93
2025-08-11,VERTU,67.4,66.4,45.06,17.73,-15.62,-4.7,-19.88,-20.24,-4.59,-2.8,30.45,30.37,33.93
2025-08-11,VERUS,72.4,77.0,402.0,20.96,-49.0,-34.58,59.7,86.69,-4.59,-2.8,30.45,30.37,33.93
2025-08-11,YATAS,57.0,64.4,30.92,10.67,12.81,50.65,13.26,0.84,-4.59,-2.8,30.45,30.37,33.93
2025-08-11,YESIL,48.5,63.2,2.13,10.33,17.84,-6.1,-43.19,-42.25,-4.59,-2.8,30.45,30.37,33.93
2025-08-11,YGGYO,91.9,77.7,86.9989,8.32,42.89,76.15,171.15,160.12,-4.59,-2.8,30.45,30.37,33.93
2025-08-11,YUNSA,62.2,59.5,5.9211,24.64,37.93,63.37,54.19,39.67,-4.59,-2.8,30.45,30.37,33.93
2025-08-18,A1YEN,54.3,58.9,2.8802,0.38,-4.52,-0.7,-3.13,-2.78,-0.68,-3.95,22.53,27.63,28.02
2025-08-18,ACSEL,56.5,58.7,119.6,2.01,-15.72,-2.42,0.17,2.34,-0.68,-3.95,22.53,27.63,28.02
2025-08-18,ADEL,42.9,57.5,36.5177,-7.7,-5.09,-4.81,-8.81,-3.17,-0.68,-3.95,22.53,27.63,28.02
2025-08-18,ADESE,94.5,98.3,3.654,21.95,-53.48,-68.53,-76.19,-76.46,-0.68,-3.95,22.53,27.63,28.02
2025-08-18,AHGAZ,88.7,79.2,35.7181,-8.78,-25.27,-28.45,-6.76,1.8,-0.68,-3.95,22.53,27.63,28.02
2025-08-18,AKBNK,65.5,62.9,67.6808,-4.58,-11.52,26.49,2.98,7.86,-0.68,-3.95,22.53,27.63,28.02
2025-08-18,AKSA,58.3,57.5,10.0099,2.27,-1.9,6.73,11.39,9.89,-0.68,-3.95,22.53,27.63,28.02
2025-08-18,ALGYO,57.2,64.6,3.1796,-2.5,33.72,58.3,14.79,16.68,-0.68,-3.95,22.53,27.63,28.02
2025-08-18,ANELE,74.1,80.1,25.34,-18.15,-36.11,-36.07,472.22,563.38,-0.68,-3.95,22.53,27.63,28.02
2025-08-18,ARCLK,53.1,63.2,145.8,-6.38,-26.27,-17.35,-36.56,-35.87,-0.68,-3.95,22.53,27.63,28.02
2025-08-18,ARSAN,69.3,71.4,2.9194,3.79,1.05,28.79,32.9,44.21,-0.68,-3.95,22.53,27.63,28.02
2025-08-18,ATATP,62.4,74.0,125.4921,22.62,33.57,30.16,145.23,153.4,-0.68,-3.95,22.53,27.63,28.02
2025-08-18,ATLAS,59.7,61.4,6.1489,4.69,-4.37,44.25,5.87,4.73,-0.68,-3.95,22.53,27.63,28.02
2025-08-18,AVGYO,74.0,78.7,15.2,-5.53,-26.58,-13.03,21.05,-1.25,-0.68,-3.95,22.53,27.63,28.02
2025-08-18,AVHOL,57.3,67.8,54.2,-11.37,-26.79,-28.97,-33.58,-34.8,-0.68,-3.95,22.53,27.63,28.02
2025-08-18,AYEN,56.7,65.3,27.8807,5.91,-9.97,-0.86,16.21,14.13,-0.68,-3.95,22.53,27.63,28.02
2025-08-18,BAKAB,50.4,63.2,42.0,-4.9,-10.24,-2.14,-2.19,-4.1,-0.68,-3.95,22.53,27.63,28.02
2025-08-18,BALAT,74.5,68.9,78.65,-7.12,0.89,37.95,-9.73,-11.63,-0.68,-3.95,22.53,27.63,28.02
2025-08-18,BASCM,70.9,69.6,18.24,-1.64,-15.84,-17.43,-23.3,-20.89,-0.68,-3.95,22.53,27.63,28.02
2025-08-18,BEYAZ,60.9,63.9,26.9884,39.77,-1.76,8.29,-13.67,-13.52,-0.68,-3.95,22.53,27.63,28.02
2025-08-18,BIGTK,77.5,76.7,516.5,-28.9,-41.34,-44.58,-32.33,-29.28,-0.68,-3.95,22.53,27.63,28.02
2025-08-18,BJKAS,36.7,36.0,2.25,0.44,-18.22,-31.11,30.67,24.0,-0.68,-3.95,22.53,27.63,28.02
2025-08-18,BLCYT,60.3,63.3,20.9,9.47,49.28,73.59,-0.1,2.87,-0.68,-3.95,22.53,27.63,28.02
2025-08-18,BLUME,90.8,91.1,71.75,-26.13,-39.62,-37.28,-40.63,-40.82,-0.68,-3.95,22.53,27.63,28.02
2025-08-18,BMSTL,79.3,68.1,30.05,14.98,104.49,52.83,49.15,47.29,-0.68,-3.95,22.53,27.63,28.02
2025-08-18,BOSSA,58.6,69.7,8.05,-7.33,-14.53,-13.91,-18.76,-18.26,-0.68,-3.95,22.53,27.63,28.02
2025-08-18,BRYAT,63.0,66.8,2184.0244,5.21,-0.3,2.96,-22.12,-21.8,-0.68,-3.95,22.53,27.63,28.02
2025-08-18,CEOEM,56.6,66.3,42.24,-7.67,-38.64,-47.25,-41.62,-38.78,-0.68,-3.95,22.53,27.63,28.02
2025-08-18,CRDFA,78.8,79.3,7.0733,-5.66,146.94,258.15,293.03,271.82,-0.68,-3.95,22.53,27.63,28.02
2025-08-18,CUSAN,67.1,79.1,33.64,1.07,-35.37,-26.52,-28.66,-29.49,-0.68,-3.95,22.53,27.63,28.02
2025-08-18,CVKMD,64.3,62.4,14.05,3.56,17.58,144.98,15.44,11.74,-0.68,-3.95,22.53,27.63,28.02
2025-08-18,DAGI,71.3,64.0,6.97,21.52,11.62,-10.47,49.78,57.25,-0.68,-3.95,22.53,27.63,28.02
2025-08-18,DAPGM,82.0,85.5,16.6,-12.05,-27.89,-26.69,-46.57,-49.34,-0.68,-3.95,22.53,27.63,28.02
2025-08-18,DENGE,50.4,60.5,3.23,-7.43,15.17,-13.62,-29.1,-24.15,-0.68,-3.95,22.53,27.63,28.02
2025-08-18,DESA,65.4,79.5,14.4528,4.01,-17.59,-10.81,-26.8,-29.56,-0.68,-3.95,22.53,27.63,28.02
2025-08-18,DGATE,78.1,70.5,88.0,-9.26,-14.66,-19.09,17.84,14.55,-0.68,-3.95,22.53,27.63,28.02
2025-08-18,DOFER,64.7,71.3,50.3972,6.21,12.72,-33.49,-41.74,-41.94,-0.68,-3.95,22.53,27.63,28.02
2025-08-18,ECILC,70.9,75.4,67.5909,1.67,52.32,71.88,12.52,14.14,-0.68,-3.95,22.53,27.63,28.02
2025-08-18,EDIP,74.9,67.9,40.18,-7.17,-11.1,-2.84,-14.34,-10.1,-0.68,-3.95,22.53,27.63,28.02
2025-08-18,EGGUB,79.4,70.4,107.4,19.37,-7.82,-14.06,-3.45,3.72,-0.68,-3.95,22.53,27.63,28.02
2025-08-18,EGPRO,58.5,63.3,24.1627,15.6,3.19,11.75,58.01,72.0,-0.68,-3.95,22.53,27.63,28.02
2025-08-18,EKGYO,74.2,74.6,20.765,-4.96,-5.81,14.14,-6.33,-1.28,-0.68,-3.95,22.53,27.63,28.02
2025-08-18,EKIZ,67.7,66.0,75.2,53.59,11.57,68.09,-20.35,-19.61,-0.68,-3.95,22.53,27.63,28.02
2025-08-18,EMKEL,94.3,81.2,92.0,28.37,-35.0,-76.96,-83.15,-83.24,-0.68,-3.95,22.53,27.63,28.02
2025-08-18,ENERY,89.8,89.1,11.0891,-2.88,-1.08,-9.9,-20.52,-13.7,-0.68,-3.95,22.53,27.63,28.02
2025-08-18,ENSRI,89.1,94.4,18.9105,20.48,23.64,75.99,-72.82,-67.53,-0.68,-3.95,22.53,27.63,28.02
2025-08-18,EPLAS,59.8,66.1,6.81,2.5,-17.77,-5.73,-13.95,-10.28,-0.68,-3.95,22.53,27.63,28.02
2025-08-18,ERBOS,53.6,61.0,183.6,13.18,1.09,3.92,-15.8,-16.78,-0.68,-3.95,22.53,27.63,28.02
2025-08-18,EREGL,67.4,70.0,29.0056,-1.56,-17.96,2.24,31.49,33.7,-0.68,-3.95,22.53,27.63,28.02
2025-08-18,EUREN,47.9,62.2,7.44,22.04,-17.61,-29.03,-47.85,-47.58,-0.68,-3.95,22.53,27.63,28.02
2025-08-18,EUYO,55.2,66.0,4.4867,4.01,-3.05,43.02,10.77,10.33,-0.68,-3.95,22.53,27.63,28.02
2025-08-18,FMIZP,63.5,62.7,343.4579,-1.72,-5.73,-9.6,-9.16,-12.87,-0.68,-3.95,22.53,27.63,28.02
2025-08-18,FRIGO,55.6,55.5,1.4079,19.06,79.5,134.77,63.36,87.51,-0.68,-3.95,22.53,27.63,28.02
2025-08-18,FROTO,64.0,67.3,103.8806,-7.6,-17.86,12.89,-22.8,-24.1,-0.68,-3.95,22.53,27.63,28.02
2025-08-18,GARAN,73.4,67.1,143.7893,-1.07,-10.96,5.41,-9.66,-6.81,-0.68,-3.95,22.53,27.63,28.02
2025-08-18,GEDIK,71.8,68.1,7.7752,-14.41,-23.41,-29.05,-17.69,-19.1,-0.68,-3.95,22.53,27.63,28.02
2025-08-18,GEDZA,56.7,60.5,29.58,-1.22,-10.07,-2.64,0.41,1.15,-0.68,-3.95,22.53,27.63,28.02
2025-08-18,GLCVY,75.7,68.9,67.8145,-1.98,1.98,2.76,-24.2,-21.7,-0.68,-3.95,22.53,27.63,28.02
2025-08-18,GLYHO,80.1,69.3,9.1301,-4.67,28.8,72.62,85.87,86.31,-0.68,-3.95,22.53,27.63,28.02
2025-08-18,GOODY,54.0,57.2,3.2116,6.42,-16.7,-13.66,-18.11,-18.42,-0.68,-3.95,22.53,27.63,28.02
2025-08-18,GOZDE,52.6,63.3,23.28,-7.65,-9.54,11.86,0.09,-2.41,-0.68,-3.95,22.53,27.63,28.02
2025-08-18,GRNYO,73.4,82.7,13.73,12.09,-4.52,30.44,6.34,-0.29,-0.68,-3.95,22.53,27.63,28.02
2025-08-18,GSDDE,62.3,63.5,10.1,7.72,-4.85,0.69,44.65,42.18,-0.68,-3.95,22.53,27.63,28.02
2025-08-18,GSDHO,64.5,71.5,5.07,-3.35,-14.4,-3.35,-5.52,-3.35,-0.68,-3.95,22.53,27.63,28.02
2025-08-18,HDFGS,64.0,69.3,2.3,30.43,42.61,43.48,10.0,12.61,-0.68,-3.95,22.53,27.63,28.02
2025-08-18,HLGYO,72.0,79.5,3.816,-8.07,-6.87,15.81,12.16,17.66,-0.68,-3.95,22.53,27.63,28.02
2025-08-18,HTTBT,66.5,66.4,49.42,-3.08,-2.63,-12.22,-25.05,-25.33,-0.68,-3.95,22.53,27.63,28.02
2025-08-18,ICBCT,59.5,58.4,15.76,13.52,-13.58,-10.28,27.16,28.43,-0.68,-3.95,22.53,27.63,28.02
2025-08-18,IEYHO,69.3,68.0,15.87,47.07,253.81,412.29,1075.17,1112.35,-0.68,-3.95,22.53,27.63,28.02
2025-08-18,IHGZT,62.1,69.7,1.99,1.01,0.5,-22.61,-40.7,-40.2,-0.68,-3.95,22.53,27.63,28.02
2025-08-18,IHLAS,71.7,70.5,3.8,1.58,0.0,-40.26,-71.58,-72.11,-0.68,-3.95,22.53,27.63,28.02
2025-08-18,IHLGM,71.6,75.0,3.2,-5.63,-14.38,-35.31,-50.31,-50.31,-0.68,-3.95,22.53,27.63,28.02
2025-08-18,INDES,57.8,64.1,7.9942,0.49,-7.85,1.47,42.98,50.11,-0.68,-3.95,22.53,27.63,28.02
2025-08-18,INVEO,67.9,85.1,13.93,-14.5,-28.21,-38.69,-50.11,-50.39,-0.68,-3.95,22.53,27.63,28.02
2025-08-18,ISCTR,62.4,64.7,14.6349,-1.25,-16.78,10.22,-15.34,-12.26,-0.68,-3.95,22.53,27.63,28.02
2025-08-18,ISDMR,58.5,62.0,37.3762,-6.93,-11.87,9.53,42.74,45.15,-0.68,-3.95,22.53,27.63,28.02
2025-08-18,ISGSY,83.5,87.6,14.1436,2.35,-12.03,25.68,18.85,19.84,-0.68,-3.95,22.53,27.63,28.02
2025-08-18,ISGYO,60.3,72.9,21.2116,-6.43,-8.5,3.19,28.42,31.63,-0.68,-3.95,22.53,27.63,28.02
2025-08-18,ISMEN,63.9,59.7,39.1223,5.92,-4.07,18.55,-15.96,-14.73,-0.68,-3.95,22.53,27.63,28.02
2025-08-18,KAPLM,62.9,64.8,233.4,105.33,45.67,79.63,79.73,88.73,-0.68,-3.95,22.53,27.63,28.02
2025-08-18,KAREL,50.9,55.7,9.51,7.26,1.16,4.21,-5.36,-7.57,-0.68,-3.95,22.53,27.63,28.02
2025-08-18,KATMR,60.5,74.7,3.12,6.73,6.09,-9.29,-32.37,-32.05,-0.68,-3.95,22.53,27.63,28.02
2025-08-18,KCHOL,60.1,63.5,179.5853,-1.5,-8.48,15.03,23.84,19.55,-0.68,-3.95,22.53,27.63,28.02
2025-08-18,KIMMR,65.4,69.1,14.6382,2.43,2.02,9.1,-3.54,-6.41,-0.68,-3.95,22.53,27.63,28.02
2025-08-18,KLGYO,63.4,64.6,6.47,3.25,0.0,3.25,-29.83,-22.1,-0.68,-3.95,22.53,27.63,28.02
2025-08-18,KLMSN,65.2,77.8,34.5,24.0,-15.01,-11.25,-15.07,-16.99,-0.68,-3.95,22.53,27.63,28.02
2025-08-18,KLNMA,45.9,68.5,12.8,-3.91,-5.31,-21.41,-30.47,-28.83,-0.68,-3.95,22.53,27.63,28.02
2025-08-18,KNFRT,69.2,71.7,18.23,27.15,-35.33,-35.16,-34.17,-28.03,-0.68,-3.95,22.53,27.63,28.02
2025-08-18,KONKA,54.3,66.7,13.86,20.85,4.69,10.82,-13.64,-17.89,-0.68,-3.95,22.53,27.63,28.02
2025-08-18,KRDMB,66.4,62.9,28.66,0.07,-23.03,16.47,365.81,364.41,-0.68,-3.95,22.53,27.63,28.02
2025-08-18,KRDMD,58.0,63.5,30.82,-2.66,-17.85,-0.71,45.94,50.94,-0.68,-3.95,22.53,27.63,28.02
2025-08-18,KRONT,66.7,71.1,15.05,29.17,-1.0,4.45,72.76,67.44,-0.68,-3.95,22.53,27.63,28.02
2025-08-18,KRPLS,55.0,67.2,8.3,9.16,-4.7,1.33,32.05,26.75,-0.68,-3.95,22.53,27.63,28.02
2025-08-18,KRSTL,63.9,79.9,10.98,2.46,3.64,-1.18,-15.85,-13.57,-0.68,-3.95,22.53,27.63,28.02
2025-08-18,KZGYO,54.6,64.8,26.06,-5.6,-3.68,1.61,-25.36,-24.29,-0.68,-3.95,22.53,27.63,28.02
2025-08-18,LIDER,80.5,71.0,59.8527,1.83,5.88,29.98,-39.38,-46.5,-0.68,-3.95,22.53,27.63,28.02
2025-08-18,LINK,70.7,62.6,16.8293,2.1,-65.75,-65.8,-66.78,-66.61,-0.68,-3.95,22.53,27.63,28.02
2025-08-18,LKMNH,66.6,60.3,18.2695,5.73,-13.13,-4.21,-24.41,-25.12,-0.68,-3.95,22.53,27.63,28.02
2025-08-18,LOGO,77.5,70.5,171.7584,0.28,-6.79,-14.76,-20.0,-20.64,-0.68,-3.95,22.53,27.63,28.02
2025-08-18,LUKSK,64.3,70.7,111.3,6.02,-3.41,-2.96,-22.1,-22.96,-0.68,-3.95,22.53,27.63,28.02
2025-08-18,LYDHO,65.7,67.1,136.3,0.73,33.16,38.66,25.61,22.3,-0.68,-3.95,22.53,27.63,28.02
2025-08-18,MAALT,67.0,76.1,1234.0,-2.51,-18.07,-22.2,-18.31,-18.31,-0.68,-3.95,22.53,27.63,28.02
2025-08-18,MAGEN,80.8,82.8,19.888,14.04,59.9,127.37,74.68,71.16,-0.68,-3.95,22.53,27.63,28.02
2025-08-18,MAKTK,82.8,71.6,17.99,10.17,-26.24,-10.51,-45.41,-44.19,-0.68,-3.95,22.53,27.63,28.02
2025-08-18,MARBL,57.7,73.3,18.11,-16.29,-27.89,-29.04,-32.58,-29.76,-0.68,-3.95,22.53,27.63,28.02
2025-08-18,MAVI,61.3,62.6,41.8253,-12.98,-11.32,6.81,-8.91,-8.29,-0.68,-3.95,22.53,27.63,28.02
2025-08-18,MMCAS,87.3,86.7,81.55,2.33,19.93,16.49,-34.52,-38.57,-0.68,-3.95,22.53,27.63,28.02
2025-08-18,MNDRS,66.8,72.0,14.15,18.73,2.4,8.83,-20.71,-13.92,-0.68,-3.95,22.53,27.63,28.02
2025-08-18,MSGYO,72.0,73.6,5.6278,4.45,-0.73,8.38,4.66,1.28,-0.68,-3.95,22.53,27.63,28.02
2025-08-18,NUGYO,67.1,83.8,12.54,-8.05,-28.07,-19.06,-26.32,-26.87,-0.68,-3.95,22.53,27.63,28.02
2025-08-18,OBASE,61.6,69.3,42.26,-5.82,-16.75,-11.12,-12.68,-11.03,-0.68,-3.95,22.53,27.63,28.02
2025-08-18,OTKAR,61.5,67.7,571.0,-4.55,-19.61,-28.2,-44.57,-41.77,-0.68,-3.95,22.53,27.63,28.02
2025-08-18,OYAYO,64.9,68.6,38.92,-4.68,33.61,65.72,11.05,11.15,-0.68,-3.95,22.53,27.63,28.02
2025-08-18,OYYAT,55.4,73.9,38.8267,16.99,-2.41,49.13,-6.3,-4.29,-0.68,-3.95,22.53,27.63,28.02
2025-08-18,PAGYO,86.9,74.4,84.125,3.48,-7.75,7.86,100.42,80.8,-0.68,-3.95,22.53,27.63,28.02
2025-08-18,PAMEL,54.8,68.8,123.0,-7.56,-31.22,-29.8,-37.2,-36.91,-0.68,-3.95,22.53,27.63,28.02
2025-08-18,PCILT,65.5,75.7,19.2976,62.51,5.93,20.46,78.26,82.82,-0.68,-3.95,22.53,27.63,28.02
2025-08-18,PEKGY,72.7,91.5,9.0,-19.56,47.78,34.44,65.44,73.44,-0.68,-3.95,22.53,27.63,28.02
2025-08-18,PINSU,77.1,78.9,13.18,-5.31,-5.77,-17.0,-21.24,-20.56,-0.68,-3.95,22.53,27.63,28.02
2025-08-18,PKART,58.5,63.9,82.5,6.79,-12.3,-4.97,60.24,63.64,-0.68,-3.95,22.53,27.63,28.02
2025-08-18,POLHO,76.5,72.2,4.44,298.87,246.85,282.43,408.11,409.01,-0.68,-3.95,22.53,27.63,28.02
2025-08-18,PRKAB,56.8,72.5,36.7,-3.05,-0.05,28.88,-11.01,-11.88,-0.68,-3.95,22.53,27.63,28.02
2025-08-18,PRKME,55.4,64.0,21.46,-0.19,-20.41,-4.94,-16.36,-14.35,-0.68,-3.95,22.53,27.63,28.02
2025-08-18,RALYH,74.2,60.4,126.2,4.52,70.36,18.23,114.54,109.19,-0.68,-3.95,22.53,27.63,28.02
2025-08-18,RUZYE,71.6,73.0,11.04,4.98,26.9,10.51,-15.76,-16.3,-0.68,-3.95,22.53,27.63,28.02
2025-08-18,SAMAT,48.7,63.2,7.8475,-2.52,-21.25,-25.2,-30.93,-31.95,-0.68,-3.95,22.53,27.63,28.02
2025-08-18,SANEL,65.7,59.6,28.98,1.38,54.11,34.44,121.19,91.68,-0.68,-3.95,22.53,27.63,28.02
2025-08-18,SANKO,56.2,65.0,25.02,0.16,-14.23,-11.99,-24.94,-24.3,-0.68,-3.95,22.53,27.63,28.02
2025-08-18,SARKY,53.4,58.9,12.2575,13.75,24.07,202.36,104.94,114.73,-0.68,-3.95,22.53,27.63,28.02
2025-08-18,SASA,53.7,68.7,4.78,-14.85,-34.73,-49.37,-51.46,-50.42,-0.68,-3.95,22.53,27.63,28.02
2025-08-18,SDTTR,49.0,46.5,16.9203,16.96,-4.62,26.37,41.3,47.75,-0.68,-3.95,22.53,27.63,28.02
2025-08-18,SISE,53.4,66.6,42.547,-8.86,-15.96,6.73,-6.22,-5.89,-0.68,-3.95,22.53,27.63,28.02
2025-08-18,SKBNK,68.1,69.5,7.4823,0.13,8.51,54.39,-17.81,-16.07,-0.68,-3.95,22.53,27.63,28.02
2025-08-18,SNGYO,81.8,74.3,4.73,2.54,2.75,1.69,-32.77,-26.0,-0.68,-3.95,22.53,27.63,28.02
2025-08-18,SRVGY,48.9,60.5,3.6908,-6.6,-17.41,-12.14,-30.37,-30.37,-0.68,-3.95,22.53,27.63,28.02
2025-08-18,SUNTK,72.7,58.5,41.7669,18.99,-9.74,-6.48,-7.58,-11.7,-0.68,-3.95,22.53,27.63,28.02
2025-08-18,TABGD,71.4,76.8,213.8933,7.44,9.23,22.82,20.5,14.96,-0.68,-3.95,22.53,27.63,28.02
2025-08-18,TBORG,83.8,67.2,191.3,-6.95,-13.07,-9.62,-19.08,-16.94,-0.68,-3.95,22.53,27.63,28.02
2025-08-18,TEKTU,93.2,93.0,29.5,-34.27,-62.71,-68.81,-74.98,-73.22,-0.68,-3.95,22.53,27.63,28.02
2025-08-18,TERA,99.4,84.4,139.5,6.45,103.23,66.45,26.09,32.26,-0.68,-3.95,22.53,27.63,28.02
2025-08-18,THYAO,67.4,64.7,334.058,-4.28,-18.28,-4.06,-9.9,-8.85,-0.68,-3.95,22.53,27.63,28.02
2025-08-18,TKNSA,52.0,56.9,27.5,-3.27,-8.87,-18.47,-29.78,-29.53,-0.68,-3.95,22.53,27.63,28.02
2025-08-18,TOASO,59.1,66.7,230.1418,7.83,-6.63,34.65,22.21,17.86,-0.68,-3.95,22.53,27.63,28.02
2025-08-18,TRCAS,64.7,64.5,33.5815,0.28,10.18,44.26,40.55,40.61,-0.68,-3.95,22.53,27.63,28.02
2025-08-18,TSKB,69.7,64.2,13.6143,-2.8,-12.61,-6.8,-19.13,-18.25,-0.68,-3.95,22.53,27.63,28.02
2025-08-18,TSPOR,48.6,60.7,1.27,3.94,-0.79,-18.11,-15.75,-3.15,-0.68,-3.95,22.53,27.63,28.02
2025-08-18,TUKAS,42.5,51.0,3.24,8.02,-16.98,-16.98,-37.96,-37.04,-0.68,-3.95,22.53,27.63,28.02
2025-08-18,TURGG,68.4,77.0,46.75,-28.34,-42.59,-31.51,-41.39,-42.2,-0.68,-3.95,22.53,27.63,28.02
2025-08-18,VERTU,67.4,71.1,49.26,-11.98,-25.33,-18.39,-25.42,-27.04,-0.68,-3.95,22.53,27.63,28.02
2025-08-18,VERUS,72.4,77.9,410.0,-8.96,-58.51,-39.8,73.17,83.05,-0.68,-3.95,22.53,27.63,28.02
2025-08-18,VKFYO,59.2,71.9,24.32,1.97,-12.99,65.3,-4.36,-0.49,-0.68,-3.95,22.53,27.63,28.02
2025-08-18,YATAS,57.0,67.1,32.02,14.12,11.31,44.53,-0.87,-2.62,-0.68,-3.95,22.53,27.63,28.02
2025-08-18,YAYLA,81.1,84.1,44.02,-18.04,-32.76,-37.62,-47.07,-50.98,-0.68,-3.95,22.53,27.63,28.02
2025-08-18,YESIL,48.5,67.8,2.33,18.45,5.15,-17.17,-47.21,-47.21,-0.68,-3.95,22.53,27.63,28.02
2025-08-18,YGGYO,91.9,80.8,90.9015,18.64,40.31,60.84,148.95,148.95,-0.68,-3.95,22.53,27.63,28.02
2025-08-18,YUNSA,62.2,75.0,7.1495,9.66,20.94,26.44,19.73,15.67,-0.68,-3.95,22.53,27.63,28.02
2025-08-25,A1YEN,54.3,60.7,2.9498,-0.62,-10.07,-9.26,-5.08,-5.08,-1.21,-3.45,21.52,28.98,28.98
2025-08-25,ACSEL,56.5,63.3,126.6,-6.16,-23.03,-17.46,-3.32,-3.32,-1.21,-3.45,21.52,28.98,28.98
2025-08-25,ADEL,42.9,58.5,37.068,-12.65,-13.67,-7.95,-4.61,-4.61,-1.21,-3.45,21.52,28.98,28.98
2025-08-25,ADESE,94.5,98.3,3.718,-14.42,-62.08,-70.95,-76.87,-76.87,-1.21,-3.45,21.52,28.98,28.98
2025-08-25,AKSA,58.3,57.8,10.0384,6.33,-3.97,-3.78,9.58,9.58,-1.21,-3.45,21.52,28.98,28.98
2025-08-25,ARSAN,69.3,71.4,2.92,1.71,-3.77,34.25,44.18,44.18,-1.21,-3.45,21.52,28.98,28.98
2025-08-25,ATATP,62.4,74.2,126.0897,29.7,18.17,16.11,152.2,152.2,-1.21,-3.45,21.52,28.98,28.98
2025-08-25,ATLAS,59.7,65.8,6.5667,3.03,-15.15,23.35,-1.93,-1.93,-1.21,-3.45,21.52,28.98,28.98
2025-08-25,BAGFS,65.5,67.2,38.18,-10.53,-29.28,-10.42,-29.75,-29.75,-1.21,-3.45,21.52,28.98,28.98
2025-08-25,BASCM,70.9,69.8,18.33,-10.53,-21.22,-21.55,-21.28,-21.28,-1.21,-3.45,21.52,28.98,28.98
2025-08-25,BEYAZ,60.9,65.5,27.6616,24.84,-10.67,5.15,-15.62,-15.62,-1.21,-3.45,21.52,28.98,28.98
2025-08-25,BIGTK,77.5,77.4,528.0,-37.69,-39.58,-49.43,-30.82,-30.82,-1.21,-3.45,21.52,28.98,28.98
2025-08-25,BIOEN,60.4,57.0,22.84,14.89,-12.65,-28.63,-13.57,-13.57,-1.21,-3.45,21.52,28.98,28.98
2025-08-25,BJKAS,36.7,36.7,2.28,-6.58,-24.56,-32.89,22.37,22.37,-1.21,-3.45,21.52,28.98,28.98
2025-08-25,BLCYT,60.3,65.6,21.68,6.0,50.0,75.18,-0.83,-0.83,-1.21,-3.45,21.52,28.98,28.98
2025-08-25,BMSTL,79.3,72.2,32.75,6.56,65.65,13.59,35.15,35.15,-1.21,-3.45,21.52,28.98,28.98
2025-08-25,BRKVY,58.2,66.4,85.5644,-2.09,-1.4,4.88,-1.42,-1.42,-1.21,-3.45,21.52,28.98,28.98
2025-08-25,BRMEN,82.0,85.5,16.85,-25.82,3.86,-49.85,-13.83,-13.83,-1.21,-3.45,21.52,28.98,28.98
2025-08-25,BRYAT,63.0,76.3,2595.9561,-16.3,-19.39,-18.43,-34.21,-34.21,-1.21,-3.45,21.52,28.98,28.98
2025-08-25,CEMTS,56.3,60.1,12.5164,-13.27,-16.37,-14.82,-28.57,-28.57,-1.21,-3.45,21.52,28.98,28.98
2025-08-25,CRDFA,78.8,80.3,7.32,14.75,164.8,241.53,259.29,259.29,-1.21,-3.45,21.52,28.98,28.98
2025-08-25,CUSAN,67.1,79.7,34.18,-6.55,-36.28,-33.24,-30.6,-30.6,-1.21,-3.45,21.52,28.98,28.98
2025-08-25,CVKMD,64.3,65.3,14.74,4.82,15.94,119.0,6.51,6.51,-1.21,-3.45,21.52,28.98,28.98
2025-08-25,DAGI,71.3,69.7,8.05,3.85,-1.61,-24.47,36.15,36.15,-1.21,-3.45,21.52,28.98,28.98
2025-08-25,DAPGM,82.0,86.5,17.3,-13.87,-33.64,-33.82,-51.39,-51.39,-1.21,-3.45,21.52,28.98,28.98
2025-08-25,DOCO,77.6,75.6,10922.4824,-2.49,-14.39,2.61,6.43,6.43,-1.21,-3.45,21.52,28.98,28.98
2025-08-25,EGGUB,79.4,73.5,113.7,9.94,-16.31,-20.18,-2.02,-2.02,-1.21,-3.45,21.52,28.98,28.98
2025-08-25,EKIZ,67.7,69.1,79.7,25.41,7.9,55.46,-24.15,-24.15,-1.21,-3.45,21.52,28.98,28.98
2025-08-25,ENSRI,89.1,94.9,20.1084,2.77,-17.13,45.41,-69.47,-69.47,-1.21,-3.45,21.52,28.98,28.98
2025-08-25,EPLAS,59.8,69.3,7.19,-5.42,-27.4,-14.33,-15.02,-15.02,-1.21,-3.45,21.52,28.98,28.98
2025-08-25,ERBOS,53.6,63.1,187.8,2.24,-3.89,-5.54,-18.64,-18.64,-1.21,-3.45,21.52,28.98,28.98
2025-08-25,EREGL,67.4,71.4,29.4594,1.54,-20.09,9.38,31.64,31.64,-1.21,-3.45,21.52,28.98,28.98
2025-08-25,EUREN,47.9,71.2,8.85,10.85,-30.62,-43.16,-55.93,-55.93,-1.21,-3.45,21.52,28.98,28.98
2025-08-25,FMIZP,63.5,62.9,344.442,-6.21,-10.79,-14.29,-13.12,-13.12,-1.21,-3.45,21.52,28.98,28.98
2025-08-25,FRIGO,55.6,59.9,1.4851,22.9,25.62,104.63,77.76,77.76,-1.21,-3.45,21.52,28.98,28.98
2025-08-25,GARFA,60.6,61.5,29.0,1.17,-16.55,-5.66,-6.9,-6.9,-1.21,-3.45,21.52,28.98,28.98
2025-08-25,GLCVY,75.7,71.2,69.8316,-13.82,3.78,-0.48,-23.96,-23.96,-1.21,-3.45,21.52,28.98,28.98
2025-08-25,GOODY,54.0,61.8,3.3821,1.52,-22.9,-19.8,-22.53,-22.53,-1.21,-3.45,21.52,28.98,28.98
2025-08-25,GRNYO,73.4,83.0,13.88,0.36,-5.48,18.16,-1.37,-1.37,-1.21,-3.45,21.52,28.98,28.98
2025-08-25,GRSEL,88.3,67.6,332.9749,3.66,-7.32,8.3,-4.57,-4.57,-1.21,-3.45,21.52,28.98,28.98
2025-08-25,GSDDE,62.3,65.1,10.3,-1.84,-10.39,-2.04,39.42,39.42,-1.21,-3.45,21.52,28.98,28.98
2025-08-25,GSDHO,64.5,72.6,5.16,-6.2,-16.86,-11.24,-5.04,-5.04,-1.21,-3.45,21.52,28.98,28.98
2025-08-25,GZNMI,95.2,79.6,289.5,-0.78,-76.42,-80.88,-80.5,-80.5,-1.21,-3.45,21.52,28.98,28.98
2025-08-25,HDFGS,64.0,72.7,2.47,14.57,26.72,40.08,4.86,4.86,-1.21,-3.45,21.52,28.98,28.98
2025-08-25,HEDEF,87.5,82.6,12.483,159.97,164.45,444.51,692.28,692.28,-1.21,-3.45,21.52,28.98,28.98
2025-08-25,HTTBT,66.5,69.7,51.65,-5.83,-9.27,-19.19,-28.56,-28.56,-1.21,-3.45,21.52,28.98,28.98
2025-08-25,ICBCT,59.5,60.0,16.02,9.99,-16.54,-12.92,26.34,26.34,-1.21,-3.45,21.52,28.98,28.98
2025-08-25,IHLAS,71.7,75.0,4.3,-12.56,-24.88,-50.7,-75.35,-75.35,-1.21,-3.45,21.52,28.98,28.98
2025-08-25,INDES,57.8,64.1,7.9942,4.79,-11.29,-2.94,50.11,50.11,-1.21,-3.45,21.52,28.98,28.98
2025-08-25,ISGSY,83.5,90.3,16.7801,-8.82,-28.18,-4.46,1.01,1.01,-1.21,-3.45,21.52,28.98,28.98
2025-08-25,ISMEN,63.9,62.3,40.4011,0.78,-8.39,10.46,-17.43,-17.43,-1.21,-3.45,21.52,28.98,28.98
2025-08-25,IZENR,61.3,72.5,8.89,15.86,9.45,6.3,-6.52,-6.52,-1.21,-3.45,21.52,28.98,28.98
2025-08-25,KAREL,50.9,61.8,10.26,-9.84,-14.62,-7.5,-14.33,-14.33,-1.21,-3.45,21.52,28.98,28.98
2025-08-25,KLKIM,66.7,68.0,36.261,-3.58,-17.5,8.34,-21.79,-21.79,-1.21,-3.45,21.52,28.98,28.98
2025-08-25,KLMSN,65.2,78.3,34.86,36.95,-14.29,-3.9,-17.84,-17.84,-1.21,-3.45,21.52,28.98,28.98
2025-08-25,KONKA,54.3,70.1,14.5533,12.28,-7.1,-1.4,-21.8,-21.8,-1.21,-3.45,21.52,28.98,28.98
2025-08-25,KRDMB,66.4,64.0,29.12,-4.95,-25.0,23.49,357.07,357.07,-1.21,-3.45,21.52,28.98,28.98
2025-08-25,KRONT,66.7,74.0,16.15,13.68,-16.1,-6.19,56.04,56.04,-1.21,-3.45,21.52,28.98,28.98
2025-08-25,KRTEK,53.9,55.9,30.12,16.2,-16.87,-8.7,-82.2,-82.2,-1.21,-3.45,21.52,28.98,28.98
2025-08-25,KUVVA,71.5,71.0,104.0,25.0,45.19,0.87,73.94,73.94,-1.21,-3.45,21.52,28.98,28.98
2025-08-25,LKMNH,66.6,68.1,20.2753,-13.11,-27.15,-18.23,-32.53,-32.53,-1.21,-3.45,21.52,28.98,28.98
2025-08-25,LOGO,77.5,71.9,175.8066,-6.8,-16.34,-24.12,-22.47,-22.47,-1.21,-3.45,21.52,28.98,28.98
2025-08-25,LUKSK,64.3,71.4,112.7,9.94,-5.41,-11.36,-23.91,-23.91,-1.21,-3.45,21.52,28.98,28.98
2025-08-25,MAALT,67.0,78.0,1291.0,-14.18,-29.51,-28.66,-21.92,-21.92,-1.21,-3.45,21.52,28.98,28.98
2025-08-25,MAGEN,80.8,83.6,20.34,15.04,54.77,144.64,67.35,67.35,-1.21,-3.45,21.52,28.98,28.98
2025-08-25,MAKTK,82.8,73.9,18.96,0.53,-32.07,-23.58,-47.05,-47.05,-1.21,-3.45,21.52,28.98,28.98
2025-08-25,MARTI,59.2,71.5,4.28,-10.05,-35.28,-66.82,-66.36,-66.36,-1.21,-3.45,21.52,28.98,28.98
2025-08-25,MAVI,61.3,64.6,42.9994,-14.73,-15.58,1.61,-10.79,-10.79,-1.21,-3.45,21.52,28.98,28.98
2025-08-25,METRO,71.0,75.9,4.5,-10.44,4.22,12.89,96.22,96.22,-1.21,-3.45,21.52,28.98,28.98
2025-08-25,MNDRS,66.8,76.0,15.2,13.82,-11.84,-0.99,-19.87,-19.87,-1.21,-3.45,21.52,28.98,28.98
2025-08-25,MSGYO,72.0,75.0,5.8132,-3.51,-8.97,-0.47,-1.95,-1.95,-1.21,-3.45,21.52,28.98,28.98
2025-08-25,OBASE,61.6,70.2,43.0,-13.12,-21.16,-19.07,-12.56,-12.56,-1.21,-3.45,21.52,28.98,28.98
2025-08-25,OYAYO,64.9,69.2,39.42,-8.68,32.93,50.94,9.74,9.74,-1.21,-3.45,21.52,28.98,28.98
2025-08-25,PAMEL,54.8,71.3,129.0,-11.24,-37.13,-35.78,-39.84,-39.84,-1.21,-3.45,21.52,28.98,28.98
2025-08-25,PCILT,65.5,78.5,20.5901,51.79,-2.43,16.84,71.34,71.34,-1.21,-3.45,21.52,28.98,28.98
2025-08-25,PLTUR,61.1,55.0,26.7238,-9.14,-27.22,-19.16,-20.07,-20.07,-1.21,-3.45,21.52,28.98,28.98
2025-08-25,PNSUT,65.3,73.7,13.0,3.69,-17.08,-14.46,-11.77,-11.77,-1.21,-3.45,21.52,28.98,28.98
2025-08-25,POLHO,76.5,74.6,4.62,314.07,249.35,247.19,389.18,389.18,-1.21,-3.45,21.52,28.98,28.98
2025-08-25,RALYH,74.2,62.3,130.9,18.87,61.8,19.56,101.68,101.68,-1.21,-3.45,21.52,28.98,28.98
2025-08-25,SANEL,65.7,65.1,31.5,-0.7,14.92,15.37,76.35,76.35,-1.21,-3.45,21.52,28.98,28.98
2025-08-25,SARKY,53.4,64.6,12.9813,13.95,13.95,182.3,102.75,102.75,-1.21,-3.45,21.52,28.98,28.98
2025-08-25,SDTTR,49.0,55.7,18.8367,3.95,-15.87,16.46,32.72,32.72,-1.21,-3.45,21.52,28.98,28.98
2025-08-25,SKBNK,68.1,72.4,7.9997,-13.43,0.62,51.74,-21.5,-21.5,-1.21,-3.45,21.52,28.98,28.98
2025-08-25,SNGYO,81.8,76.6,4.9,-6.33,-2.86,-7.76,-28.57,-28.57,-1.21,-3.45,21.52,28.98,28.98
2025-08-25,SONME,68.4,58.1,129.7,5.78,4.93,18.74,9.79,9.79,-1.21,-3.45,21.52,28.98,28.98
2025-08-25,SUNTK,72.7,61.5,44.2421,7.97,-20.44,-16.78,-16.64,-16.64,-1.21,-3.45,21.52,28.98,28.98
2025-08-25,TEHOL,86.0,75.1,28.64,36.17,-3.98,-50.7,17.67,17.67,-1.21,-3.45,21.52,28.98,28.98
2025-08-25,TERA,99.4,86.3,155.25,-4.49,67.15,70.05,18.84,18.84,-1.21,-3.45,21.52,28.98,28.98
2025-08-25,TGSAS,87.7,84.5,211.7853,-10.66,-19.75,-14.66,14.22,14.22,-1.21,-3.45,21.52,28.98,28.98
2025-08-25,TKNSA,52.0,59.1,28.42,-11.12,-17.59,-20.48,-31.81,-31.81,-1.21,-3.45,21.52,28.98,28.98
2025-08-25,TMPOL,66.0,67.0,113.1,35.63,205.04,327.06,313.79,313.79,-1.21,-3.45,21.52,28.98,28.98
2025-08-25,TOASO,59.1,67.9,234.1178,2.6,-8.17,27.07,15.86,15.86,-1.21,-3.45,21.52,28.98,28.98
2025-08-25,TSKB,69.7,65.6,13.8432,-8.34,-11.37,-10.54,-19.6,-19.6,-1.21,-3.45,21.52,28.98,28.98
2025-08-25,TUKAS,42.5,55.2,3.51,-16.81,-27.64,-30.77,-41.88,-41.88,-1.21,-3.45,21.52,28.98,28.98
2025-08-25,ULUFA,70.8,66.1,1.9359,-12.53,-6.96,-8.12,-12.7,-12.7,-1.21,-3.45,21.52,28.98,28.98
2025-08-25,VERTU,67.4,79.0,59.9,-28.05,-40.23,-35.79,-40.0,-40.0,-1.21,-3.45,21.52,28.98,28.98
2025-08-25,VERUS,72.4,82.2,457.5,-26.83,-57.27,-47.37,64.04,64.04,-1.21,-3.45,21.52,28.98,28.98
2025-08-25,YESIL,48.5,70.4,2.46,1.63,-9.35,-23.98,-50.0,-50.0,-1.21,-3.45,21.52,28.98,28.98
2025-08-25,YGGYO,91.9,82.4,93.2336,32.72,31.29,48.85,142.72,142.72,-1.21,-3.45,21.52,28.98,28.98
2025-08-25,YUNSA,62.2,83.7,8.7329,-16.26,-8.35,-1.1,-5.3,-5.3,-1.21,-3.45,21.52,28.98,28.98
