kod,son_fiyat,son_fiyat_zaman_utc,piyasa_degeri,t1,k1,t2,k2
A1CAP,4.4,2026-10-06T13:39:56.308Z,2970000000.00,2025-09-30T21:00:00.000Z,11.26,2026-09-20T21:00:00.000Z,4.71
A1YEN,1.76,2026-10-06T13:39:10.262Z,1056000000.00,2025-09-30T21:00:00.000Z,30.76,2026-09-20T21:00:00.000Z,1.76
AAGYO,8.86,2026-10-06T13:39:57.815Z,6210860000.00,,,2026-09-20T21:00:00.000Z,8.47
ACSEL,88.35,2026-10-06T13:39:46.962Z,947262195.00,2025-09-30T21:00:00.000Z,111.9,2026-09-20T21:00:00.000Z,92.5
ADEL,24.64,2026-10-06T13:37:36.635Z,6403320000.00,2025-09-30T21:00:00.000Z,31.42,2026-09-20T21:00:00.000Z,27.58
ADESE,0.63,2026-10-06T13:39:57.555Z,3175200000.00,2025-09-30T21:00:00.000Z,3.31,2026-09-20T21:00:00.000Z,0.72
ADGYO,45.78,2026-10-06T13:39:55.450Z,24989215988.52,2025-09-30T21:00:00.000Z,49.84,2026-09-20T21:00:00.000Z,49.38
AEFES,18.72,2026-10-06T13:39:59.531Z,110842105233.60,2025-09-30T21:00:00.000Z,14.04,2026-09-20T21:00:00.000Z,19.2
AFYON,11.27,2026-10-06T13:39:30.425Z,4508000000.00,2025-09-30T21:00:00.000Z,11.926549423893269,2026-09-20T21:00:00.000Z,11.3
AGESA,235.8,2026-10-06T13:39:50.698Z,42444000000.00,2025-09-30T21:00:00.000Z,176.4617788223129,2026-09-20T21:00:00.000Z,242
AGHOL,32.22,2026-10-06T13:38:40.814Z,78466821667.38,2025-09-30T21:00:00.000Z,26.4,2026-09-20T21:00:00.000Z,34.02
AGROT,1.39,2026-10-06T13:39:40.228Z,3336000000.00,2025-09-30T21:00:00.000Z,3.94,2026-09-20T21:00:00.000Z,1.58
AGYO,6.67,2026-10-06T13:12:59.335Z,1756477800.00,2025-09-30T21:00:00.000Z,7.71,2026-09-20T21:00:00.000Z,7.22
AHGAZ,47.14,2026-10-06T13:39:55.658Z,122564000000.00,2025-09-30T21:00:00.000Z,29.12,2026-09-20T21:00:00.000Z,41.6
AHSGY,6.66,2026-10-06T13:39:43.393Z,4805190000.00,2025-09-30T21:00:00.000Z,11.35,2026-09-20T21:00:00.000Z,12.22
AKBNK,69.2,2026-10-06T13:40:00.076Z,359840000000.00,2025-09-30T21:00:00.000Z,62.25471579689704,2026-09-20T21:00:00.000Z,72.45
AKCNS,207.3,2026-10-06T13:39:57.714Z,39686977196.40,2025-09-30T21:00:00.000Z,136.4,2026-09-20T21:00:00.000Z,195.1
AKENR,8.08,2026-10-06T13:39:34.740Z,5891645120.00,2025-09-30T21:00:00.000Z,10.71,2026-09-20T21:00:00.000Z,9.06
AKFGY,2.52,2026-10-06T13:39:52.034Z,9828000000.00,2025-09-30T21:00:00.000Z,2.69,2026-09-20T21:00:00.000Z,2.4
AKFIS,17.39,2026-10-06T13:39:42.145Z,66421182698.52,2025-09-30T21:00:00.000Z,22.92,2026-09-20T21:00:00.000Z,14.3
AKFYE,3.6,2026-10-06T13:39:57.486Z,25854388833.60,2025-09-30T21:00:00.000Z,16.82,2026-09-20T21:00:00.000Z,3.49
AKGRT,5.19,2026-10-06T13:39:50.501Z,8366280000.00,2025-09-30T21:00:00.000Z,6.17,2026-09-20T21:00:00.000Z,5.48
AKHAN,28.42,2026-10-06T13:39:44.448Z,7768607000.00,,,2026-09-20T21:00:00.000Z,27.18
AKMGY,212.8,2026-10-06T13:39:34.214Z,7929779200.00,2025-09-30T21:00:00.000Z,242.2,2026-09-20T21:00:00.000Z,228.5
AKSA,10.43,2026-10-06T13:39:57.840Z,40520550000.00,2025-09-30T21:00:00.000Z,10.911297440423652,2026-09-20T21:00:00.000Z,10.75
AKSEN,71.95,2026-10-06T13:39:42.864Z,88235036080.20,2025-09-30T21:00:00.000Z,38.62,2026-09-20T21:00:00.000Z,67.2
AKSGY,9.48,2026-10-06T13:37:41.607Z,22894200000.00,2025-09-30T21:00:00.000Z,8.11,2026-09-20T21:00:00.000Z,9.49
AKSUE,16.93,2026-10-06T13:39:59.899Z,1117380000.00,2025-09-30T21:00:00.000Z,18.02,2026-09-20T21:00:00.000Z,17.22
AKYHO,1.58,2026-10-06T13:34:57.789Z,392140200.00,2025-09-30T21:00:00.000Z,3.43,2026-09-20T21:00:00.000Z,1.7
ALARK,105.2,2026-10-06T13:38:52.688Z,43868400000.00,2025-09-30T21:00:00.000Z,82.8,2026-09-20T21:00:00.000Z,107.4
ALBRK,8.78,2026-10-06T13:39:29.096Z,21950000000.00,2025-09-30T21:00:00.000Z,8.37,2026-09-20T21:00:00.000Z,8.53
ALBTN,23.32,2026-10-06T13:39:59.672Z,5830000000.00,,,2026-09-20T21:00:00.000Z,24.26
ALCAR,601.5,2026-10-06T13:36:51.852Z,6496200000.00,2025-09-30T21:00:00.000Z,994.5,2026-09-20T21:00:00.000Z,649
ALCTL,83.6,2026-10-06T13:38:53.168Z,3235384539.20,2025-09-30T21:00:00.000Z,122.4,2026-09-20T21:00:00.000Z,90.05
ALFAS,30.16,2026-10-06T13:39:53.516Z,11098880000.00,2025-09-30T21:00:00.000Z,45.9,2026-09-20T21:00:00.000Z,33.04
ALGYO,3.05,2026-10-06T13:38:05.484Z,6187230000.00,2025-09-30T21:00:00.000Z,2.98,2026-09-20T21:00:00.000Z,3.11
ALKA,6.17,2026-10-06T13:36:40.678Z,4534950000.00,2025-09-30T21:00:00.000Z,13.96,2026-09-20T21:00:00.000Z,6.79
ALKIM,12.02,2026-10-06T13:39:37.532Z,3606000000.00,2025-09-30T21:00:00.000Z,21.7,2026-09-20T21:00:00.000Z,13.24
ALKLC,107.5,2026-10-06T13:36:03.968Z,12040000000.00,2025-09-30T21:00:00.000Z,89.14,2026-09-20T21:00:00.000Z,341.5
ALMAD,7.25,2025-03-28T15:10:00.481Z,,,,,
ALTNY,12.98,2026-10-06T13:39:57.086Z,12980000000.00,2025-09-30T21:00:00.000Z,17.29,2026-09-20T21:00:00.000Z,13.84
ALVES,0.61,2026-10-06T10:55:06.304Z,976000000.00,2025-09-30T21:00:00.000Z,3,2026-09-20T21:00:00.000Z,0.62
ANELE,29.76,2026-10-06T13:31:18.562Z,7886400000.00,2025-09-30T21:00:00.000Z,18.5,2026-09-20T21:00:00.000Z,94.6
ANGEN,8.09,2026-10-06T13:39:57.840Z,1779800000.00,2025-09-30T21:00:00.000Z,12.2,2026-09-20T21:00:00.000Z,7.38
ANHYT,100.4,2026-10-06T13:39:49.416Z,43172000000.00,2025-09-30T21:00:00.000Z,85.6652767270936,2026-09-20T21:00:00.000Z,103.3
ANSGR,24.28,2026-10-06T13:39:27.000Z,48560000000.00,2025-09-30T21:00:00.000Z,20.510491562729275,2026-09-20T21:00:00.000Z,26.98
ARASE,96.75,2026-10-06T13:37:38.919Z,24187500000.00,2025-09-30T21:00:00.000Z,56.1,2026-09-20T21:00:00.000Z,104.6
ARCLK,81.5,2026-10-06T13:39:43.444Z,55071848707.50,2025-09-30T21:00:00.000Z,121.6,2026-09-20T21:00:00.000Z,86.9
ARDYZ,67.3,2026-10-06T13:39:55.755Z,21689045920.50,2025-09-30T21:00:00.000Z,26.11,2026-09-20T21:00:00.000Z,62
ARENA,15.4,2026-10-06T13:39:44.665Z,1540000000.00,2025-09-30T21:00:00.000Z,30.86,2026-09-20T21:00:00.000Z,16.42
ARFYE,13.3,2026-10-06T13:39:52.961Z,2431737433.30,,,2026-09-20T21:00:00.000Z,14.37
ARMGD,127.1,2026-10-06T13:39:56.830Z,33551965145.30,2025-09-30T21:00:00.000Z,34.8,2026-09-20T21:00:00.000Z,149.8
ARSAN,3.63,2026-10-06T13:40:00.934Z,6396060000.00,2025-09-30T21:00:00.000Z,2.9,2026-09-20T21:00:00.000Z,3.43
ARTMS,33.5,2026-10-06T13:38:56.233Z,2345000000.00,2025-09-30T21:00:00.000Z,35.62,2026-09-20T21:00:00.000Z,34
ARZUM,1.19,2026-10-06T13:39:13.786Z,714000000.00,2025-09-30T21:00:00.000Z,2.93,2026-09-20T21:00:00.000Z,1.27
ASELS,370,2026-10-06T13:40:01.084Z,1687200000000.00,2025-09-30T21:00:00.000Z,218.1,2026-09-20T21:00:00.000Z,378
ASGYO,9.92,2026-10-06T13:39:43.463Z,6537280000.00,2025-09-30T21:00:00.000Z,12.930359582559243,2026-09-20T21:00:00.000Z,9.81
ASTOR,195,2026-10-06T13:40:01.009Z,194610000000.00,2025-09-30T21:00:00.000Z,99.55,2026-09-20T21:00:00.000Z,261.75
ASUZU,42.5,2026-10-06T13:39:49.217Z,10710000000.00,2025-09-30T21:00:00.000Z,57.5,2026-09-20T21:00:00.000Z,44.02
ATAGY,8.6,2026-10-06T13:23:55.668Z,408500000.00,2025-09-30T21:00:00.000Z,14.6,2026-09-20T21:00:00.000Z,8.94
ATAKP,32.64,2026-10-06T13:39:25.950Z,4529387520.00,2025-09-30T21:00:00.000Z,52.4,2026-09-20T21:00:00.000Z,34.88
ATATP,240.8,2026-10-06T13:39:29.308Z,22575000000.00,2025-09-30T21:00:00.000Z,177.1,2026-09-20T21:00:00.000Z,244.5
ATATR,5.73,2026-10-06T13:39:43.063Z,4600306949.70,,,2026-09-20T21:00:00.000Z,8.34
ATEKS,89,2026-10-06T10:55:06.304Z,2242800000.00,2025-09-30T21:00:00.000Z,81,2026-09-20T21:00:00.000Z,83.9
ATLAS,5.33,2026-10-06T13:39:27.283Z,319800000.00,2025-09-30T21:00:00.000Z,6.67,2026-09-20T21:00:00.000Z,6.04
ATSYH,89.85,2026-10-06T10:55:06.304Z,718800000.00,2025-09-30T21:00:00.000Z,68,2026-09-20T21:00:00.000Z,91.55
AVGYO,16.73,2026-10-06T13:39:28.846Z,1867068000.00,2025-09-30T21:00:00.000Z,13.64,2026-09-20T21:00:00.000Z,15.18
AVHOL,26.66,2026-10-06T13:40:00.352Z,993085000.00,2025-09-30T21:00:00.000Z,46.18,2026-09-20T21:00:00.000Z,26.7
AVOD,2.93,2026-10-06T13:40:00.270Z,791100000.00,2025-09-30T21:00:00.000Z,5.27,2026-09-20T21:00:00.000Z,3.36
AVPGY,52.1,2026-10-06T13:33:59.560Z,20840000000.00,2025-09-30T21:00:00.000Z,58.06,2026-09-20T21:00:00.000Z,54
AVTUR,9.4,2026-10-06T13:39:27.583Z,423000000.00,2025-09-30T21:00:00.000Z,15.3,2026-09-20T21:00:00.000Z,9.98
AYCES,366,2026-10-06T13:35:45.539Z,9150000000.00,2025-09-30T21:00:00.000Z,454.5,2026-09-20T21:00:00.000Z,405.75
AYDEM,24.38,2026-10-06T13:39:46.681Z,17187900000.00,2025-09-30T21:00:00.000Z,18.4,2026-09-20T21:00:00.000Z,22.94
AYEN,25.9,2026-10-06T13:39:11.596Z,7187250000.00,2025-09-30T21:00:00.000Z,28.32,2026-09-20T21:00:00.000Z,27.48
AYES,8,2026-10-06T10:55:06.304Z,4000000000.00,2025-09-30T21:00:00.000Z,13.95,2026-09-20T21:00:00.000Z,23.1
AYGAZ,285.5,2026-10-06T13:39:52.288Z,62753118978.50,2025-09-30T21:00:00.000Z,176.7067044381492,2026-09-20T21:00:00.000Z,311.5
AZTEK,3.21,2026-10-06T13:39:11.067Z,3210000000.00,2025-09-30T21:00:00.000Z,5.4,2026-09-20T21:00:00.000Z,4
BAGFS,22.6,2026-10-06T13:39:28.819Z,3051000000.00,2025-09-30T21:00:00.000Z,32.38,2026-09-20T21:00:00.000Z,23.56
BAHKM,188.2,2026-10-06T13:39:49.517Z,10351000000.00,2025-09-30T21:00:00.000Z,50.2,2026-09-20T21:00:00.000Z,186.7
BAKAB,31.26,2026-10-06T13:39:54.725Z,2250720000.00,2025-09-30T21:00:00.000Z,38.66,2026-09-20T21:00:00.000Z,33.1
BALAT,59.6,2026-10-06T10:55:06.304Z,827157765.60,2025-09-30T21:00:00.000Z,69.5,2026-09-20T21:00:00.000Z,59.4
BALSU,8.78,2026-10-06T13:39:40.328Z,9763360000.00,2025-09-30T21:00:00.000Z,23.45,2026-09-20T21:00:00.000Z,6.88
BANVT,131.7,2026-10-06T13:39:17.126Z,13173105354.30,2025-09-30T21:00:00.000Z,185,2026-09-20T21:00:00.000Z,137.7
BARMA,5.7,2026-10-06T10:55:06.304Z,1496250000.00,2025-09-30T21:00:00.000Z,21.18,2026-09-20T21:00:00.000Z,6.67
BASCM,11.92,2026-10-06T10:55:06.304Z,7867200000.00,2025-09-30T21:00:00.000Z,15.96,2026-09-20T21:00:00.000Z,10.75
BASGZ,40.84,2026-10-06T13:39:45.957Z,28588000000.00,2025-09-30T21:00:00.000Z,38.5,2026-09-20T21:00:00.000Z,41.66
BAYRK,2.72,2026-10-06T13:39:43.553Z,679999978.24,2025-09-30T21:00:00.000Z,7.55,2026-09-20T21:00:00.000Z,3.26
BEGYO,2.6,2026-10-06T13:39:36.165Z,2119000000.00,2025-09-30T21:00:00.000Z,5.79,2026-09-20T21:00:00.000Z,2.73
BERA,12.11,2026-10-06T13:39:40.201Z,8273552000.00,2025-09-30T21:00:00.000Z,16.82,2026-09-20T21:00:00.000Z,11.91
BESLR,10.97,2026-10-06T13:39:09.387Z,7262140000.00,2025-09-30T21:00:00.000Z,13.69,2026-09-20T21:00:00.000Z,11.57
BESTE,21.2,2026-10-06T13:39:46.933Z,3989946000.00,,,2026-09-20T21:00:00.000Z,24.2
BETAE,59.2,2026-10-06T13:39:57.916Z,23976000000.00,,,2026-09-20T21:00:00.000Z,61.2
BEYAZ,17.33,2026-10-06T13:39:26.528Z,1727584375.00,2025-09-30T21:00:00.000Z,33.12,2026-09-20T21:00:00.000Z,19.38
BFREN,108.8,2026-10-06T13:39:32.623Z,13330481292.80,2025-09-30T21:00:00.000Z,182,2026-09-20T21:00:00.000Z,113
BIENY,14.64,2026-10-06T13:38:55.053Z,5285040000.00,2025-09-30T21:00:00.000Z,41.96,2026-09-20T21:00:00.000Z,16.73
BIGCH,3.83,2026-10-06T13:38:30.968Z,2049050000.00,2025-09-30T21:00:00.000Z,12.159999999999998,2026-09-20T21:00:00.000Z,4.13
BIGEN,32.44,2026-10-06T13:35:26.513Z,18717880000.00,2025-09-30T21:00:00.000Z,11.71,2026-09-20T21:00:00.000Z,103.1
BIGTK,63.35,2026-10-06T13:39:02.193Z,2141973158.85,2025-09-30T21:00:00.000Z,343.5,2026-09-20T21:00:00.000Z,201.3
BIMAS,408.5,2026-10-06T13:40:00.380Z,490200000000.00,2025-09-30T21:00:00.000Z,562.49,2026-09-20T21:00:00.000Z,433
BINBN,47.04,2026-10-06T13:39:56.934Z,5268480000.00,2025-09-30T21:00:00.000Z,140.5,2026-09-20T21:00:00.000Z,122.3
BINHO,6.17,2026-10-06T13:40:00.174Z,7960225500.00,2025-09-30T21:00:00.000Z,10.74,2026-09-20T21:00:00.000Z,6.35
BIOEN,10.21,2026-10-06T13:39:47.238Z,5105000000.00,2025-09-30T21:00:00.000Z,26.3,2026-09-20T21:00:00.000Z,12.99
BIZIM,19.41,2026-10-06T13:39:24.060Z,1562040596.34,2025-09-30T21:00:00.000Z,27.26,2026-09-20T21:00:00.000Z,21.04
BJKAS,1.58,2026-10-06T13:39:50.784Z,6896019339.16,2025-09-30T21:00:00.000Z,2.1,2026-09-20T21:00:00.000Z,1.73
BKRGY,5.54,2026-10-06T13:39:58.367Z,3700720000.00,,,2026-09-20T21:00:00.000Z,6.48
BLCYT,1.79,2026-10-06T13:39:02.798Z,1790000000.00,2025-09-30T21:00:00.000Z,26.5,2026-09-20T21:00:00.000Z,1.66
BLUME,34.02,2026-10-06T13:39:29.550Z,5943642875.10,2025-09-30T21:00:00.000Z,63,2026-09-20T21:00:00.000Z,32.42
BMSCH,9.09,2026-10-06T13:39:57.259Z,909000000.00,2025-09-30T21:00:00.000Z,14.84,2026-09-20T21:00:00.000Z,9.21
BMSTL,37.8,2026-10-06T13:40:00.753Z,11340000000.00,2025-09-30T21:00:00.000Z,68.35,2026-09-20T21:00:00.000Z,45.1
BNTAS,5.54,2026-10-06T13:35:38.234Z,1339987500.00,2025-09-30T21:00:00.000Z,6.92,2026-09-20T21:00:00.000Z,5.38
BOBET,15.95,2026-10-06T13:39:05.940Z,6061000000.00,2025-09-30T21:00:00.000Z,19.77,2026-09-20T21:00:00.000Z,16.9
BORLS,1.63,2026-10-06T13:39:31.433Z,1141000000.00,2025-09-30T21:00:00.000Z,24.5,2026-09-20T21:00:00.000Z,2.15
BORSK,5.48,2026-10-06T13:38:16.610Z,5260800000.00,2025-09-30T21:00:00.000Z,5.71,2026-09-20T21:00:00.000Z,5.55
BOSSA,5.81,2026-10-06T13:37:43.612Z,7553000000.00,2025-09-30T21:00:00.000Z,6.92,2026-09-20T21:00:00.000Z,6.96
BRISA,72.2,2026-10-06T13:38:41.694Z,22029438375.00,2025-09-30T21:00:00.000Z,83.8,2026-09-20T21:00:00.000Z,71.25
BRKO,6.73,2026-10-06T10:55:06.304Z,942200000.00,2025-09-30T21:00:00.000Z,9.15,2026-09-20T21:00:00.000Z,7.49
BRKSN,6.19,2026-10-06T13:37:18.420Z,579384000.00,2025-09-30T21:00:00.000Z,9.09,2026-09-20T21:00:00.000Z,6.62
BRKVY,53.2,2026-10-06T13:37:31.885Z,2979200000.00,2025-09-30T21:00:00.000Z,81.85,2026-09-20T21:00:00.000Z,61
BRLSM,10.58,2026-10-06T13:39:43.388Z,2369920000.00,2025-09-30T21:00:00.000Z,14.87,2026-09-20T21:00:00.000Z,13.66
BRMEN,8.25,2026-10-06T10:55:06.304Z,736345846.50,2025-09-30T21:00:00.000Z,6.9,2026-09-20T21:00:00.000Z,7.94
BRSAN,681.5,2026-10-06T13:39:33.131Z,96617333133.00,2025-09-30T21:00:00.000Z,425,2026-09-20T21:00:00.000Z,659
BRYAT,1475,2026-10-06T13:39:53.963Z,41484375000.00,2025-09-30T21:00:00.000Z,2295,2026-09-20T21:00:00.000Z,1532
BSOKE,5.58,2026-10-06T13:39:49.798Z,8928000000.00,2025-09-30T21:00:00.000Z,15.92,2026-09-20T21:00:00.000Z,12.88
BTCIM,1.95,2026-10-06T13:39:48.068Z,10881000000.00,2025-09-30T21:00:00.000Z,4.37,2026-09-20T21:00:00.000Z,2.62
BUCIM,5.01,2026-10-06T13:38:09.076Z,7515000000.00,2025-09-30T21:00:00.000Z,6.6,2026-09-20T21:00:00.000Z,5.04
BULGS,13.03,2026-10-06T13:37:36.835Z,3492040000.00,2025-09-30T21:00:00.000Z,33.8,2026-09-20T21:00:00.000Z,18.96
BURCE,26.88,2026-10-06T13:39:01.338Z,2264371200.00,2025-09-30T21:00:00.000Z,18.45,2026-09-20T21:00:00.000Z,26.84
BURVA,488.25,2026-10-06T13:30:00.888Z,3587500854.00,2025-09-30T21:00:00.000Z,123.5,2026-09-20T21:00:00.000Z,508.5
BVSAN,71.95,2026-10-06T13:39:59.750Z,2705320000.00,2025-09-30T21:00:00.000Z,127.7,2026-09-20T21:00:00.000Z,85.7
BYDNR,21.24,2026-10-06T13:38:57.189Z,1784160000.00,2025-09-30T21:00:00.000Z,23.08,2026-09-20T21:00:00.000Z,22.98
CANTE,1.07,2026-10-06T13:39:59.433Z,10700000000.00,2025-09-30T21:00:00.000Z,1.8582676220479815,2026-09-20T21:00:00.000Z,1.11
CASA,42.5,2026-10-06T10:55:06.304Z,208250000.00,2025-09-30T21:00:00.000Z,94,2026-09-20T21:00:00.000Z,54.3
CATES,30.66,2026-10-06T13:39:58.469Z,5065032000.00,2025-09-30T21:00:00.000Z,33.08,2026-09-20T21:00:00.000Z,41.38
CCOLA,81.25,2026-10-06T13:39:59.347Z,227343886412.50,2025-09-30T21:00:00.000Z,47.3,2026-09-20T21:00:00.000Z,80.1
CELHA,29.46,2026-10-06T13:39:57.633Z,11356819777.38,2025-09-30T21:00:00.000Z,9.46,2026-09-20T21:00:00.000Z,24.4
CEMAS,3.14,2026-10-06T13:39:59.798Z,2483740000.00,2025-09-30T21:00:00.000Z,6.94,2026-09-20T21:00:00.000Z,3.26
CEMTS,7.84,2026-10-06T13:38:56.162Z,3920000000.00,2025-09-30T21:00:00.000Z,11.12,2026-09-20T21:00:00.000Z,7.75
CEMZY,5.46,2026-10-06T13:39:57.262Z,12558000000.00,2025-09-30T21:00:00.000Z,30.18,2026-09-20T21:00:00.000Z,10.37
CEOEM,19.83,2026-10-06T13:39:59.750Z,872520000.00,2025-09-30T21:00:00.000Z,37.8,2026-09-20T21:00:00.000Z,30.42
CGCAM,20.54,2026-10-06T13:39:42.964Z,3450720000.00,2025-09-30T21:00:00.000Z,38.04,2026-09-20T21:00:00.000Z,23.2
CIMSA,41.84,2026-10-06T13:39:37.836Z,39563531372.96,2025-09-30T21:00:00.000Z,44.72958093240247,2026-09-20T21:00:00.000Z,41.72
CITAS,117.9,2026-10-06T13:39:58.545Z,21222000000.00,,,2026-09-20T21:00:00.000Z,104.4
CLEBI,1354,2026-10-06T13:37:21.539Z,32902200000.00,2025-09-30T21:00:00.000Z,1550,2026-09-20T21:00:00.000Z,1418
CMBTN,1268,2026-10-06T13:31:59.192Z,2244360000.00,2025-09-30T21:00:00.000Z,2352,2026-09-20T21:00:00.000Z,1400
CMENT,236.2,2026-10-06T10:55:06.304Z,20575963760.60,2025-09-30T21:00:00.000Z,370,2026-09-20T21:00:00.000Z,211.1
CONSE,1.69,2026-10-06T13:39:25.096Z,1302990000.00,2025-09-30T21:00:00.000Z,3.3,2026-09-20T21:00:00.000Z,1.83
COSMO,98,2026-10-06T13:39:46.406Z,677918724.00,2025-09-30T21:00:00.000Z,178,2026-09-20T21:00:00.000Z,93.3
CRDFA,10.65,2026-10-06T13:39:48.269Z,3195000000.00,2025-09-30T21:00:00.000Z,9.233333333333334,2026-09-20T21:00:00.000Z,15.16
CRFSA,222.4,2026-10-06T13:39:38.592Z,28416885336.00,2025-09-30T21:00:00.000Z,83.85,2026-09-20T21:00:00.000Z,247.4
CUSAN,19.44,2026-10-06T13:39:52.589Z,1385100000.00,2025-09-30T21:00:00.000Z,31.32,2026-09-20T21:00:00.000Z,19.54
CVKMD,12.45,2026-10-06T13:39:55.352Z,47061000000.00,2025-09-30T21:00:00.000Z,16.14,2026-09-20T21:00:00.000Z,13.3
CWENE,18.61,2026-10-06T13:40:00.332Z,20066977067.49,2025-09-30T21:00:00.000Z,23.35,2026-09-20T21:00:00.000Z,23.4
DAGHL,255,2025-08-29T15:10:01.369Z,,,,,
DAGI,5.61,2026-10-06T13:37:15.327Z,2244000000.00,2025-09-30T21:00:00.000Z,8.02,2026-09-20T21:00:00.000Z,6.06
DAPGM,3.18,2026-10-06T13:39:55.272Z,8427000000.00,2025-09-30T21:00:00.000Z,14.15,2026-09-20T21:00:00.000Z,5.16
DARDL,1.15,2026-10-06T13:39:58.670Z,2696056701.80,2025-09-30T21:00:00.000Z,2.64,2026-09-20T21:00:00.000Z,1.28
DCTTR,3.5,2026-10-06T13:38:50.024Z,1365000000.00,2025-09-30T21:00:00.000Z,11.3,2026-09-20T21:00:00.000Z,4
DENGE,1.82,2026-10-06T13:39:42.010Z,1092000000.00,2025-09-30T21:00:00.000Z,2.87,2026-09-20T21:00:00.000Z,2.03
DERHL,1.59,2026-10-06T13:39:49.776Z,1572794741.97,2025-09-30T21:00:00.000Z,18.6,2026-09-20T21:00:00.000Z,1.67
DERIM,26.8,2026-10-06T13:38:45.315Z,1447200000.00,2025-09-30T21:00:00.000Z,41.38,2026-09-20T21:00:00.000Z,29.82
DESA,8.81,2026-10-06T13:39:18.234Z,4316900000.00,2025-09-30T21:00:00.000Z,14.82,2026-09-20T21:00:00.000Z,8.85
DESPC,30.78,2026-10-06T13:39:51.902Z,707940000.00,2025-09-30T21:00:00.000Z,67.4,2026-09-20T21:00:00.000Z,32.16
DEVA,87.6,2026-10-06T13:39:28.288Z,17521689541.20,2025-09-30T21:00:00.000Z,68.8,2026-09-20T21:00:00.000Z,96.7
DGATE,63.75,2026-10-06T13:38:57.540Z,1912500000.00,2025-09-30T21:00:00.000Z,74.9,2026-09-20T21:00:00.000Z,64.6
DGGYO,30.32,2026-10-06T13:39:30.454Z,10066476071.52,2025-09-30T21:00:00.000Z,33.8,2026-09-20T21:00:00.000Z,27.6
DGNMO,3.81,2026-10-06T13:37:34.061Z,1333500000.00,2025-09-30T21:00:00.000Z,6.53,2026-09-20T21:00:00.000Z,5.29
DIRIT,20.74,2026-10-06T10:55:06.307Z,220881000.00,2025-09-30T21:00:00.000Z,29.3,2026-09-20T21:00:00.000Z,20.8
DITAS,9.14,2026-10-06T13:39:33.878Z,1553800000.00,2025-09-30T21:00:00.000Z,14.76,2026-09-20T21:00:00.000Z,10.99
DMRGD,8.19,2026-10-06T13:39:56.642Z,12140856000.00,2025-09-30T21:00:00.000Z,3.19,2026-09-20T21:00:00.000Z,10.03
DMSAS,6.81,2026-10-06T13:40:00.699Z,1362000000.00,2025-09-30T21:00:00.000Z,8.69,2026-09-20T21:00:00.000Z,5.53
DNISI,4.19,2026-10-06T13:39:13.297Z,2178800000.00,2025-09-30T21:00:00.000Z,22.9,2026-09-20T21:00:00.000Z,4.15
DOAS,145.1,2026-10-06T13:39:52.891Z,31922000000.00,2025-09-30T21:00:00.000Z,179,2026-09-20T21:00:00.000Z,154.5
DOBUR,510,2025-10-31T15:10:00.535Z,,,,,
DOCO,10785,2026-10-06T13:39:31.990Z,118456594530.00,2025-09-30T21:00:00.000Z,10720,2026-09-20T21:00:00.000Z,10630
DOFER,22.5,2026-10-06T13:35:22.456Z,1254375000.00,2025-09-30T21:00:00.000Z,59.55,2026-09-20T21:00:00.000Z,23.4
DOFRB,75.1,2026-10-06T13:39:59.783Z,11640500000.00,2025-09-30T21:00:00.000Z,123.4,2026-09-20T21:00:00.000Z,82.25
DOGUB,18.9,2026-10-06T13:38:29.058Z,737100000.00,2025-09-30T21:00:00.000Z,20.9,2026-09-20T21:00:00.000Z,39.18
DOHOL,18.85,2026-10-06T13:39:56.716Z,49330376315.35,2025-09-30T21:00:00.000Z,17.8,2026-09-20T21:00:00.000Z,19.84
DOKTA,15.94,2026-10-06T13:37:27.470Z,5164560000.00,2025-09-30T21:00:00.000Z,25.92,2026-09-20T21:00:00.000Z,19.21
DSTKF,562.5,2026-10-06T13:19:45.874Z,187499999812.50,2025-09-30T21:00:00.000Z,700,2026-09-20T21:00:00.000Z,1786
DUNYH,27.5,2026-10-06T13:34:52.537Z,1010138222.50,2025-09-30T21:00:00.000Z,82.05,2026-09-20T21:00:00.000Z,67.85
DURDO,6.11,2026-10-06T13:39:23.378Z,3055000000.00,2025-09-30T21:00:00.000Z,3.57,2026-09-20T21:00:00.000Z,4.25
DURKN,10.35,2026-10-06T13:39:48.110Z,1371375000.00,2025-09-30T21:00:00.000Z,15.56,2026-09-20T21:00:00.000Z,13.5
DYOBY,10.36,2026-10-06T13:39:49.491Z,3108000000.00,2025-09-30T21:00:00.000Z,14.96,2026-09-20T21:00:00.000Z,11.22
DZGYO,6.73,2026-10-06T13:38:45.127Z,2692000000.00,2025-09-30T21:00:00.000Z,7.29,2026-09-20T21:00:00.000Z,6.71
EBEBK,80.1,2026-10-06T13:39:58.006Z,12816000000.00,2025-09-30T21:00:00.000Z,55.55,2026-09-20T21:00:00.000Z,80.9
ECILC,64,2026-10-06T13:39:19.575Z,43856640000.00,2025-09-30T21:00:00.000Z,87.8,2026-09-20T21:00:00.000Z,57.4
ECOGR,24.54,2026-10-06T13:39:09.040Z,13251600000.00,,,2026-09-20T21:00:00.000Z,30.44
ECZYT,229.9,2026-10-06T13:39:48.360Z,24139500000.00,2025-09-30T21:00:00.000Z,316,2026-09-20T21:00:00.000Z,211.5
EDATA,3.86,2026-10-06T13:39:53.750Z,1552376200.00,2025-09-30T21:00:00.000Z,4.77,2026-09-20T21:00:00.000Z,11.22
EDIP,29.38,2026-10-06T13:38:50.915Z,1909700000.00,2025-09-30T21:00:00.000Z,33.82,2026-09-20T21:00:00.000Z,30.8
EFOR,14.2,2026-10-06T13:39:54.202Z,30927600000.00,2025-09-30T21:00:00.000Z,21.77,2026-09-20T21:00:00.000Z,17.59
EFORC,141.8,2025-10-31T15:10:00.571Z,,,,,
EGEEN,5015,2026-10-06T13:39:54.733Z,15797250000.00,2025-09-30T21:00:00.000Z,8152.5,2026-09-20T21:00:00.000Z,4712.5
EGEGY,16.58,2026-10-06T13:39:28.389Z,3316000000.00,2025-09-30T21:00:00.000Z,26.12,2026-09-20T21:00:00.000Z,14.69
EGEPO,6.2,2026-10-06T13:39:33.573Z,3100000000.00,2025-09-30T21:00:00.000Z,8.18,2026-09-20T21:00:00.000Z,7.16
EGGUB,99.55,2026-10-06T13:39:00.109Z,9955000000.00,2025-09-30T21:00:00.000Z,119,2026-09-20T21:00:00.000Z,99
EGPRO,34.1,2026-10-06T13:37:44.330Z,18584500000.00,2025-09-30T21:00:00.000Z,28.34,2026-09-20T21:00:00.000Z,33.88
EGSER,2.65,2026-10-06T13:36:41.264Z,1908000000.00,2025-09-30T21:00:00.000Z,3.53,2026-09-20T21:00:00.000Z,2.6
EKDMR,29.14,2026-10-06T13:38:41.217Z,9324800000.00,,,2026-09-20T21:00:00.000Z,35.34
EKGYO,19.84,2026-10-06T13:40:00.629Z,75392000000.00,2025-09-30T21:00:00.000Z,20.66,2026-09-20T21:00:00.000Z,19.2
EKIM,15.51,2026-10-06T13:38:06.439Z,12904320000.00,,,2026-09-20T21:00:00.000Z,14.64
EKIZ,51.5,2026-10-06T10:55:06.307Z,478150205.00,2025-09-30T21:00:00.000Z,87.05,2026-09-20T21:00:00.000Z,45
EKOS,3.43,2026-10-06T13:39:44.661Z,3841600000.00,2025-09-30T21:00:00.000Z,6.44,2026-09-20T21:00:00.000Z,3.91
EKSUN,4.57,2026-10-06T13:37:06.287Z,2742000000.00,2025-09-30T21:00:00.000Z,6.52,2026-09-20T21:00:00.000Z,4.41
ELITE,20.1,2026-10-06T13:37:02.552Z,2604960000.00,2025-09-30T21:00:00.000Z,34.39,2026-09-20T21:00:00.000Z,21.3
EMKEL,7.39,2026-10-06T13:39:27.632Z,1108500000.00,2025-09-30T21:00:00.000Z,91.35,2026-09-20T21:00:00.000Z,9.13
EMNIS,133.7,2026-10-06T10:55:06.307Z,828940000.00,2025-09-30T21:00:00.000Z,200,2026-09-20T21:00:00.000Z,135
EMPAE,45.78,2026-10-06T13:39:57.121Z,7782600000.00,,,2026-09-20T21:00:00.000Z,51.6
ENDAE,13.05,2026-10-06T13:38:51.496Z,5705423068.50,2025-09-30T21:00:00.000Z,15.8,2026-09-20T21:00:00.000Z,14.63
ENERY,13.73,2026-10-06T13:39:51.158Z,123570000000.00,2025-09-30T21:00:00.000Z,9.58,2026-09-20T21:00:00.000Z,11.84
ENJSA,112.4,2026-10-06T13:39:25.619Z,132752151890.80,2025-09-30T21:00:00.000Z,81.2,2026-09-20T21:00:00.000Z,109
ENKAI,82.95,2026-10-06T13:39:57.265Z,497700000000.00,2025-09-30T21:00:00.000Z,69.72,2026-09-20T21:00:00.000Z,86.3
ENPRA,44.02,2026-10-06T10:55:06.306Z,549162265976.08,,,2026-09-20T21:00:00.000Z,43.56
ENSRI,2.99,2026-10-06T13:39:55.055Z,1632540000.00,2025-09-30T21:00:00.000Z,19.82,2026-09-20T21:00:00.000Z,3.47
ENTRA,4.24,2026-10-06T13:39:53.393Z,17131932000.00,2025-09-30T21:00:00.000Z,10.99,2026-09-20T21:00:00.000Z,3.98
EPLAS,5.57,2026-10-06T13:39:57.477Z,1061726792.11,2025-09-30T21:00:00.000Z,7.18,2026-09-20T21:00:00.000Z,5.39
ERBOS,117.2,2026-10-06T13:39:51.204Z,2344000000.00,2025-09-30T21:00:00.000Z,188.7,2026-09-20T21:00:00.000Z,123.7
ERCB,35.9,2026-10-06T13:39:59.264Z,2791960267.90,2025-09-30T21:00:00.000Z,79.2,2026-09-20T21:00:00.000Z,38.92
EREGL,37.16,2026-10-06T13:39:53.138Z,260120000000.00,2025-09-30T21:00:00.000Z,29.9,2026-09-20T21:00:00.000Z,37.38
ERSU,15.75,2026-10-06T13:38:48.035Z,567000000.00,2025-09-30T21:00:00.000Z,19.1,2026-09-20T21:00:00.000Z,15.72
ESCAR,14.71,2026-10-06T13:38:49.496Z,7355000000.00,2025-09-30T21:00:00.000Z,20,2026-09-20T21:00:00.000Z,30.26
ESCOM,4.49,2026-10-06T13:39:22.825Z,3164741410.65,2025-09-30T21:00:00.000Z,3.05,2026-09-20T21:00:00.000Z,4.58
ESEN,2.55,2026-10-06T13:39:46.775Z,4641000000.00,2025-09-30T21:00:00.000Z,13.36,2026-09-20T21:00:00.000Z,2.91
ETILR,7.48,2026-10-06T13:39:01.619Z,1872161151.52,2025-09-30T21:00:00.000Z,4.59,2026-09-20T21:00:00.000Z,5.8
ETYAT,9.54,2026-10-06T13:38:21.379Z,572400000.00,2025-09-30T21:00:00.000Z,23.2,2026-09-20T21:00:00.000Z,8.41
EUHOL,8.7,2026-10-06T10:55:06.306Z,1305000000.00,2025-09-30T21:00:00.000Z,10.4,2026-09-20T21:00:00.000Z,7.21
EUKYO,9.43,2026-10-06T13:37:24.264Z,565800000.00,2025-09-30T21:00:00.000Z,18.53,2026-09-20T21:00:00.000Z,11.26
EUPWR,51.6,2026-10-06T13:39:58.586Z,34056000000.00,2025-09-30T21:00:00.000Z,28.6,2026-09-20T21:00:00.000Z,64.5
EUREN,2.84,2026-10-06T13:39:41.661Z,5964000000.00,2025-09-30T21:00:00.000Z,8.3,2026-09-20T21:00:00.000Z,3.13
EUYO,4.24,2026-10-06T13:38:51.495Z,254400000.00,2025-09-30T21:00:00.000Z,14.35,2026-09-20T21:00:00.000Z,3.69
EYGYO,1.91,2026-10-06T13:39:59.922Z,1337000000.00,2025-09-30T21:00:00.000Z,4.46,2026-09-20T21:00:00.000Z,2.22
FADE,11.85,2026-10-06T13:39:32.093Z,994155750.00,2025-09-30T21:00:00.000Z,15.87,2026-09-20T21:00:00.000Z,12.11
FENER,2.42,2026-10-06T13:39:55.255Z,15125000000.00,2025-09-30T21:00:00.000Z,4.23,2026-09-20T21:00:00.000Z,2.58
FLAP,11.85,2026-10-06T13:39:42.847Z,1110937500.00,2025-09-30T21:00:00.000Z,10.37,2026-09-20T21:00:00.000Z,11.41
FMIZP,270.25,2026-10-06T13:39:08.266Z,3858302497.50,2025-09-30T21:00:00.000Z,311.4740123368949,2026-09-20T21:00:00.000Z,260
FONET,4.29,2026-10-06T13:36:57.824Z,4015440000.00,2025-09-30T21:00:00.000Z,2.6,2026-09-20T21:00:00.000Z,4.08
FORMT,0.98,2026-10-06T13:39:20.812Z,1117784069.22,2025-09-30T21:00:00.000Z,4.03,2026-09-20T21:00:00.000Z,1.18
FORTE,104.5,2026-10-06T13:38:52.600Z,7001500000.00,2025-09-30T21:00:00.000Z,71.2,2026-09-20T21:00:00.000Z,97.2
FRIGO,2,2026-10-06T13:40:00.973Z,1700000000.00,2025-09-30T21:00:00.000Z,5.31,2026-09-20T21:00:00.000Z,1.71
FRMPL,23.76,2026-10-06T13:38:56.231Z,3801600000.00,,,2026-09-20T21:00:00.000Z,23.9
FROTO,74.8,2026-10-06T13:39:57.906Z,262480680000.00,2025-09-30T21:00:00.000Z,90.99696627164995,2026-09-20T21:00:00.000Z,77.85
FZLGY,5.5,2026-10-06T13:39:21.519Z,6875000000.00,2025-09-30T21:00:00.000Z,14.92,2026-09-20T21:00:00.000Z,7.46
GARAN,131.3,2026-10-06T13:39:51.158Z,551460000000.00,2025-09-30T21:00:00.000Z,140.32916274926254,2026-09-20T21:00:00.000Z,133.1
GARFA,23.04,2026-10-06T13:39:59.718Z,9158400000.00,2025-09-30T21:00:00.000Z,27.76,2026-09-20T21:00:00.000Z,24.3
GATEG,115,2026-10-06T10:55:06.306Z,1301839215.00,2025-09-30T21:00:00.000Z,222,2026-09-20T21:00:00.000Z,196.4
GEDIK,5.1,2026-10-06T13:39:42.420Z,10200000000.00,2025-09-30T21:00:00.000Z,6.3470692717584365,2026-09-20T21:00:00.000Z,5.33
GEDZA,22.7,2026-10-06T13:39:54.020Z,1059091200.00,2025-09-30T21:00:00.000Z,31.36,2026-09-20T21:00:00.000Z,23.8
GENIL,4.3,2026-10-06T13:39:36.100Z,19350000000.00,2025-09-30T21:00:00.000Z,12.958,2026-09-20T21:00:00.000Z,7.35
GENKM,7.68,2026-10-06T13:39:42.596Z,4677120000.00,,,2026-09-20T21:00:00.000Z,8.06
GENTS,4.33,2026-10-06T13:39:30.907Z,3247500000.00,2025-09-30T21:00:00.000Z,8.89,2026-09-20T21:00:00.000Z,4.46
GEREL,19.69,2026-10-06T13:35:53.623Z,7334040566.93,2025-09-30T21:00:00.000Z,22.44,2026-09-20T21:00:00.000Z,25.78
GESAN,42.36,2026-10-06T13:39:52.087Z,19485600000.00,2025-09-30T21:00:00.000Z,45.94,2026-09-20T21:00:00.000Z,45.54
GIPTA,27.98,2026-10-06T13:39:55.816Z,3693360000.00,2025-09-30T21:00:00.000Z,139.5,2026-09-20T21:00:00.000Z,44.9922349
GLBMD,10.55,2026-10-06T13:31:02.473Z,1244900000.00,2025-09-30T21:00:00.000Z,13.06,2026-09-20T21:00:00.000Z,9.73
GLCVY,40.64,2026-10-06T13:38:17.049Z,5677408000.00,2025-09-30T21:00:00.000Z,64,2026-09-20T21:00:00.000Z,46.12
GLRMK,137.4,2026-10-06T13:39:49.849Z,44325240000.00,2025-09-30T21:00:00.000Z,176.6,2026-09-20T21:00:00.000Z,140.4
GLRYH,1.88,2026-10-06T13:36:52.134Z,1128000000.00,2025-09-30T21:00:00.000Z,4.37,2026-09-20T21:00:00.000Z,1.97
GLYHO,16.37,2026-10-06T13:39:52.538Z,31921500000.00,2025-09-30T21:00:00.000Z,8.58,2026-09-20T21:00:00.000Z,15.52
GMTAS,43.86,2026-10-06T13:39:56.496Z,13158000000.00,2025-09-30T21:00:00.000Z,18.42,2026-09-20T21:00:00.000Z,46
GOKNR,14.49,2026-10-06T13:39:46.424Z,5071500000.00,2025-09-30T21:00:00.000Z,22.41,2026-09-20T21:00:00.000Z,15.75
GOLDA,8.74,2026-10-06T13:39:30.050Z,2185000000.00,,,2026-09-20T21:00:00.000Z,9.83
GOLTS,259.5,2026-10-06T13:39:31.056Z,4671000000.00,2025-09-30T21:00:00.000Z,323.89,2026-09-20T21:00:00.000Z,259.25
GOODY,2.18,2026-10-06T13:39:44.107Z,3313600000.00,2025-09-30T21:00:00.000Z,18.04,2026-09-20T21:00:00.000Z,2.32
GOZDE,19.32,2026-10-06T13:39:56.445Z,7438200000.00,2025-09-30T21:00:00.000Z,21.6,2026-09-20T21:00:00.000Z,19.72
GRNYO,9.22,2026-10-06T13:39:58.935Z,345750000.00,2025-09-30T21:00:00.000Z,14.53,2026-09-20T21:00:00.000Z,8.92
GRSEL,272.25,2026-10-06T13:40:00.570Z,27769500000.00,2025-09-30T21:00:00.000Z,360.5,2026-09-20T21:00:00.000Z,267.75
GRTHO,116,2026-10-06T13:39:57.503Z,14500000000.00,2025-09-30T21:00:00.000Z,493,2026-09-20T21:00:00.000Z,144.7
GRTRK,,,,,,,
GSDDE,11.78,2026-10-06T13:39:58.281Z,1767000000.00,2025-09-30T21:00:00.000Z,10.11,2026-09-20T21:00:00.000Z,12.2
GSDHO,4.07,2026-10-06T13:38:28.706Z,4070000000.00,2025-09-30T21:00:00.000Z,4.62,2026-09-20T21:00:00.000Z,4.07
GSRAY,0.8,2026-10-06T13:39:49.768Z,10800000000.00,2025-09-30T21:00:00.000Z,1.46,2026-09-20T21:00:00.000Z,0.91
GUBRF,412.5,2026-10-06T13:39:28.308Z,137775000000.00,2025-09-30T21:00:00.000Z,284,2026-09-20T21:00:00.000Z,443.5
GUNDG,151.7,2026-10-06T13:17:57.750Z,5916300000.00,2025-09-30T21:00:00.000Z,94.47,2026-09-20T21:00:00.000Z,482
GWIND,20.28,2026-10-06T13:39:44.759Z,10951200000.00,2025-09-30T21:00:00.000Z,24.52,2026-09-20T21:00:00.000Z,20.8
GZNMI,30.66,2026-10-06T13:39:54.254Z,1992900000.00,2025-09-30T21:00:00.000Z,270.5,2026-09-20T21:00:00.000Z,37.8
HALKB,45.16,2026-10-06T13:39:59.517Z,324464576331.56,2025-09-30T21:00:00.000Z,28.96,2026-09-20T21:00:00.000Z,47.24
HATEK,7.96,2026-10-06T13:34:46.384Z,501480000.00,2025-09-30T21:00:00.000Z,16.18,2026-09-20T21:00:00.000Z,10.95
HATSN,30.4,2026-10-06T13:39:53.494Z,6733600000.00,2025-09-30T21:00:00.000Z,48.44,2026-09-20T21:00:00.000Z,39.42
HDFGS,1.1,2026-10-06T13:39:20.640Z,1243000000.00,2025-09-30T21:00:00.000Z,2.63,2026-09-20T21:00:00.000Z,1.38
HEDEF,10.32,2026-10-06T13:39:57.503Z,30960000000.00,2025-09-30T21:00:00.000Z,58.05,2026-09-20T21:00:00.000Z,17.42
HEKTS,2.17,2026-10-06T13:39:56.065Z,18293100000.00,2025-09-30T21:00:00.000Z,3.61,2026-09-20T21:00:00.000Z,2.27
HKTM,11.66,2026-10-06T13:39:07.938Z,1224300000.00,2025-09-30T21:00:00.000Z,13.25,2026-09-20T21:00:00.000Z,10.81
HLGYO,4.22,2026-10-06T13:35:54.602Z,16204800000.00,2025-09-30T21:00:00.000Z,3.77,2026-09-20T21:00:00.000Z,3.97
HOROZ,44.24,2026-10-06T13:39:50.603Z,4003192836.16,2025-09-30T21:00:00.000Z,59.7,2026-09-20T21:00:00.000Z,45.92
HRKET,8.43,2026-10-06T13:39:55.389Z,13595904000.00,2025-09-30T21:00:00.000Z,81.9,2026-09-20T21:00:00.000Z,6.91
HTTBT,34.8,2026-10-06T13:38:46.621Z,10440000000.00,2025-09-30T21:00:00.000Z,50.7,2026-09-20T21:00:00.000Z,30.74
HUBVC,1.67,2026-10-06T13:39:57.829Z,467600000.00,2025-09-30T21:00:00.000Z,2.99,2026-09-20T21:00:00.000Z,1.76
HUNER,4.17,2026-10-06T13:40:00.375Z,4170000000.00,2025-09-30T21:00:00.000Z,3.7,2026-09-20T21:00:00.000Z,3.86
HURGZ,5.18,2026-10-06T13:39:52.516Z,3066560000.00,2025-09-30T21:00:00.000Z,7.89,2026-09-20T21:00:00.000Z,6.49
ICBCT,15.49,2026-10-06T13:39:49.892Z,13321400000.00,2025-09-30T21:00:00.000Z,17.14,2026-09-20T21:00:00.000Z,16.62
ICUGS,1.24,2026-10-06T13:33:16.708Z,430900000.00,2025-09-30T21:00:00.000Z,3.12,2026-09-20T21:00:00.000Z,2.34
IDEAS,,,,,,,
IDGYO,2.11,2026-10-06T13:32:02.320Z,316500000.00,2025-09-30T21:00:00.000Z,3.69,2026-09-20T21:00:00.000Z,2.45
IEYHO,47.58,2026-10-06T13:35:30.453Z,25864284976.14,2025-09-30T21:00:00.000Z,30.96,2026-09-20T21:00:00.000Z,151
IHAAS,15.87,2026-10-06T13:39:03.732Z,2586810000.00,2025-09-30T21:00:00.000Z,33.54,2026-09-20T21:00:00.000Z,37.4
IHEVA,1.64,2026-10-06T13:20:56.033Z,574820000.00,2025-09-30T21:00:00.000Z,3,2026-09-20T21:00:00.000Z,1.67
IHGZT,0.96,2026-10-06T13:39:24.362Z,768000000.00,2025-09-30T21:00:00.000Z,1.87,2026-09-20T21:00:00.000Z,1.05
IHLAS,0.89,2026-10-06T13:39:53.499Z,2670000000.00,2025-09-30T21:00:00.000Z,3.53,2026-09-20T21:00:00.000Z,0.97
IHLGM,1.2,2026-10-06T13:36:56.704Z,1200000000.00,2025-09-30T21:00:00.000Z,3.01,2026-09-20T21:00:00.000Z,1.37
IHYAY,1.03,2026-10-06T13:36:08.453Z,463500000.00,2025-09-30T21:00:00.000Z,2.66,2026-09-20T21:00:00.000Z,1.07
IMASM,1.61,2026-10-06T13:38:26.213Z,1489250000.00,2025-09-30T21:00:00.000Z,4.21,2026-09-20T21:00:00.000Z,1.78
INDES,11.95,2026-10-06T13:39:53.878Z,8962500000.00,2025-09-30T21:00:00.000Z,8.28,2026-09-20T21:00:00.000Z,10.5
INFO,1.15,2026-10-06T13:31:24.799Z,2208772800.00,2025-09-30T21:00:00.000Z,3.52,2026-09-20T21:00:00.000Z,1.61
INGRM,305.75,2026-10-06T13:34:17.825Z,7338000000.00,2025-09-30T21:00:00.000Z,446.25,2026-09-20T21:00:00.000Z,318.5
INTEK,177,2026-10-06T10:55:06.306Z,1416000000.00,2025-09-30T21:00:00.000Z,348.75,2026-09-20T21:00:00.000Z,172.8
INTEM,198.5,2026-10-06T13:35:52.588Z,3858840000.00,2025-09-30T21:00:00.000Z,256,2026-09-20T21:00:00.000Z,213
INTET,54.2,2026-10-06T13:39:59.022Z,8672000000.00,,,2026-09-20T21:00:00.000Z,51.7
INVEO,5.6,2026-10-06T13:39:52.643Z,5600000000.00,2025-09-30T21:00:00.000Z,10.56,2026-09-20T21:00:00.000Z,6.36
INVES,713,2026-10-06T13:37:13.037Z,133687500000.00,2025-09-30T21:00:00.000Z,319.75,2026-09-20T21:00:00.000Z,748.5
IPEKE,81.65,2025-11-21T15:10:00.732Z,,,,,
ISATR,4949952.5,2026-10-06T04:00:01.726Z,123748812500000000.00,2025-09-25T21:00:00.000Z,4949953.07665,,
ISBIR,60.8,2026-10-06T10:55:06.306Z,1969132032.00,2025-09-30T21:00:00.000Z,130,2026-09-20T21:00:00.000Z,63
ISBTR,425000,2026-10-06T04:00:01.726Z,10625000000000000.00,2025-09-30T21:00:00.000Z,579997.0564703788,2026-09-20T21:00:00.000Z,446500
ISCTR,12.93,2026-10-06T13:39:49.822Z,323250000000.00,2025-09-30T21:00:00.000Z,13.944355817312072,2026-09-20T21:00:00.000Z,13.56
ISDMR,62.45,2026-10-06T13:39:33.493Z,181105000000.00,2025-09-30T21:00:00.000Z,38.3,2026-09-20T21:00:00.000Z,62.4
ISFIN,17.16,2026-10-06T13:39:39.979Z,11931393388.20,2025-09-30T21:00:00.000Z,16.93,2026-09-20T21:00:00.000Z,18.85
ISGSY,12.66,2026-10-06T13:39:49.773Z,6330000000.00,2025-09-30T21:00:00.000Z,80,2026-09-20T21:00:00.000Z,14.37
ISGYO,23.06,2026-10-06T13:39:43.954Z,22108775000.00,2025-09-30T21:00:00.000Z,19.090418844626868,2026-09-20T21:00:00.000Z,24.1
ISKPL,4.01,2026-10-06T13:39:45.619Z,6015000000.00,2025-09-30T21:00:00.000Z,7.2,2026-09-20T21:00:00.000Z,4.27
ISKUR,4125000,2026-10-06T04:00:01.726Z,103125000000000000.00,2025-09-28T21:00:00.000Z,3999987.33898124,,
ISMEN,30.24,2026-10-06T13:39:43.020Z,45360000000.00,2025-09-30T21:00:00.000Z,41.06822373234476,2026-09-20T21:00:00.000Z,33.66
ISSEN,5.63,2026-10-06T13:39:17.725Z,2389360633.03,2025-09-30T21:00:00.000Z,8.83,2026-09-20T21:00:00.000Z,5.98
ISVEA,24.54,2026-10-06T13:39:58.157Z,6871200000.00,,,2026-09-20T21:00:00.000Z,63.8
ISYAT,6.68,2026-10-06T13:39:00.814Z,1072803217.12,2025-09-30T21:00:00.000Z,9.37,2026-09-20T21:00:00.000Z,6.84
ITTFH,,,,,,,
IZENR,3.92,2026-10-06T13:39:58.712Z,9579500000.00,2025-09-30T21:00:00.000Z,9.34,2026-09-20T21:00:00.000Z,4.34
IZFAS,10.53,2026-10-06T13:39:14.724Z,1865784375.00,2025-09-30T21:00:00.000Z,47.37,2026-09-20T21:00:00.000Z,33.48
IZINV,31.12,2026-10-06T13:35:49.733Z,544987630.72,2025-09-30T21:00:00.000Z,64.3,2026-09-20T21:00:00.000Z,36.58
IZMDC,6.73,2026-10-06T13:38:54.270Z,10095000000.00,2025-09-30T21:00:00.000Z,6.96,2026-09-20T21:00:00.000Z,7
JANTS,13.39,2026-10-06T13:39:53.380Z,9373000000.00,2025-09-30T21:00:00.000Z,22.18,2026-09-20T21:00:00.000Z,14.85
KAPLM,141.3,2026-10-06T13:39:34.867Z,2826000000.00,2025-09-30T21:00:00.000Z,545,2026-09-20T21:00:00.000Z,220
KARCL,48.2,2026-10-06T13:39:56.714Z,40006000000.00,,,2026-09-20T21:00:00.000Z,153
KAREL,6.21,2026-10-06T13:33:54.350Z,5004549141.30,2025-09-30T21:00:00.000Z,9.23,2026-09-20T21:00:00.000Z,6.08
KARSN,9.05,2026-10-06T13:39:57.856Z,8145000000.00,2025-09-30T21:00:00.000Z,10.78,2026-09-20T21:00:00.000Z,9.15
KARTN,91.3,2026-10-06T13:17:57.392Z,6847500000.00,2025-09-30T21:00:00.000Z,85.55,2026-09-20T21:00:00.000Z,113.1
KARYE,32.46,2025-04-30T15:10:01.051Z,,,,,
KATMR,1.53,2026-10-06T13:39:56.867Z,3294472500.00,2025-09-30T21:00:00.000Z,3.02,2026-09-20T21:00:00.000Z,1.58
KAYSE,3.12,2026-10-06T13:39:13.269Z,9360000000.00,2025-09-30T21:00:00.000Z,4.47,2026-09-20T21:00:00.000Z,3.4
KBORU,12.09,2026-10-06T13:39:54.062Z,7254000000.00,2025-09-30T21:00:00.000Z,14.95,2026-09-20T21:00:00.000Z,11.46
KCAER,10.35,2026-10-06T13:39:47.619Z,19820250000.00,2025-09-30T21:00:00.000Z,13.99,2026-09-20T21:00:00.000Z,10.87
KCHOL,214.6,2026-10-06T13:39:53.852Z,544203721530.00,2025-09-30T21:00:00.000Z,169.65656992084433,2026-09-20T21:00:00.000Z,222.3
KENT,291.75,2026-10-06T10:55:06.298Z,96277500000.00,2025-09-30T21:00:00.000Z,552.2944000000001,2026-09-20T21:00:00.000Z,305.75
KERVN,8,2026-10-06T10:55:06.298Z,4708040640.00,2025-09-30T21:00:00.000Z,2.6,2026-09-20T21:00:00.000Z,6.95
KERVT,14.11,2025-05-30T15:10:00.889Z,,,,,
KFEIN,6.29,2026-10-06T13:39:54.998Z,1242275000.00,2025-09-30T21:00:00.000Z,9.43,2026-09-20T21:00:00.000Z,6.38
KGYO,8.87,2026-10-06T13:39:59.114Z,8870000000.00,2025-09-30T21:00:00.000Z,3.77,2026-09-20T21:00:00.000Z,10.62
KIMMR,10.83,2026-10-06T13:35:44.816Z,2599200000.00,2025-09-30T21:00:00.000Z,14.77,2026-09-20T21:00:00.000Z,11.52
KLGYO,4.32,2026-10-06T13:39:21.502Z,6026400000.00,2025-09-30T21:00:00.000Z,6.25,2026-09-20T21:00:00.000Z,4.05
KLKIM,22.7,2026-10-06T13:39:37.227Z,10442000000.00,2025-09-30T21:00:00.000Z,34.64,2026-09-20T21:00:00.000Z,23.38
KLMSN,22.44,2026-10-06T13:39:03.240Z,1777248000.00,2025-09-30T21:00:00.000Z,42.96,2026-09-20T21:00:00.000Z,22.98
KLNMA,7.52,2026-10-06T10:55:06.298Z,75200000000.00,2025-09-30T21:00:00.000Z,12.2,2026-09-20T21:00:00.000Z,8.37
KLRHO,13.62,2026-10-06T13:36:17.219Z,39838500000.00,2025-09-30T21:00:00.000Z,117.1,2026-09-20T21:00:00.000Z,38.12
KLSER,19.1,2026-10-06T13:38:41.000Z,9832272406.00,2025-09-30T21:00:00.000Z,30.64,2026-09-20T21:00:00.000Z,20.1
KLSYN,14.24,2026-10-06T13:36:59.151Z,6143418179.84,2025-09-30T21:00:00.000Z,6.48,2026-09-20T21:00:00.000Z,13.4
KLYPV,54.1,2026-10-06T13:38:58.945Z,24890239762.90,2025-09-30T21:00:00.000Z,63.35,2026-09-20T21:00:00.000Z,57
KMPUR,14.41,2026-10-06T13:39:30.389Z,7006142000.00,2025-09-30T21:00:00.000Z,18.37,2026-09-20T21:00:00.000Z,15.34
KNFRT,11.4,2026-10-06T13:38:58.997Z,3009600000.00,2025-09-30T21:00:00.000Z,21.36,2026-09-20T21:00:00.000Z,10.33
KOCMT,2.9,2026-10-06T13:39:59.520Z,7250000000.00,2025-09-30T21:00:00.000Z,2.96,2026-09-20T21:00:00.000Z,2.78
KONKA,8.68,2026-10-06T13:39:27.112Z,3385200000.00,2025-09-30T21:00:00.000Z,17.28,2026-09-20T21:00:00.000Z,7.65
KONTR,2.19,2026-10-06T10:55:06.298Z,2847000000.00,2025-09-30T21:00:00.000Z,17.31,2026-09-20T21:00:00.000Z,2.56
KONYA,3540,2026-10-06T13:37:45.087Z,17251977600.00,2025-09-30T21:00:00.000Z,5035,2026-09-20T21:00:00.000Z,3572.5
KOPOL,3.2,2026-10-06T13:38:57.782Z,4150272000.00,2025-09-30T21:00:00.000Z,6.7,2026-09-20T21:00:00.000Z,3.66
KORDS,3.04,2026-10-06T13:39:55.881Z,11235415223.84,2025-09-30T21:00:00.000Z,63.1,2026-09-20T21:00:00.000Z,3.07
KOTON,9.94,2026-10-06T13:39:44.153Z,8246721000.00,2025-09-30T21:00:00.000Z,18.51,2026-09-20T21:00:00.000Z,10.92
KOZAA,102.5,2025-11-21T15:10:00.821Z,,,,,
KOZAL,40,2025-11-21T15:10:00.824Z,,,,,
KPEKS,54.15,2026-10-06T13:39:06.068Z,6774165000.00,,,2026-09-20T21:00:00.000Z,68.9
KRDMA,41.04,2026-10-06T13:39:43.096Z,46785600000.00,2025-09-30T21:00:00.000Z,32.38,2026-09-20T21:00:00.000Z,43.98
KRDMB,76.1,2026-10-06T13:40:00.758Z,86754000000.00,2025-09-30T21:00:00.000Z,27.32,2026-09-20T21:00:00.000Z,79.5
KRDMD,44.36,2026-10-06T13:39:49.987Z,50570400000.00,2025-09-30T21:00:00.000Z,28.7,2026-09-20T21:00:00.000Z,45.4
KRGYO,3.36,2026-10-06T13:39:48.022Z,3326400000.00,2025-09-30T21:00:00.000Z,3.24,2026-09-20T21:00:00.000Z,3.22
KRONT,20.56,2026-10-06T13:39:55.024Z,3520327527.36,2025-09-30T21:00:00.000Z,17.04,2026-09-20T21:00:00.000Z,19.01
KRPLS,11.63,2026-10-06T13:39:10.675Z,2030598000.00,2025-09-30T21:00:00.000Z,8.59,2026-09-20T21:00:00.000Z,11.56
KRSTL,7.67,2026-10-06T13:39:40.061Z,1472640000.00,2025-09-30T21:00:00.000Z,10.07,2026-09-20T21:00:00.000Z,7.84
KRTEK,6.18,2026-10-06T13:39:00.412Z,852744908.34,2025-09-30T21:00:00.000Z,29.84,2026-09-20T21:00:00.000Z,5.2
KRVGD,2.1,2026-10-06T13:38:25.979Z,4536000000.00,2025-09-30T21:00:00.000Z,2.53,2026-09-20T21:00:00.000Z,2.03
KSTUR,1997,2026-10-06T10:55:06.298Z,8476438242.00,2025-09-30T21:00:00.000Z,3600,2026-09-20T21:00:00.000Z,2100
KTLEV,7.45,2026-10-06T13:40:00.734Z,52150000000.00,2025-09-30T21:00:00.000Z,12.76,2026-09-20T21:00:00.000Z,20.04
KTSKR,64.9,2026-10-06T13:39:04.191Z,2985400000.00,2025-09-30T21:00:00.000Z,71.38,2026-09-20T21:00:00.000Z,60.75
KUTPO,67,2026-10-06T13:39:51.937Z,2674425600.00,2025-09-30T21:00:00.000Z,120.7,2026-09-20T21:00:00.000Z,71.65
KUVVA,79.25,2026-10-06T13:10:22.675Z,2460079054.75,2025-09-30T21:00:00.000Z,135,2026-09-20T21:00:00.000Z,127.8
KUYAS,17.62,2026-10-06T13:34:36.193Z,7048000000.00,2025-09-30T21:00:00.000Z,50.8,2026-09-20T21:00:00.000Z,45.78
KZBGY,1.42,2026-10-06T13:39:53.305Z,5680000000.00,2025-09-30T21:00:00.000Z,4.932000049320001,2026-09-20T21:00:00.000Z,1.42
KZGYO,17.2,2026-10-06T13:39:40.995Z,3440000000.00,2025-09-30T21:00:00.000Z,23.54,2026-09-20T21:00:00.000Z,18.24
LIDER,7.99,2026-10-06T13:39:58.631Z,6591750000.00,2025-09-30T21:00:00.000Z,63.59,2026-09-20T21:00:00.000Z,14.22
LIDFA,1.57,2026-10-06T13:37:32.969Z,2590500000.00,2025-09-30T21:00:00.000Z,1.96,2026-09-20T21:00:00.000Z,1.65
LILAK,23.74,2026-10-06T13:39:04.485Z,14006600000.00,2025-09-30T21:00:00.000Z,29.78,2026-09-20T21:00:00.000Z,26.1
LINK,3.69,2026-10-06T13:39:52.265Z,3290575787.64,2025-09-30T21:00:00.000Z,8.341463414634145,2026-09-20T21:00:00.000Z,4.09
LKMNH,11.13,2026-10-06T13:39:51.586Z,2404080000.00,2025-09-30T21:00:00.000Z,17.29,2026-09-20T21:00:00.000Z,12.14
LMKDC,24.14,2026-10-06T13:39:50.678Z,12460577958.00,2025-09-30T21:00:00.000Z,26.98,2026-09-20T21:00:00.000Z,22.38
LOGO,150,2026-10-06T13:39:58.836Z,14250000000.00,2025-09-30T21:00:00.000Z,171.5,2026-09-20T21:00:00.000Z,138.8
LRSHO,1.86,2026-10-06T13:39:01.348Z,1428480000.00,2025-09-30T21:00:00.000Z,6.27,2026-09-20T21:00:00.000Z,2.1
LUKSK,64.1,2026-10-06T13:31:16.533Z,1794800000.00,2025-09-30T21:00:00.000Z,114,2026-09-20T21:00:00.000Z,68.15
LXGYO,7.46,2026-10-06T13:39:35.725Z,2461800000.00,,,2026-09-20T21:00:00.000Z,6.8
LYDHO,47.2,2026-10-06T13:39:56.135Z,16613989973.60,2025-09-30T21:00:00.000Z,127.3,2026-09-20T21:00:00.000Z,84.65
LYDYE,5182.5,2026-10-06T13:36:20.397Z,9800465092.50,2025-09-30T21:00:00.000Z,12585,2026-09-20T21:00:00.000Z,8405
MAALT,848,2026-10-06T13:39:46.343Z,7326760704.00,2025-09-30T21:00:00.000Z,1146,2026-09-20T21:00:00.000Z,906.5
MACKO,23.56,2026-10-06T13:39:15.281Z,2356000000.00,2025-09-30T21:00:00.000Z,38.28,2026-09-20T21:00:00.000Z,28.9
MAGEN,8.21,2026-10-06T13:40:01.035Z,24219500000.00,2025-09-30T21:00:00.000Z,22.44,2026-09-20T21:00:00.000Z,24.52
MAKIM,13.93,2026-10-06T13:38:05.692Z,1560160000.00,2025-09-30T21:00:00.000Z,18.01,2026-09-20T21:00:00.000Z,12.31
MAKTK,6.75,2026-10-06T13:39:19.446Z,1350000000.00,2025-09-30T21:00:00.000Z,18.49,2026-09-20T21:00:00.000Z,7.36
MANAS,6.93,2026-10-06T13:39:40.819Z,2294218080.00,2025-09-30T21:00:00.000Z,3.92,2026-09-20T21:00:00.000Z,21.96
MARBL,9.07,2026-10-06T13:37:21.507Z,2073402000.00,2025-09-30T21:00:00.000Z,14.08,2026-09-20T21:00:00.000Z,9.98
MARKA,82.55,2026-08-31T15:10:01.195Z,,2025-09-30T21:00:00.000Z,46.2,,
MARMR,1.48,2026-10-06T13:39:40.465Z,4464088731.60,2025-09-30T21:00:00.000Z,4.6,2026-09-20T21:00:00.000Z,1.6
MARTI,1.4,2026-10-06T13:37:23.126Z,2100000000.00,2025-09-30T21:00:00.000Z,2.3880000000000003,2026-09-20T21:00:00.000Z,2.01
MASFN,36.66,2026-10-06T13:39:48.502Z,20346300000.00,,,2026-09-20T21:00:00.000Z,37.58
MAVI,37.4,2026-10-06T13:39:39.901Z,29714748800.00,2025-09-30T21:00:00.000Z,37.98,2026-09-20T21:00:00.000Z,37.4
MCARD,96.85,2026-10-06T13:39:58.511Z,8968310000.00,,,2026-09-20T21:00:00.000Z,100.5
MEDTR,19.41,2026-10-06T13:39:13.308Z,2309790000.00,2025-09-30T21:00:00.000Z,32.31,2026-09-20T21:00:00.000Z,19.98
MEGAP,1.26,2026-10-06T10:55:06.298Z,346500000.00,2025-09-30T21:00:00.000Z,4.43,2026-09-20T21:00:00.000Z,1.3
MEGMT,3.93,2026-10-06T13:39:48.758Z,9997920000.00,2025-09-30T21:00:00.000Z,33.82,2026-09-20T21:00:00.000Z,3.59
MEKAG,2.01,2026-10-06T13:39:46.052Z,1608000000.00,2025-09-30T21:00:00.000Z,5.08,2026-09-20T21:00:00.000Z,2.35
MEPET,22,2026-10-06T13:36:04.775Z,1657700000.00,2025-09-30T21:00:00.000Z,15.25,2026-09-20T21:00:00.000Z,18.1
MERCN,11.11,2026-10-06T13:39:15.788Z,2115021210.06,2025-09-30T21:00:00.000Z,38,2026-09-20T21:00:00.000Z,14.2
MERIT,14.04,2026-10-06T13:38:44.991Z,4725864000.00,2025-09-30T21:00:00.000Z,18.66,2026-09-20T21:00:00.000Z,14.46
MERKO,0.99,2026-10-06T13:39:59.773Z,841500000.00,2025-09-30T21:00:00.000Z,15.18,2026-09-20T21:00:00.000Z,1.02
METEN,20.7,2026-10-06T13:39:59.848Z,13144500000.00,,,2026-09-20T21:00:00.000Z,17.94
METRO,7.66,2026-10-06T13:39:18.338Z,4136400000.00,2025-09-30T21:00:00.000Z,3.93,2026-09-20T21:00:00.000Z,6.48
METUR,65.45,2025-09-30T15:10:01.083Z,,,,,
MEYSU,8.36,2026-10-06T13:38:59.986Z,7273200000.00,,,2026-09-20T21:00:00.000Z,8.28
MGROS,512,2026-10-06T13:39:59.345Z,92699767296.00,2025-09-30T21:00:00.000Z,460.14,2026-09-20T21:00:00.000Z,538
MHRGY,1.82,2026-10-06T13:38:26.283Z,3386565000.00,2025-09-30T21:00:00.000Z,4.18,2026-09-20T21:00:00.000Z,1.94
MIATK,27.24,2026-10-06T13:40:00.433Z,13456560000.00,2025-09-30T21:00:00.000Z,44.62,2026-09-20T21:00:00.000Z,22.78
MIPAZ,,,,,,,
MMCAS,17,2026-10-06T10:55:06.298Z,226726943.00,2025-09-30T21:00:00.000Z,70,2026-09-20T21:00:00.000Z,25.54
MNDRS,9.34,2026-10-06T13:39:32.780Z,2589912659.84,2025-09-30T21:00:00.000Z,16.05,2026-09-20T21:00:00.000Z,9.95
MNDTR,4.13,2026-10-06T13:35:54.800Z,4332538524.65,2025-09-30T21:00:00.000Z,7.21,2026-09-20T21:00:00.000Z,4.46
MOBTL,10.23,2026-10-06T13:30:17.519Z,10485750000.00,2025-09-30T21:00:00.000Z,7.14,2026-09-20T21:00:00.000Z,9.95
MOGAN,9.38,2026-10-06T13:39:53.228Z,22888213040.00,2025-09-30T21:00:00.000Z,9.9,2026-09-20T21:00:00.000Z,8.39
MOPAS,18.73,2026-10-06T13:39:53.986Z,5113290000.00,2025-09-30T21:00:00.000Z,35.48,2026-09-20T21:00:00.000Z,20.74
MPARK,423.5,2026-10-06T13:39:56.409Z,80893667547.00,2025-09-30T21:00:00.000Z,330.75,2026-09-20T21:00:00.000Z,439.25
MRGYO,1.48,2026-10-06T13:39:19.647Z,3552230880.00,2025-09-30T21:00:00.000Z,2.137325812873258,2026-09-20T21:00:00.000Z,1.56
MRSHL,1304,2026-10-06T13:38:02.782Z,14336350736.00,2025-09-30T21:00:00.000Z,1947,2026-09-20T21:00:00.000Z,1485
MSGYO,5.03,2026-10-06T13:32:37.198Z,2362933633.54,2025-09-30T21:00:00.000Z,5.88,2026-09-20T21:00:00.000Z,5.07
MTRKS,22.62,2026-10-06T13:37:13.080Z,2273310000.00,2025-09-30T21:00:00.000Z,25,2026-09-20T21:00:00.000Z,23.06
MTRYO,7.98,2026-10-06T13:36:16.256Z,335160000.00,2025-09-30T21:00:00.000Z,9.89,2026-09-20T21:00:00.000Z,9
MZHLD,4.23,2026-10-06T13:35:32.552Z,459204570.00,2025-09-30T21:00:00.000Z,7.17,2026-09-20T21:00:00.000Z,4.85
NATEN,4,2026-10-06T13:39:54.872Z,3300000000.00,2025-09-30T21:00:00.000Z,9.32,2026-09-20T21:00:00.000Z,4.34
NETAS,80,2026-10-06T13:39:38.794Z,5189184000.00,2025-09-30T21:00:00.000Z,83.7,2026-09-20T21:00:00.000Z,78
NETCD,88.45,2026-10-06T13:39:56.589Z,12117650000.00,,,2026-09-20T21:00:00.000Z,91
NETGL,13.6,2026-10-06T13:39:59.371Z,4250000000.00,,,2026-09-20T21:00:00.000Z,33.94
NIBAS,2.92,2026-10-06T13:39:32.842Z,946080000.00,2025-09-30T21:00:00.000Z,4.08,2026-09-20T21:00:00.000Z,3.3
NTGAZ,11.13,2026-10-06T13:39:56.284Z,7679700000.00,2025-09-30T21:00:00.000Z,9.36,2026-09-20T21:00:00.000Z,10.6
NTHOL,37.5,2026-10-06T13:39:37.557Z,18750000000.00,2025-09-30T21:00:00.000Z,42.9,2026-09-20T21:00:00.000Z,38.3
NUGYO,7.4,2026-10-06T13:38:39.530Z,2481575200.00,2025-09-30T21:00:00.000Z,10.48,2026-09-20T21:00:00.000Z,7.92
NUHCM,212.6,2026-10-06T13:38:32.247Z,31935411360.00,2025-09-30T21:00:00.000Z,208.86167023554603,2026-09-20T21:00:00.000Z,203.6
OBAMS,4.51,2026-10-06T13:40:00.710Z,12973152798.54,2025-09-30T21:00:00.000Z,7.7,2026-09-20T21:00:00.000Z,4.25
OBASE,26.06,2026-10-06T13:39:55.755Z,1185730000.00,2025-09-30T21:00:00.000Z,37.22,2026-09-20T21:00:00.000Z,29.04
ODAS,5.95,2026-10-06T13:39:59.922Z,8330000000.00,2025-09-30T21:00:00.000Z,5.6,2026-09-20T21:00:00.000Z,6.61
ODINE,131.1,2026-10-06T13:38:17.732Z,14486550000.00,2025-09-30T21:00:00.000Z,155.3,2026-09-20T21:00:00.000Z,416.25
OFSYM,58.25,2026-10-06T13:39:26.655Z,8519062500.00,2025-09-30T21:00:00.000Z,65.2,2026-09-20T21:00:00.000Z,59.227423131818185
ONCSM,101.7,2026-10-06T13:39:45.191Z,2425545000.00,2025-09-30T21:00:00.000Z,116.3,2026-09-20T21:00:00.000Z,104.1
ONRYT,9.7,2026-10-06T13:39:40.212Z,2437804000.00,2025-09-30T21:00:00.000Z,81.8,2026-09-20T21:00:00.000Z,11.35
ORCAY,2.52,2026-10-06T13:39:48.883Z,604800000.00,2025-09-30T21:00:00.000Z,3.55,2026-09-20T21:00:00.000Z,2.61
ORGE,22.8,2026-10-06T13:39:45.774Z,9120000000.00,2025-09-30T21:00:00.000Z,71.4,2026-09-20T21:00:00.000Z,22.42
ORMA,136,2026-10-06T10:55:06.298Z,3699200000.00,2025-09-30T21:00:00.000Z,196,2026-09-20T21:00:00.000Z,119.8
ORZAX,72.6,2026-10-06T13:39:39.352Z,24575100000.00,,,2026-09-20T21:00:00.000Z,75.35
OSMEN,5.42,2026-10-06T13:38:42.108Z,2175648714.84,2025-09-30T21:00:00.000Z,8.62,2026-09-20T21:00:00.000Z,5.5
OSTIM,1.22,2026-10-06T13:37:59.617Z,971730000.00,2025-09-30T21:00:00.000Z,3.49,2026-09-20T21:00:00.000Z,1.39
OTKAR,340.75,2026-10-06T13:39:53.481Z,40890000000.00,2025-09-30T21:00:00.000Z,514.5,2026-09-20T21:00:00.000Z,302
OTTO,124.6,2026-10-06T13:39:21.858Z,951378440.60,2025-09-30T21:00:00.000Z,454.75,2026-09-20T21:00:00.000Z,94.45
OYAKC,20.98,2026-10-06T13:39:33.589Z,101997538327.34,2025-09-30T21:00:00.000Z,20.25,2026-09-20T21:00:00.000Z,20.36
OYAYO,31,2026-10-06T13:39:39.858Z,620000000.00,2025-09-30T21:00:00.000Z,38.46,2026-09-20T21:00:00.000Z,37.3
OYLUM,6.75,2026-10-06T13:13:19.818Z,573750000.00,2025-09-30T21:00:00.000Z,11.41,2026-09-20T21:00:00.000Z,6.36
OYYAT,27.86,2026-10-06T13:38:39.248Z,8358000000.00,2025-09-30T21:00:00.000Z,45.3,2026-09-20T21:00:00.000Z,28.1
OZATD,1030,2026-10-06T13:31:34.019Z,73490500000.00,2025-09-30T21:00:00.000Z,231.2,2026-09-20T21:00:00.000Z,3270
OZGYO,1.7,2026-10-06T13:34:10.345Z,1700000000.00,2025-09-30T21:00:00.000Z,2,2026-09-20T21:00:00.000Z,1.75
OZKGY,12.22,2026-10-06T13:38:51.993Z,17792320000.00,2025-09-30T21:00:00.000Z,13.31,2026-09-20T21:00:00.000Z,12.06
OZRDN,12.29,2026-10-06T13:36:01.185Z,903315000.00,2025-09-30T21:00:00.000Z,9.4,2026-09-20T21:00:00.000Z,23.32
OZSUB,37.14,2026-10-06T13:38:53.359Z,4456800000.00,2025-09-30T21:00:00.000Z,18.98,2026-09-20T21:00:00.000Z,39.34
OZYSR,11.71,2026-10-06T13:36:07.087Z,4954735200.00,2025-09-30T21:00:00.000Z,31.68,2026-09-20T21:00:00.000Z,10.87
PAGYO,118.1,2026-10-06T13:40:00.122Z,10274700000.00,2025-09-30T21:00:00.000Z,95.65,2026-09-20T21:00:00.000Z,124.3
PAHOL,0.96,2026-10-06T13:39:52.011Z,19200000000.00,,,2026-09-20T21:00:00.000Z,1.02
PAMEL,48.84,2026-10-06T13:39:30.573Z,1518695966.04,2025-09-30T21:00:00.000Z,91.2,2026-09-20T21:00:00.000Z,52.9
PAPIL,8.34,2026-10-06T13:39:53.810Z,1720125000.00,2025-09-30T21:00:00.000Z,16.84,2026-09-20T21:00:00.000Z,9.57
PARSN,60.55,2026-10-06T13:34:31.747Z,5255057117.10,2025-09-30T21:00:00.000Z,96.85,2026-09-20T21:00:00.000Z,62.8
PASEU,41.4,2026-10-06T13:36:57.336Z,27820800000.00,2025-09-30T21:00:00.000Z,113,2026-09-20T21:00:00.000Z,49.92
PATEK,14.93,2026-10-06T13:39:59.746Z,10076771069.76,2025-09-30T21:00:00.000Z,32.66,2026-09-20T21:00:00.000Z,16.8
PCILT,30.94,2026-10-06T13:40:00.963Z,3661749000.00,2025-09-30T21:00:00.000Z,24.72,2026-09-20T21:00:00.000Z,29.64
PEHOL,17.81,2025-07-31T15:10:01.156Z,,,,,
PEKGY,2.43,2026-10-06T13:39:21.096Z,12150000000.00,2025-09-30T21:00:00.000Z,8.78,2026-09-20T21:00:00.000Z,7.69
PENGD,6.96,2026-10-06T13:37:14.596Z,1218000000.00,2025-09-30T21:00:00.000Z,9.34,2026-09-20T21:00:00.000Z,7.94
PENTA,10.04,2026-10-06T13:38:27.570Z,3950900640.00,2025-09-30T21:00:00.000Z,15.92,2026-09-20T21:00:00.000Z,10.75
PETKM,20,2026-10-06T13:39:54.996Z,50688000000.00,2025-09-30T21:00:00.000Z,18.38,2026-09-20T21:00:00.000Z,21.3
PETUN,10.15,2026-10-06T13:38:57.254Z,3078951750.00,2025-09-30T21:00:00.000Z,13.19,2026-09-20T21:00:00.000Z,10.31
PGSUS,141.4,2026-10-06T13:39:59.690Z,70700000000.00,2025-09-30T21:00:00.000Z,220.3,2026-09-20T21:00:00.000Z,151.2
PINSU,8.86,2026-10-06T13:38:11.541Z,2518792787.50,2025-09-30T21:00:00.000Z,11.69,2026-09-20T21:00:00.000Z,8.98
PKART,94,2026-10-06T13:39:36.015Z,2138500000.00,2025-09-30T21:00:00.000Z,82.5,2026-09-20T21:00:00.000Z,89.9
PKENT,99.6,2026-10-06T13:39:58.006Z,2478366720.00,2025-09-30T21:00:00.000Z,229.4,2026-09-20T21:00:00.000Z,102.1
PLTUR,15.48,2026-10-06T13:39:42.503Z,3788730000.00,2025-09-30T21:00:00.000Z,24.92,2026-09-20T21:00:00.000Z,16.71
PNLSN,33.96,2026-10-06T13:36:35.418Z,2547000000.00,2025-09-30T21:00:00.000Z,42.3,2026-09-20T21:00:00.000Z,34.54
PNSUT,10.39,2026-10-06T13:39:35.813Z,3269289949.62,2025-09-30T21:00:00.000Z,13.53,2026-09-20T21:00:00.000Z,10.24
POLHO,18.54,2026-10-06T13:37:16.481Z,14062590000.00,2025-09-30T21:00:00.000Z,22.52,2026-09-20T21:00:00.000Z,17.67
POLTK,3000,2026-10-06T13:39:46.331Z,11250000000.00,2025-09-30T21:00:00.000Z,7965,2026-09-20T21:00:00.000Z,3315
PRDGS,4.11,2026-10-06T13:39:29.487Z,805560000.00,2025-09-30T21:00:00.000Z,6.55,2026-09-20T21:00:00.000Z,4.37
PRKAB,24.56,2026-10-06T13:38:16.930Z,5322978493.12,2025-09-30T21:00:00.000Z,33.54,2026-09-20T21:00:00.000Z,27.42
PRKME,15.74,2026-10-06T13:39:56.816Z,2343170404.82,2025-09-30T21:00:00.000Z,18.98,2026-09-20T21:00:00.000Z,15.98
PRZMA,14.44,2026-10-06T13:37:31.401Z,1118372094.04,2025-09-30T21:00:00.000Z,16.02,2026-09-20T21:00:00.000Z,45.9
PSDTC,93.5,2026-10-06T13:39:54.062Z,694237500.00,2025-09-30T21:00:00.000Z,147.62,2026-09-20T21:00:00.000Z,92.45
PSGYO,1.7,2026-10-06T13:39:53.507Z,11731440369.20,2025-09-30T21:00:00.000Z,3.23,2026-09-20T21:00:00.000Z,2.03
QNBFB,,,,,,,
QNBFK,40.2,2026-10-06T10:55:06.298Z,100500000000.00,2025-09-30T21:00:00.000Z,44.175490196078435,2026-09-20T21:00:00.000Z,36
QNBFL,,,,,,,
QNBTR,168.8,2026-10-06T10:55:06.298Z,928400000000.00,2025-09-30T21:00:00.000Z,251.25,2026-09-20T21:00:00.000Z,164.4
QUAGR,2,2026-10-06T13:38:59.136Z,5280000000.00,2025-09-30T21:00:00.000Z,9.93,2026-09-20T21:00:00.000Z,2.38
QUICK,48.32,2026-10-06T13:40:00.252Z,23271537744.00,,,2026-09-20T21:00:00.000Z,50.6
RALYH,56.1,2026-10-06T13:38:00.251Z,18681300000.00,2025-09-30T21:00:00.000Z,160.6,2026-09-20T21:00:00.000Z,178.2
RAYSG,128.7,2026-10-06T13:39:31.274Z,20987090467.20,2025-09-30T21:00:00.000Z,243.5,2026-09-20T21:00:00.000Z,132.5
REEDR,3.57,2026-10-06T13:39:43.978Z,3391500000.00,2025-09-30T21:00:00.000Z,11.48,2026-09-20T21:00:00.000Z,4.28
RGYAS,195.6,2026-10-06T13:39:59.793Z,64743600000.00,2025-09-30T21:00:00.000Z,147.3,2026-09-20T21:00:00.000Z,190.4
RNPOL,1.8,2026-10-06T13:34:30.426Z,1080000000.00,2025-09-30T21:00:00.000Z,1.9500000000000002,2026-09-20T21:00:00.000Z,2.13
RODRG,15.3,2026-10-06T13:38:49.272Z,433602000.00,2025-09-30T21:00:00.000Z,25.58,2026-09-20T21:00:00.000Z,19.4
ROYAL,6.8,2026-04-17T15:10:01.823Z,408000000.00,,,,
RTALB,2.24,2026-10-06T13:39:59.241Z,1120000000.00,2025-09-30T21:00:00.000Z,3.85,2026-09-20T21:00:00.000Z,2.16
RUBNS,15.47,2026-10-06T13:37:25.624Z,1267766500.00,2025-09-30T21:00:00.000Z,21.36,2026-09-20T21:00:00.000Z,22.66
RUZYE,4.85,2026-10-06T13:39:50.450Z,1333750000.00,2025-09-30T21:00:00.000Z,12.36,2026-09-20T21:00:00.000Z,5.56
RYGYO,51.45,2026-10-06T13:39:40.162Z,102900000000.00,2025-09-30T21:00:00.000Z,21.94,2026-09-20T21:00:00.000Z,48
RYSAS,25.46,2026-10-06T13:39:33.507Z,50920000000.00,2025-09-30T21:00:00.000Z,15.19,2026-09-20T21:00:00.000Z,24
SAFKR,14.34,2026-10-06T13:39:49.640Z,2868000000.00,2025-09-30T21:00:00.000Z,19.03,2026-09-20T21:00:00.000Z,11.18
SAHOL,89.1,2026-10-06T13:39:57.193Z,187143498837.90,2025-09-30T21:00:00.000Z,87.00225163310962,2026-09-20T21:00:00.000Z,90.55
SAMAT,3.95,2026-10-06T13:33:21.024Z,443980000.00,2025-09-30T21:00:00.000Z,6.84,2026-09-20T21:00:00.000Z,4.15
SANEL,32.5,2026-10-06T13:38:28.169Z,593298322.50,2025-09-30T21:00:00.000Z,31.9,2026-09-20T21:00:00.000Z,41.02
SANFM,4.2,2026-10-06T13:39:37.682Z,1575000000.00,2025-09-30T21:00:00.000Z,8.46,2026-09-20T21:00:00.000Z,6
SANKO,22.28,2026-10-06T13:39:25.446Z,3342000000.00,2025-09-30T21:00:00.000Z,23.94,2026-09-20T21:00:00.000Z,18.05
SARAE,39.1,2026-10-06T13:39:58.030Z,17379950000.00,,,2026-09-20T21:00:00.000Z,51.55
SARKY,21.2,2026-10-06T13:38:31.207Z,21200000000.00,2025-09-30T21:00:00.000Z,15.05,2026-09-20T21:00:00.000Z,22.18
SASA,1.9,2026-10-06T13:40:00.709Z,99753669177.40,2025-09-30T21:00:00.000Z,3.52,2026-09-20T21:00:00.000Z,2.31
SAYAS,41.14,2026-10-06T13:39:40.162Z,3178065000.00,2025-09-30T21:00:00.000Z,54.4,2026-09-20T21:00:00.000Z,46.04
SDTTR,16.32,2026-10-06T13:39:46.172Z,10412160000.00,2025-09-30T21:00:00.000Z,208.6,2026-09-20T21:00:00.000Z,17.45
SEGMN,21.78,2026-10-06T13:20:24.397Z,3898620000.00,2025-09-30T21:00:00.000Z,23.12,2026-09-20T21:00:00.000Z,31.4
SEGYO,2.81,2026-10-06T13:35:57.848Z,2286090345.23,2025-09-30T21:00:00.000Z,4.52,2026-09-20T21:00:00.000Z,2.68
SEKFK,4.29,2026-10-06T13:38:56.444Z,858000000.00,2025-09-30T21:00:00.000Z,8.6,2026-09-20T21:00:00.000Z,3.88
SEKUR,4.02,2026-10-06T13:39:57.289Z,754318391.82,2025-09-30T21:00:00.000Z,4.61,2026-09-20T21:00:00.000Z,5.97
SELEC,77.95,2026-10-06T13:40:00.888Z,48406950000.00,2025-09-30T21:00:00.000Z,79.65,2026-09-20T21:00:00.000Z,191.7
SELGD,74.6,2025-09-30T15:10:01.628Z,,,,,
SELVA,1.18,2026-10-06T13:39:53.986Z,1242540000.00,2025-09-30T21:00:00.000Z,2.25,2026-09-20T21:00:00.000Z,1.23
SERNT,5.01,2026-10-06T13:38:21.133Z,2069130000.00,2025-09-30T21:00:00.000Z,10.72,2026-09-20T21:00:00.000Z,6
SEYKM,3.01,2026-10-06T13:39:57.499Z,602000000.00,2025-09-30T21:00:00.000Z,7.14,2026-09-20T21:00:00.000Z,3.2
SILVR,1.68,2026-10-06T13:33:51.784Z,588000000.00,2025-09-30T21:00:00.000Z,2.88,2026-09-20T21:00:00.000Z,1.85
SISE,38.14,2026-10-06T13:39:53.108Z,116830984095.84,2025-09-30T21:00:00.000Z,37.48,2026-09-20T21:00:00.000Z,40.36
SKBNK,5.07,2026-10-06T13:39:05.965Z,12675000000.00,2025-09-30T21:00:00.000Z,6.91,2026-09-20T21:00:00.000Z,5.91
SKTAS,2.54,2026-10-06T13:37:41.904Z,1270000000.00,2025-09-30T21:00:00.000Z,4.67,2026-09-20T21:00:00.000Z,2.7
SKYLP,59.25,2026-10-06T13:38:40.189Z,562875000.00,2025-09-30T21:00:00.000Z,128.7,2026-09-20T21:00:00.000Z,103.7
SKYMD,13.81,2026-10-06T13:39:56.158Z,2140550000.00,2025-09-30T21:00:00.000Z,14.79,2026-09-20T21:00:00.000Z,14.12
SMART,16.26,2026-10-06T13:39:53.862Z,518084250.00,2025-09-30T21:00:00.000Z,25.32,2026-09-20T21:00:00.000Z,18.17
SMRTG,5.03,2026-10-06T13:39:45.323Z,9142729200.00,2025-09-30T21:00:00.000Z,9.43,2026-09-20T21:00:00.000Z,5.43
SMRVA,6.83,2026-10-06T13:39:51.626Z,4098000000.00,2025-09-30T21:00:00.000Z,304.75,2026-09-20T21:00:00.000Z,7.64
SNGYO,2.81,2026-10-06T13:37:28.198Z,11240000000.00,2025-09-30T21:00:00.000Z,4.68,2026-09-20T21:00:00.000Z,2.69
SNICA,2.28,2026-10-06T13:37:49.599Z,1368000000.00,2025-09-30T21:00:00.000Z,4.96,2026-09-20T21:00:00.000Z,2.58
SNKRN,344.75,2026-01-30T15:10:01.772Z,,,,,
SNPAM,18.44,2026-10-06T10:55:06.306Z,7191600000.00,2025-09-30T21:00:00.000Z,22.72,2026-09-20T21:00:00.000Z,18.34
SODSN,6.38,2026-10-06T10:55:06.305Z,765600000.00,2025-09-30T21:00:00.000Z,13.13,2026-09-20T21:00:00.000Z,6.18
SOHOE,7.64,2026-10-06T13:39:48.411Z,2343648974.68,,,2026-09-20T21:00:00.000Z,8.55
SOKE,7.12,2026-10-06T13:39:21.906Z,2751880000.00,2025-09-30T21:00:00.000Z,12.3,2026-09-20T21:00:00.000Z,8.06
SOKM,56.5,2026-10-06T13:39:35.462Z,33520885452.00,2025-09-30T21:00:00.000Z,37.3,2026-09-20T21:00:00.000Z,58.6
SONME,123.5,2026-10-06T13:25:03.079Z,9139000000.00,2025-09-30T21:00:00.000Z,128.6,2026-09-20T21:00:00.000Z,126.6
SRVGY,2.26,2026-10-06T13:39:54.113Z,7345000000.00,2025-09-30T21:00:00.000Z,3.31,2026-09-20T21:00:00.000Z,2.1
SSAAT,27.06,2026-10-06T13:39:34.839Z,17870126096.46,,,2026-09-20T21:00:00.000Z,27.88
SUMAS,204.9,2026-10-06T10:55:06.305Z,1275379560.00,2025-09-30T21:00:00.000Z,306,2026-09-20T21:00:00.000Z,210.6
SUNTK,25.46,2026-10-06T13:35:53.256Z,12083316000.00,2025-09-30T21:00:00.000Z,46.37,2026-09-20T21:00:00.000Z,27.2
SURGY,19.96,2026-10-06T13:39:53.336Z,3343300000.00,2025-09-30T21:00:00.000Z,45.4,2026-09-20T21:00:00.000Z,23.86
SUWEN,5.08,2026-10-06T13:39:29.532Z,2844800000.00,2025-09-30T21:00:00.000Z,11.07,2026-09-20T21:00:00.000Z,5.37
SVGYO,3.24,2026-10-06T13:39:49.084Z,3508920000.00,,,2026-09-20T21:00:00.000Z,10.21
TABGD,222.6,2026-10-06T13:39:04.361Z,58163599200.00,2025-09-30T21:00:00.000Z,234,2026-09-20T21:00:00.000Z,226.4
TARKM,377.25,2026-10-06T13:39:45.947Z,7922250000.00,2025-09-30T21:00:00.000Z,427,2026-09-20T21:00:00.000Z,417
TATEN,4.8,2026-10-06T13:39:53.537Z,5385600000.00,2025-09-30T21:00:00.000Z,20.94,2026-09-20T21:00:00.000Z,4.91
TATGD,16.64,2026-10-06T13:39:36.974Z,4073472000.00,2025-09-30T21:00:00.000Z,13.19,2026-09-20T21:00:00.000Z,16.4
TAVHL,278.5,2026-10-06T13:39:48.681Z,101173828125.00,2025-09-30T21:00:00.000Z,241.9,2026-09-20T21:00:00.000Z,277.4450102
TBORG,124.8,2026-10-06T13:38:57.630Z,40249029974.40,2025-09-30T21:00:00.000Z,178.7,2026-09-20T21:00:00.000Z,130.5
TCELL,101.7,2026-10-06T13:39:59.679Z,223740000000.00,2025-09-30T21:00:00.000Z,97.67,2026-09-20T21:00:00.000Z,99.9
TCKRC,126.4,2026-10-06T13:39:54.309Z,21488000000.00,2025-09-30T21:00:00.000Z,50.15,2026-09-20T21:00:00.000Z,112.7
TDGYO,6.95,2026-10-06T13:39:52.806Z,479550000.00,2025-09-30T21:00:00.000Z,20,2026-09-20T21:00:00.000Z,13.45
TEHOL,9.89,2026-10-06T13:30:40.572Z,19738857600.00,2025-09-30T21:00:00.000Z,20.46,2026-09-20T21:00:00.000Z,31.4
TEKTU,4.42,2026-10-06T13:39:38.586Z,1326000000.00,2025-09-30T21:00:00.000Z,23.4,2026-09-20T21:00:00.000Z,5.33
TERA,51.45,2026-10-06T10:55:06.305Z,36015000000.00,2025-09-30T21:00:00.000Z,150.64,2026-09-20T21:00:00.000Z,147.1
TETMT,,,,,,,
TEZOL,7.48,2026-10-06T13:39:22.229Z,3740000000.00,2025-09-30T21:00:00.000Z,14.83,2026-09-20T21:00:00.000Z,7.82
TGSAS,137,2026-10-06T13:39:02.051Z,2055000000.00,2025-09-30T21:00:00.000Z,182.5,2026-09-20T21:00:00.000Z,130
THYAO,292.5,2026-10-06T13:39:58.331Z,403650000000.00,2025-09-30T21:00:00.000Z,315.75,2026-09-20T21:00:00.000Z,293.5
TKFEN,258.5,2026-10-06T13:39:50.646Z,95645000000.00,2025-09-30T21:00:00.000Z,81.12,2026-09-20T21:00:00.000Z,239.3
TKNKA,56.7,2026-10-06T13:39:57.173Z,7087500000.00,,,2026-09-20T21:00:00.000Z,102.9
TKNSA,14.22,2026-10-06T13:39:48.561Z,2858220000.00,2025-09-30T21:00:00.000Z,25.76,2026-09-20T21:00:00.000Z,14.85
TLMAN,63.95,2026-10-06T13:39:47.054Z,1342950000.00,2025-09-30T21:00:00.000Z,100.5,2026-09-20T21:00:00.000Z,67
TMPOL,71.65,2026-10-06T13:39:58.782Z,1015638750.00,2025-09-30T21:00:00.000Z,180.1,2026-09-20T21:00:00.000Z,189.3
TMSN,58.05,2026-10-06T13:39:54.716Z,6675750000.00,2025-09-30T21:00:00.000Z,114,2026-09-20T21:00:00.000Z,63.95
TNZTP,25.46,2026-10-06T13:38:29.069Z,10184000000.00,2025-09-30T21:00:00.000Z,22.8,2026-09-20T21:00:00.000Z,28.82
TOASO,269.75,2026-10-06T13:39:56.220Z,134875000000.00,2025-09-30T21:00:00.000Z,251.1913779210314,2026-09-20T21:00:00.000Z,290
TRALT,43.36,2026-10-06T13:40:00.385Z,138860400000.00,2025-09-30T21:00:00.000Z,25.48,2026-09-20T21:00:00.000Z,51.15
TRCAS,44.36,2026-10-06T13:39:53.336Z,11338416000.00,2025-09-30T21:00:00.000Z,37.1,2026-09-20T21:00:00.000Z,47.9
TRENJ,96.35,2026-10-06T13:39:54.062Z,25030338802.35,2025-09-30T21:00:00.000Z,73,2026-09-20T21:00:00.000Z,105.5
TRGYO,92.1,2026-10-06T13:39:47.457Z,92100000000.00,2025-09-30T21:00:00.000Z,76.85,2026-09-20T21:00:00.000Z,92.9
TRHOL,930,2026-10-06T13:16:54.760Z,27900000000.00,2025-09-30T21:00:00.000Z,207.3,2026-09-20T21:00:00.000Z,2955
TRILC,0.86,2026-10-06T10:55:06.305Z,891820000.00,2025-09-30T21:00:00.000Z,22.68,2026-09-20T21:00:00.000Z,0.96
TRMET,129.4,2026-10-06T13:39:39.022Z,50217552000.00,2025-09-30T21:00:00.000Z,87.35,2026-09-20T21:00:00.000Z,129.7
TSGYO,4.94,2026-10-06T13:37:39.513Z,3211000000.00,2025-09-30T21:00:00.000Z,8.02,2026-09-20T21:00:00.000Z,5.12
TSKB,10,2026-10-06T13:39:36.216Z,28000000000.00,2025-09-30T21:00:00.000Z,13.18495168044597,2026-09-20T21:00:00.000Z,10.85
TSPOR,0.83,2026-10-06T13:39:58.931Z,6225000000.00,2025-09-30T21:00:00.000Z,1.23,2026-09-20T21:00:00.000Z,0.88
TTKOM,53.4,2026-10-06T13:40:00.616Z,186900000000.00,2025-09-30T21:00:00.000Z,52.5,2026-09-20T21:00:00.000Z,53.4
TTRAK,402.75,2026-10-06T13:39:18.968Z,40301933906.25,2025-09-30T21:00:00.000Z,578.5,2026-09-20T21:00:00.000Z,406
TUCLK,3.65,2026-10-06T13:39:07.126Z,1314000000.00,2025-09-30T21:00:00.000Z,5.46,2026-09-20T21:00:00.000Z,3.66
TUKAS,1.97,2026-10-06T13:39:33.179Z,8865000000.00,2025-09-30T21:00:00.000Z,2.74,2026-09-20T21:00:00.000Z,2.02
TUPRS,381.25,2026-10-06T13:40:00.442Z,734590821737.50,2025-09-30T21:00:00.000Z,183.95633301593926,2026-09-20T21:00:00.000Z,414.75
TUREX,5.78,2026-10-06T13:39:24.251Z,6242400000.00,2025-09-30T21:00:00.000Z,8.63,2026-09-20T21:00:00.000Z,4.95
TURGG,24.84,2026-10-06T13:39:56.772Z,3183805521.00,2025-09-30T21:00:00.000Z,30.88,2026-09-20T21:00:00.000Z,24.94
TURSG,5.31,2026-10-06T13:39:57.931Z,106200000000.00,2025-09-30T21:00:00.000Z,9.27,2026-09-20T21:00:00.000Z,6.18
UCAYM,15.24,2026-10-06T13:39:50.882Z,3429000000.00,,,2026-09-20T21:00:00.000Z,17.6
UFUK,288,2026-10-06T13:37:29.435Z,13491901728.00,2025-09-30T21:00:00.000Z,1034,2026-09-20T21:00:00.000Z,915.5
ULAS,15.97,2026-10-06T13:39:28.951Z,405353334.75,2025-09-30T21:00:00.000Z,28.38,2026-09-20T21:00:00.000Z,17.31
ULKER,86.3,2026-10-06T13:39:51.601Z,31868506286.50,2025-09-30T21:00:00.000Z,108.7,2026-09-20T21:00:00.000Z,87.2
ULUFA,1.46,2026-10-06T13:36:12.836Z,1576800000.00,2025-09-30T21:00:00.000Z,3.625809671193416,2026-09-20T21:00:00.000Z,1.5
ULUSE,151.7,2026-10-06T13:39:51.626Z,12136000000.00,2025-09-30T21:00:00.000Z,194.9,2026-09-20T21:00:00.000Z,187.5
ULUUN,6.61,2026-10-06T13:39:25.634Z,4957500000.00,2025-09-30T21:00:00.000Z,7.91,2026-09-20T21:00:00.000Z,6.87
UMPAS,9.3,2026-10-06T04:30:01.899Z,390600000.00,,,,
UNLU,11.09,2026-10-06T13:36:20.954Z,1948956600.00,2025-09-30T21:00:00.000Z,15.77,2026-09-20T21:00:00.000Z,12.74
USAK,0.43,2026-10-06T10:55:06.305Z,1053500000.00,2025-09-30T21:00:00.000Z,2.2929310344827587,2026-09-20T21:00:00.000Z,1
USHOL,55.15,2026-10-06T13:39:47.230Z,1157598500.00,,,2026-09-20T21:00:00.000Z,66.2
UZERB,,,,,,,
VAKBN,33.9,2026-10-06T13:39:54.488Z,336149739595.80,2025-09-30T21:00:00.000Z,26.98,2026-09-20T21:00:00.000Z,34.36
VAKFA,8.99,2026-10-06T13:39:38.058Z,8091000000.00,,,2026-09-20T21:00:00.000Z,10.09
VAKFN,0.95,2026-10-06T13:39:54.684Z,5700000000.00,2025-09-30T21:00:00.000Z,1.9,2026-09-20T21:00:00.000Z,1.03
VAKKO,60.05,2026-10-06T13:39:49.231Z,9608000000.00,2025-09-30T21:00:00.000Z,59,2026-09-20T21:00:00.000Z,63
VANGD,69.4,2026-10-06T13:34:52.211Z,1735000000.00,2025-09-30T21:00:00.000Z,48.34,2026-09-20T21:00:00.000Z,61.65
VBTYZ,24.32,2026-10-06T13:39:49.035Z,2845440000.00,2025-09-30T21:00:00.000Z,19.25,2026-09-20T21:00:00.000Z,27.72
VERTU,26.84,2026-10-06T13:37:23.509Z,1395680000.00,2025-09-30T21:00:00.000Z,40.78,2026-09-20T21:00:00.000Z,27.92
VERUS,515,2026-10-06T13:38:49.675Z,36050000000.00,2025-09-30T21:00:00.000Z,330.5,2026-09-20T21:00:00.000Z,470
VESBE,4.09,2026-10-06T13:39:46.804Z,6544000000.00,2025-09-30T21:00:00.000Z,11.41,2026-09-20T21:00:00.000Z,5.01
VESTL,18.06,2026-10-06T13:39:32.325Z,6058340326.50,2025-09-30T21:00:00.000Z,36.68,2026-09-20T21:00:00.000Z,22.3
VEYAS,81.9,2026-10-06T13:39:47.004Z,46425401813.70,,,2026-09-20T21:00:00.000Z,85
VKFYO,18.59,2026-10-06T13:37:31.732Z,557700000.00,2025-09-30T21:00:00.000Z,23.36,2026-09-20T21:00:00.000Z,18.52
VKGYO,1.67,2026-10-06T13:36:32.327Z,7348000000.00,2025-09-30T21:00:00.000Z,2.47,2026-09-20T21:00:00.000Z,1.76
VKING,15.95,2026-10-06T13:38:38.915Z,669900000.00,2025-09-30T21:00:00.000Z,29,2026-09-20T21:00:00.000Z,17.43
VRGYO,1.38,2026-10-06T13:39:55.044Z,1131600000.00,2025-09-30T21:00:00.000Z,3.3,2026-09-20T21:00:00.000Z,1.31
VSNMD,27.7,2026-10-06T13:37:54.178Z,5023395000.00,2025-09-30T21:00:00.000Z,159.11,2026-09-20T21:00:00.000Z,32.38
YAPRK,9.2,2026-10-06T13:40:00.669Z,2743440000.00,2025-09-30T21:00:00.000Z,13.976190476190476,2026-09-20T21:00:00.000Z,9.3
YATAS,26.68,2026-10-06T13:39:56.350Z,3996635505.76,2025-09-30T21:00:00.000Z,34.94,2026-09-20T21:00:00.000Z,26.52
YAYLA,13.99,2026-10-06T13:34:57.772Z,697751250.00,2025-09-30T21:00:00.000Z,40.9,2026-09-20T21:00:00.000Z,16.83
YBTAS,11.51,2026-10-06T10:55:06.305Z,3453000000.00,2025-09-30T21:00:00.000Z,26.4,2026-09-20T21:00:00.000Z,11.2
YEOTK,27.5,2026-10-06T13:39:58.559Z,22825000000.00,2025-09-30T21:00:00.000Z,37.78,2026-09-20T21:00:00.000Z,29.52
YESIL,0.91,2026-10-06T13:39:16.202Z,586950000.00,2025-09-30T21:00:00.000Z,2.4,2026-09-20T21:00:00.000Z,0.98
YGGYO,211.2,2026-10-06T13:39:32.550Z,51093504000.00,2025-09-30T21:00:00.000Z,134.6865586490187,2026-09-20T21:00:00.000Z,215.2
YGYO,1.8,2026-03-18T15:10:01.900Z,2368952125.20,2025-09-30T21:00:00.000Z,2,,
YIGIT,16.77,2026-10-06T13:39:51.597Z,5039385000.00,2025-09-30T21:00:00.000Z,26.88,2026-09-20T21:00:00.000Z,18.38
YKBNK,36.36,2026-10-06T13:39:48.913Z,307134784686.24,2025-09-30T21:00:00.000Z,35.34,2026-09-20T21:00:00.000Z,36.58
YKSLN,2.5,2026-10-06T13:39:46.727Z,1250000000.00,2025-09-30T21:00:00.000Z,3.45,2026-09-20T21:00:00.000Z,3.35
YONGA,35.9,2026-10-06T10:55:06.305Z,603120000.00,2025-09-30T21:00:00.000Z,66.5,2026-09-20T21:00:00.000Z,34.2
YUNSA,6.45,2026-10-06T13:39:49.918Z,3096000000.00,2025-09-30T21:00:00.000Z,7.32,2026-09-20T21:00:00.000Z,6.49
YYAPI,0.6,2026-10-06T10:55:06.305Z,1023015334.80,2025-09-30T21:00:00.000Z,1.91,2026-09-20T21:00:00.000Z,0.65
YYLGD,7.51,2026-10-06T13:39:40.394Z,8163219800.00,2025-09-30T21:00:00.000Z,10.66,2026-09-20T21:00:00.000Z,8.5
ZEDUR,5.6,2026-10-06T13:40:00.267Z,978600000.00,2025-09-30T21:00:00.000Z,8.92,2026-09-20T21:00:00.000Z,6.18
ZERGY,8.33,2026-10-06T13:39:50.065Z,5214580000.00,,,2026-09-20T21:00:00.000Z,8
ZGYO,17.55,2026-10-06T13:39:57.454Z,3694138548.75,,,2026-09-20T21:00:00.000Z,14.88
ZOREN,1.89,2026-10-06T13:39:52.152Z,9450000000.00,2025-09-30T21:00:00.000Z,3.6,2026-09-20T21:00:00.000Z,2.23
ZRGYO,19.06,2026-10-06T13:38:52.741Z,89460397200.00,2025-09-30T21:00:00.000Z,22.9,2026-09-20T21:00:00.000Z,19.5
