kod,zaman_utc,onceki,acilis,kapanis
A1YEN,2026-05-05T21:00:00.000Z,42.48,3.897666669914722,3.690500003075416
AKFIS,2026-08-16T21:00:00.000Z,88.85,14.5,15.174999999999999
AKFYE,2026-09-15T21:00:00.000Z,23,3.8833333333333333,3.6166666666666663
AYES,2026-09-27T21:00:00.000Z,25.6,7.200000072,7.200000072
BIMAS,2026-05-10T21:00:00.000Z,790,395.5,387.25
BLCYT,2026-08-30T21:00:00.000Z,22.64,2.266,2.174
BMSTL,2026-06-28T21:00:00.000Z,94.9,47.25,47.175
CEMZY,2026-04-26T21:00:00.000Z,78.65,13.807826171004157,14.052521824667522
CVKMD,2026-08-02T21:00:00.000Z,37.82,14.695526695526697,14.417085137085138
DERHL,2026-08-04T21:00:00.000Z,10.38,2.07018142387916,2.074170212749833
DNISI,2026-08-16T21:00:00.000Z,19.28,4.448360372817727,4.411520949440354
ENTRA,2026-05-24T21:00:00.000Z,10.19,4.73947135619119,4.8278422646972095
ETYAT,2026-04-19T21:00:00.000Z,22.3,7.613333333333333,7.579999999999999
EUKYO,2026-04-19T21:00:00.000Z,22,7.18,7.046666666666667
EUYO,2026-04-19T21:00:00.000Z,19,6.22,6.41
FRIGO,2026-05-10T21:00:00.000Z,9.36,3.2397157024866616,3.333169040058393
GOODY,2026-06-28T21:00:00.000Z,17.91,3.181381595691482,3.0712500161644734
HEDEF,2026-05-31T21:00:00.000Z,142.6,90.97461035087022,96.1731595137771
HRKET,2026-09-15T21:00:00.000Z,80,5.796428571428572,5.928571428571428
IHLAS,2026-06-07T21:00:00.000Z,1.92,1.4728947368421053,1.45
INFO,2026-09-13T21:00:00.000Z,4.88,2.405,2.2
ISGSY,2026-06-29T21:00:00.000Z,120.8,20.70088818887266,21.075103094505526
KLRHO,2026-09-27T21:00:00.000Z,25.04,12.522222222222222,12.522222222222222
KORDS,2026-09-08T21:00:00.000Z,79.8,4.242325841773636,4.208113536598042
KRTEK,2026-07-28T21:00:00.000Z,21.22,6.131589958158995,5.986976987447698
KTLEV,2026-07-28T21:00:00.000Z,157.3,46.98900016781786,46.13142873618367
LIDFA,2026-09-13T21:00:00.000Z,2.55,1.6760952523612158,1.6299036509181903
MEGMT,2026-09-15T21:00:00.000Z,41.96,4.36875,3.935416666666667
MERKO,2026-05-03T21:00:00.000Z,15.46,2.1467123053639607,2.0925366004967314
MHRGY,2026-09-06T21:00:00.000Z,3.22,2.1533333333333333,2.1999999999999997
NUHCM,2026-03-16T21:00:00.000Z,327.75,293.7457627118644,272.5
ONRYT,2026-09-08T21:00:00.000Z,60.8,15.15,15.125
ORGE,2026-08-16T21:00:00.000Z,110.7,23.019999999999996,22.799999999999997
OSTIM,2026-06-21T21:00:00.000Z,2.7,2.014814814814815,1.9925925925925925
OZYSR,2026-04-19T21:00:00.000Z,48.96,12.195121951219512,11.809756097560976
SDTTR,2026-08-23T21:00:00.000Z,263,24.06818181818182,24.636363636363637
SEKFK,2026-07-19T21:00:00.000Z,9.95,5.478033367037412,5.4505055611729025
SMRVA,2026-04-26T21:00:00.000Z,88.25,17.355833547388617,16.126666865562225
TRILC,2026-04-21T21:00:00.000Z,18.54,2.9209157382903186,2.9802078312684346
TURSG,2026-06-09T21:00:00.000Z,12.55,6.28,6.28
ULUFA,2026-06-07T21:00:00.000Z,3.9,1.94,1.925
VAKFN,2026-07-19T21:00:00.000Z,1.55,1.2999999999999998,1.3083333333333333
VKGYO,2026-08-04T21:00:00.000Z,2.53,1.983750029305398,1.9915909385121389
VSNMD,2026-08-09T21:00:00.000Z,77.8,50.354838709677416,49.67741935483871
YEOTK,2026-07-27T21:00:00.000Z,107.9,45.294579650261696,41.83012171667227
